:020000040800F2
:100000000000012001340008513400085134000878
:100010005134000851340008513400080000000039
:100020000000000000000000000000005134000843
:10003000513400080000000051340008FD3600086B
:100040005134000800000000513400085134000809
:100050005134000851340008000000000000000086
:1000600051340008513400085134000800000000E9
:1000700000000000513400080000000000000000F3
:10008000513400085134000851340008513400083C
:10009000513400085134000851340008513400082C
:1000A000513400085134000851340008513400081C
:1000B000513400085134000851340008513400080C
:1000C00051340008513400085134000851340008FC
:1000D00051340008513400085134000851340008EC
:1000E00051340008513400085134000851340008DC
:1000F00051340008513400085134000851340008CC
:1001000051340008513400085134000851340008BB
:1001100051340008513400085134000851340008AB
:10012000513400085134000851340008513400089B
:10013000513400085134000851340008513400088B
:10014000513400085134000851340008513400087B
:10015000513400085134000851340008513400086B
:10016000513400085134000851340008513400085B
:10017000513400085134000851340008513400084B
:10018000513400085134000851340008513400083B
:10019000513400085134000851340008513400082B
:1001A000513400085134000851340008513400081B
:1001B000513400085134000851340008513400080B
:1001C0000000000000000000513400085134000815
:1001D00051340008513400085134000851340008EB
:1001E00051340008513400085134000851340008DB
:1001F00051340008513400080000000000000000E5
:1002000051340008513400085134000851340008BA
:1002100051340008513400085134000851340008AA
:10022000513400085134000851340008513400089A
:10023000513400085134000851340008513400088A
:10024000513400085134000851340008513400087A
:10025000513400085134000851340008513400086A
:10026000513400085134000851340008513400085A
:10027000513400085134000851340008513400084A
:10028000513400085134000851340008513400083A
:1002900051340008000000000000000000000000D1
:1002A000513400085134000851340008513400081A
:1002B00053B94AB9002908BF00281CBF4FF0FF31CD
:1002C0004FF0FF3000F00CB8ADF1080C6DE904CE32
:1002D00009F038FCDDF804E0DDE9022304B07047E2
:1002E000704700BF00000000000000000000000098
:1002F00001F0FF01102A2BDB10F0070F08D010F8D7
:10030000013B013A8B422DD010F0070F42B3F6D1DA
:10031000F0B441EA012141EA014122F007047FF0F3
:1003200000070023F0E80256083C85EA010586EA4A
:10033000010685FA47F5A3FA87F586FA47F6A5FA86
:1003400087F68EB9EED1F0BC01F0FF0102F0070292
:1003500032B110F8013B013A83EA010313B1F8D13D
:100360000020704701387047002D06BF354603381E
:10037000073815F0010F07D1013015F4807F02BF57
:10038000013015F4C03F0130F0BC0138704700BFA8
:100390000348044B834202D0034B03B11847704714
:1003A000C0010024C0010024000000000548064BE5
:1003B0001B1AD90F01EBA301491002D0034B03B163
:1003C00018477047C0010024C0010024000000004D
:1003D00010B5064C237843B9FFF7DAFF044B13B18D
:1003E0000448AFF300800123237010BDC001002436
:1003F0000000000094AD000808B5054B1BB105498D
:100400000548AFF30080BDE80840FFF7CFBF00BF4D
:1004100000000000C401002494AD000880B588B03D
:1004200000AF07F10C0300221A605A609A60DA608C
:100430001A612A4BD3F84831284A43F48023C2F882
:100440004831264BD3F84831BB60BB68234BD3F807
:100450004031224A43F00803C2F840311F4BD3F821
:1004600040317B607B684FF44073FB6002233B614B
:1004700000237B610023BB610723FB6107F10C03B1
:100480001946174803F066FC164B174A1A60154BBD
:100490004FF4E1325A60134B00229A60114B002254
:1004A000DA60104B00221A610E4B0C225A610D4B80
:1004B00000229A610B4B0022DA610A4B00221A6279
:1004C000084B00225A62074B00229A62054807F047
:1004D00037FD00BF2037BD4680BD00BF0044025835
:1004E000000C0258DC0100240048004080B584B0B4
:1004F00000AFF860B9607A607B689AB24FF0FF3362
:10050000B968044807F076FD7B6818461037BD4689
:1005100080BD00BFDC01002480B584B000AF3B1D6E
:1005200000221A605A609A60204B214A1A601F4BC1
:1005300004225A601D4B00229A601C4B4FF08072BF
:10054000DA601A4B1F221A61184B02225A61174BAC
:1005500000229A61154B0022DA61144B00221A62C4
:10056000124B03225A62114B00229A620F4B002257
:100570001A630E4B00225A630C4B00229A630B4BFA
:100580000022DA63094808F085FB10237B60012311
:10059000BB600123FB603B1D41F2883219460348D2
:1005A00008F072FF00BF1037BD4680BD7002002406
:1005B00000A0005290B591B000AF07F14003403B5E
:1005C0001F335B095C0102F0D9FDFFF727FF5D488F
:1005D00009F0EEFDFFF7A0FF5B4809F0E9FD00F030
:1005E000C7F8F863FB6B002B05D10021002000F059
:1005F00029F90346FB63F96B544809F071FDFB6B65
:10060000002B04D0524809F0D3FD00BFFDE74FF0A6
:10061000E041504809F064FD4F4809F0C9FD4FF032
:10062000E0431B68BB634D4B1B687B637B6B3B6389
:10063000B96B4B4809F054FD796B4A4809F050FDFD
:10064000494B00221A60484B00225A60464B002258
:100650009A60BB6BFB62FB6A83F3088800BF434B65
:100660004FF0E0429A60BFF34F8F00BFBFF36F8F30
:1006700000BF3E4B5B693D4A23F4003353613B4B63
:100680000022C3F85022BFF34F8F00BFBFF36F8F1C
:1006900000BF00BF354B0022C3F88420BFF34F8F4B
:1006A00000BF324B5B69314A23F480335361BFF39F
:1006B0004F8F00BF2D4B2246C3F87022BFF34F8FE0
:1006C00000BFBFF36F8F00BF284BD3F8803023608B
:1006D00023685B0BC3F30E0363602368DB08C3F37B
:1006E0000903A36063685A0143F6E0731340A268EC
:1006F00092071E491343C1F87432A3685A1EA260C0
:10070000002B14BF01230023DBB2002BEAD1636866
:100710005A1E6260002B14BF01230023DBB2002BA2
:10072000DBD1BFF34F8F00BFBFF36F8F00BF00BFA0
:10073000BFF34F8F00BFBFF36F8F00BF3B6B984776
:1007400000BFFDE7ACAD0008CCAD0008E0AD00088F
:10075000FCAD000824AE000848AE0008040000709C
:1007600064AE000880AE000810E000E000ED00E09C
:1007700080B582B000AF012007F082FB4FF4AC726D
:1007800000210D4809F0F4FD0B4B00221A700A4BB2
:100790000A4A5A60084B03221A72042006F030F805
:1007A00003461946002000F00BF803467B607B6887
:1007B00018460837BD4680BD0000002470020024A2
:1007C00080B584B000AF78603960FB23FB737B6831
:1007D000012B2FD80023FB73194A7B68AC2101FB46
:1007E00003F313441B78002B20D1154A7B68AC21FE
:1007F00001FB03F3134404331868114A7B68AC21EE
:1008000001FB03F31344083319787B68AC2202FB25
:1008100003F308330A4A134404333A6801F04EFDE7
:100820000346002B05D0FD23FB7302E0FE23FB7380
:1008300000E000BF97F90F3018461037BD4680BD65
:100840000000002480B584B000AF78600B46FB70D8
:10085000FB23FB737B68012B33D80023FB731C4AFB
:100860007B68AC2101FB03F313441B78002B24D1DC
:10087000FB78002B10D17B68AC2202FB03F308331A
:10088000134A13440433184601F0CCFD0346002BF1
:1008900016D06FF0020316E07B68AC2202FB03F374
:1008A00008330B4A13440433184601F0DCFD0346B9
:1008B000002B05D06FF0020305E0FE23FB7300E080
:1008C00000BF97F90F3018461037BD4680BD00BFF6
:1008D0000000002480B584B000AF78603960002348
:1008E000BB733B6800221A607B6803F10800082391
:1008F0003A68002101F092FF0346002B02D0032347
:10090000FB731FE03B681B681946786801F0ACFC7C
:100910000346002B02D0052B05D00AE00023FB7311
:100920000223BB730AE00423FB73BB7B0133BB735D
:1009300004E00423FB730223BB7300BFBB7B012BCA
:10094000CFD900BFFB7B18461037BD4680BD0000E5
:1009500090B589B000AF786039600423FB772A4BEB
:1009600007F10C040FCB84E80F000023BB7740E0B5
:10097000BB7F5B0020333B4413F8142C7B6883F867
:1009800064207B6803F108007B6864331A46002109
:1009900001F0F2FDBB7F5B0020333B4413F8132CC6
:1009A0007B6883F8592000237B7717E07B687A7F88
:1009B00083F8582039687868FFF78CFF0346002BCE
:1009C00001D10023FB77BB7F5B0020333B4413F84E
:1009D000143C032B09D97B7F01337B777B7F012B71
:1009E00004D8FB7F042BE1D000E000BFBB7F0133C4
:1009F000BB77BB7F072B02D8FB7F042BB8D0FB7FD4
:100A000018462437BD4690BDA8AE000880B588B012
:100A100000AF78600023FB770823BB617B6800226E
:100A2000C3F89420782200215F4809F0A1FC00233C
:100A3000FB7527E0FA7D13465B0013449B005A4A7E
:100A400013441A46B969786801F04EF80346FB77FB
:100A5000FB7F002B40F0A2807B68D3F89410FA7DD6
:100A6000514813465B0013449B0003441B6841EA52
:100A700003027B68C3F89420BB690833BB61FB7D2C
:100A80000133FB75FA7D7B6893F89C3001339A4201
:100A9000D0D30023BB7575E000233B61BA7D42498A
:100AA00013465B0013449B000B4408331B78FB6028
:100AB000BA7D3D4913465B0013449B000B441B6801
:100AC000B3F5805F29D0B3F5805F29D8B3F5007FF7
:100AD0001DD0B3F5007F23D8802B1BD0802B1FD8CF
:100AE000082B02D0402B0FD01AE0BA7D2E491346B6
:100AF0005B0013449B000B4408331B781A462B4BB6
:100B00001A602B4B3B610CE02A4B3B6109E02A4BFE
:100B10003B6106E0294B3B6103E0294B3B6100E070
:100B200000BF3B69002B16D07B6803F10800BA7D3B
:100B30001D4913465B0013449B000B4404331968A2
:100B4000FB689B003A6901F069FE0346002B02D066
:100B50000C23FB7722E0BA7D134913465B00134454
:100B60009B000B441B68082B09D1104B93F84130B4
:100B7000C3F30503DBB21A467B68C3F89820BB7D3C
:100B80000133BB75BA7D084913465B0013449B00D3
:100B90000B441B68002B7FF47FAF00BFFB7F184620
:100BA0002037BD4680BD00BFD0020024480300248A
:100BB0004C030024A8030024C8030024B00300242D
:100BC0003804002480B586B000AF78600723BB7579
:100BD00008233B610023FB730023BB732EE0644AB0
:100BE0003969786800F080FF0346BB75BB7D002B38
:100BF00018D15F4B1B68082B14D17B6803F10800E8
:100C00005B4B59685A4B1B7A9B005A4A01F006FE0F
:100C10000346002B02D00C23BB7503E00023BB75F9
:100C20000123FB73BB7D002B0FD1FB7B012B0CD071
:100C30003B6908333B61BB7B0133BB73BA7B7B6889
:100C400093F89C3001339A42C9D3BB7D002B02D16B
:100C5000FB7B002B02D10C23BB7583E0464B93F842
:100C6000413003F03F03DBB2002B02D10023FB75C0
:100C700053E0414B93F84130C3F30503DBB203F07B
:100C80000103DBB2002B02D00123FB7545E03A4B98
:100C900093F84130C3F30503DBB203F00203DBB288
:100CA000002B02D00223FB7537E0334B93F8413021
:100CB000C3F30503DBB203F00403DBB2002B02D065
:100CC0000323FB7529E02C4B93F84130C3F3050354
:100CD000DBB203F00803DBB2002B02D00423FB7568
:100CE0001BE0254B93F84130C3F30503DBB203F05F
:100CF0001003DBB2002B02D00523FB750DE01E4B69
:100D000093F84130C3F30503DBB21F2B02D90F2345
:100D1000BB7527E00C23BB7524E0FB7D052B09D0B8
:100D2000052B1BDC002B1CD0002B17DB013B032BFE
:100D300014D810E07B6803F108000023002266212C
:100D400001F095FE7B6803F1080000230022992141
:100D500001F08DFE06E00F23BB7503E00123BB7598
:100D600000E000BFBB7D18461837BD4680BD00BF00
:100D7000D00200244C03002448030024F0B58FB0B7
:100D800004AF78603960002387F82730002387F8A4
:100D900026307B68D3F8943003F00803002B04D18D
:100DA000072387F8273000F026BEBA4B9B68002B3C
:100DB00013DBB84B9B680133BB61BB69002B01D1CE
:100DC000202303E0BB69B3FA83F3DBB2C3F11F0353
:100DD000DAB27B6883F85E2005E0AE4B9B68DAB23E
:100DE0007B6883F85E207B6893F85E30033BDAB261
:100DF0007B6883F85E207B6893F85E30013BDBB252
:100E0000FB747B68083307F113020421184601F0D4
:100E1000B3FBA04B93F82C30C3F30313DBB21A4699
:100E2000012303FA02F27B681A667B68022283F8C8
:100E30007520984B93F820207B6883F87720954B9A
:100E400093F821207B6883F87820924B93F8222036
:100E50007B6883F879208F4B93F823207B6883F895
:100E60007A208C4B93F824207B6883F87B20894B75
:100E700093F825207B6883F87C20864B93F8262006
:100E80007B6883F87D20834B93F827207B6883F869
:100E90007E207B6893F87730002B1DD07D4B93F834
:100EA0002830C3F30303DBB21A467A4B1B8DC3F31E
:100EB0000413DBB2013302FB03F3764A92F82920D4
:100EC000C2F34102D2B21146734A32F8112003FB39
:100ED00002F27B68C3F880207B6893F87930002B9E
:100EE0001ED06C4B93F82830C3F30303DBB21A46D1
:100EF000684B93F82930C3F3C403DBB2013302FB20
:100F000003F3644A92F82A20C2F30102D2B21146D6
:100F1000614A32F8112003FB02F27B68C3F8842097
:100F20007B6893F87B30002B1DD05A4B93F8283008
:100F3000C3F30303DBB21A46564B93F82A30C3F3CC
:100F40008403DBB2013302FB03F3524A528DC2F336
:100F5000C112D2B21146504A32F8112003FB02F2FC
:100F60007B68C3F888207B6893F87D30002B1ED007
:100F7000484B93F82830C3F30303DBB21A46454BC2
:100F800093F82B30C3F34403DBB2013302FB03F3CA
:100F9000404A92F82B20C2F38112D2B211463E4A47
:100FA00032F8112003FB02F27B68C3F88C20394B26
:100FB00093F82830C3F30303DBB21A46354B93F89A
:100FC0002F30C3F30403DBB2013302FB03F3314AD6
:100FD00092F82F20C2F34112D2B211462F4A52F892
:100FE000212003FB02F27B68C3F890207B68052276
:100FF00083F871207B68052283F86C20254B1B79D0
:1010000003F01003DBB2002B04D17B68502283F87D
:10101000702003E07B68062283F870201D4B93F854
:101020004030C3F30603DBB203F00103002B04D00E
:101030007B68062283F8702046E0164B93F8403018
:10104000C3F30603DBB203F00203002B04D07B687A
:10105000062283F8702037E00E4B93F84030C3F33C
:101060000603DBB203F00403002B04D07B6850229C
:1010700083F8702028E0074B93F84030C3F3060351
:10108000DBB203F00803002B0AD07B68062283F84A
:10109000702019E048030024DCAE0008E4AE00082C
:1010A000664B93F84030C3F30603DBB203F0100342
:1010B000002B04D07B68062283F8702004E00A230A
:1010C00087F8273000F097BC7B68D3F8943003F49E
:1010D0000073002B78D05A4BDB7C23F07F03DBB20C
:1010E000002B34D0564B5A7C7B6883F86C20544BD1
:1010F000DB7CC3F30203DBB21A467B6883F86D2006
:101100004F4BDB7CC3F38013DBB21A467B6883F85A
:101110006E204B4BDB7CC3F30203DBB21A467B68C9
:1011200083F86D20464BDB7C03F01003DBB2002B11
:1011300009D0434BDB7CC3F3C003DBB21A467B68A8
:1011400083F86F2003E07B68FF2283F86F203C4B1D
:10115000DB7D23F07F03DBB2002B73D0384B5A7D4D
:101160007B6883F87120364BDB7DC3F30203DBB26F
:101170001A467B6883F87220314BDB7DC3F3801302
:10118000DBB21A467B6883F873202D4BDB7DC3F3FB
:101190000203DBB21A467B6883F87220284BDB7CA3
:1011A00003F01003DBB2002B09D0254BDB7DC3F32A
:1011B000C003DBB21A467B6883F8742042E07B6888
:1011C000FF2283F874203DE07B68012283F87220BF
:1011D0007B68002283F87320184B93F83830C3F3F0
:1011E0008503DBB203F00103002B0CD07B680522E2
:1011F00083F86C207B68002283F86D207B680022D6
:1012000083F86E201EE00D4B93F83830C3F385034E
:10121000DBB203F00203002B0CD07B68702283F852
:101220006C207B68072283F86D207B68002283F89E
:101230006E2007E0092387F82730DCE34803002409
:10124000C80300247B68032283F8762000237B6197
:101250007B68083307F114020121184601F08CF96C
:101260007B68D3F8943003F00803002B00F0B080C3
:101270007B6893F85C30022B00F2AA807B68002226
:1012800083F864207B6893F85C30002B4CD0B64B1D
:101290005B7C002B15D0B44B1B7CC3F30403DBB287
:1012A0001A46B14B1B7CC3F34213DBB213447B6180
:1012B000AD4B5A7C7B6883F876207B68012283F8EB
:1012C0006420A94BDB7C002B15D0A74B9B7CC3F380
:1012D0000403DBB21A46A44B9B7CC3F34213DBB27C
:1012E00013447B61A04BDA7C7B6883F876207B68B3
:1012F000022283F864209C4B1B7D03F00103DBB2C8
:10130000002B11D0984B9B7EC3F30403DBB21A462B
:10131000954B9B7EC3F34213DBB213447B61924B2C
:10132000DA7E7B6883F876207B6893F85C30012B4B
:101330002FD98D4B1B7D03F01003DBB2002B20D087
:10134000894B9B7FC3F30403DBB21A46864B9B7F1A
:10135000C3F34213DBB213447B61834BDA7F7B68B8
:1013600083F876207B68042283F86420786800F094
:101370003BFF034687F8273097F82730002B40F0D3
:1013800037837B68083307F114020121184601F006
:10139000F3F87B6803F108007B6864331A46002188
:1013A00001F0EAF80346002B03D00C2387F827301E
:1013B00021E37B68083307F114020121184601F08C
:1013C000DBF80346002B03D00C2387F8273012E309
:1013D0007B68D3F8943003F48053002B00F08780AF
:1013E0007B6893F85C30032B40F081807B6893F836
:1013F0006430092B03D1012387F8263044E0786854
:1014000000F06EFC0346002B3ED1012387F8263006
:101410007B6893F85D30C82B04D17B68082283F881
:10142000642003E07B68092283F864207B6803F171
:1014300008007B6864331A46002101F09DF80346DA
:10144000002B03D00C2387F82730D4E27B6893F875
:101450009D30FD2B09D114237B617B68083307F194
:1014600014020121184601F087F87B6893F89D303B
:10147000FE2B09D108237B617B68083307F1140236
:101480000121184601F078F87B68D3F8943003F016
:101490000803002B19D0344B1B68102B15D9324B85
:1014A00093F84B30C3F34113DBB2012B03D90F2365
:1014B00087F827309FE22C4B93F84B30C3F341134E
:1014C000DBB21A467B6883F858207B68D3F89430E7
:1014D00003F08003002B0AD0244BDB7803F0400399
:1014E000DBB2002B03D07B68142283F859206421DF
:1014F000786800F095FA0346002B03D00C2387F898
:10150000273078E27B68D3F8943003F04003002B57
:1015100000F0828197F82630002B40F00181124BB9
:1015200093F8433003F00103002B21D07B6803F1D3
:10153000080000230022B72101F099FA0346002B8E
:1015400003D00C2387F8273055E27B68083300224C
:101550000221184601F010F80346002B72D00C232C
:1015600087F8273047E200BF48030024B003002477
:10157000814B93F8433003F00203002B50D07B687B
:1015800003F108007B6893F870100023002201F03B
:101590006EFA0346002B03D00C2387F827302AE28B
:1015A0007B6803F108007B6893F871107B6893F8FF
:1015B00074301E467B6893F87330002B01D10123F1
:1015C00000E000237A6892F872209340DCB27B68D6
:1015D00093F872301A4601239340DBB27A6892F88E
:1015E0005D204FF47A7502950192009323463246AE
:1015F00001F04AFB0346002B03D00C2387F8273069
:10160000F9E17B6803F1080000230022B72101F013
:101610002EFA0346002B15D00C2387F82730EAE179
:10162000554B93F8433003F04003002B0AD1524B43
:1016300093F8433003F02003002B03D10F2387F8E6
:101640002730D8E17B68083300220221184600F0D9
:1016500093FF0346002B03D00C2387F82730CAE101
:101660007B6893F86430002B2AD1444B1B7803F03D
:101670000103DBB2002B03D07B68132283F87620B2
:101680003E4B1B7803F04003DBB2002B03D07B689A
:10169000122283F87520394B1B7803F00203DBB26A
:1016A000002B0DD07B680C2283F8762008237B6109
:1016B0007B68083307F114020121184600F05CFF33
:1016C0007B6893F86430012B0AD12C4B1B7803F014
:1016D0000403DBB2002B03D07B683C2283F8762026
:1016E0007B6893F86430022B0AD1244B1B7803F0FB
:1016F0000803DBB2002B03D07B68BC2283F8762082
:101700007B6893F86430032B0AD11C4B5B7803F0A1
:101710002003DBB2002B03D07B680E2283F87620F7
:101720007B6893F85C30032B32D17B6893F864308C
:10173000002B2DD1114B9B7803F02003DBB2002B43
:1017400026D00E4BDB7803F00103DBB2002B1FD059
:101750007B68072283F864207B6803F108007B68BC
:1017600064331A46002100F007FF0346002B07D020
:101770000C2387F827303EE148030024A803002407
:101780007B68CC2283F876207B688E2283F87520D4
:101790007B6893F86430082B2AD19A4BDB7803F0EE
:1017A0000103DBB2002B03D07B68022283F8752093
:1017B000944B9B7803F02003DBB2002B0DD07B68A9
:1017C000CC2283F8762008237B617B68083307F1FD
:1017D00014020121184600F0CFFE8A4B9B7803F0DB
:1017E0004003DBB2002B03D07B68FD2283F8762018
:1017F000844B1A797B6883F87820824B5A797B680E
:1018000083F87A207F4B9A797B6883F87C207D4B24
:10181000DA797B6883F87E207B68D3F8943003F014
:101820008003002B00F0E6807B6893F86430092B7E
:1018300005D07B6893F86430082B40F0DB800023F0
:10184000FB60714B5B78002B04D06F4B5A787B6840
:1018500083F876206C4B1B7D03F01F03DBB2002B5B
:101860000DD0694B1B7DC3F30403DBB27B617B6846
:10187000083307F114020121184600F07DFE634B86
:1018800093F85330C3F30313DBB2184600F006F9A4
:10189000F8617B689B6EFA699A4202D97B689B6EFD
:1018A000FB617B681B68002B07D07B681B68FA69AB
:1018B0009A4202D97B681B68FB617B6803F10800D0
:1018C0007B68996E07F10C03FA6900F0E2FD0346AC
:1018D000002B03D00D2387F827308CE03B680122D2
:1018E0001A70FB684A4A934213D9474B9B8903F409
:1018F00078639BB2002B0CD0434B9B89C3F3C4137A
:10190000DBB27B61404B1B7BC3F38403DBB23B62E6
:101910003BE0FB683F4A934213D93B4BDB7C23F00F
:101920000703DBB2002B0CD0374BDB7CC3F3C403C3
:10193000DBB27B61344B5B8AC3F38413DBB23B6263
:1019400023E0FB68344A934213D92F4B9B7C03F06E
:101950003E03DBB2002B0CD02B4B9B7CC3F3440328
:10196000DBB27B61284B1B69C3F30433DBB23B6200
:101970000BE0254B1B8AC3F3C413DBB27B61224B04
:101980001B7CC3F38403DBB23B627B6893F85D305E
:10199000C82B0AD110237B617B68083307F114023E
:1019A0000121184600F0E8FD25E07B68D3F894306B
:1019B00003F40073002B17D0184B93F8233023F057
:1019C0007F03DBB2002B0FD0396A786800F06CFA25
:1019D0000346002B0FD17B68083307F11402012165
:1019E000184600F0C9FD06E00E2387F8273002E014
:1019F00000BF00E000BF97F8273018462C37BD46DF
:101A0000F0BD00BFA8030024B00300244803002455
:101A1000FFC1EB0B7FF5E4093F6BED07C803002422
:101A2000F0B589B004AF78603960FB23FB737B6845
:101A300093F86C30002B2BD07B6803F108007B6897
:101A400093F86C407B6893F86F301E467B6893F880
:101A50006E301A467B6893F86D3002FA03F3DDB2FC
:101A60007B6893F86D301A4601239340DBB27A68A5
:101A700092F85D2039680291019200932B4632461C
:101A8000214601F001F90346002B01D10023FB732D
:101A900097F90F3018461437BD46F0BDB0B48BB07F
:101AA00000AF78600E4B07F10C041D460FCD0FC43C
:101AB00095E8070003C422807B68092B0AD87B685D
:101AC0005B0028333B4433F81C3C1A46054B02FBB1
:101AD00003F300E0002318462C37BD46B0BC704726
:101AE000B8AE000840420F0080B588B000AFF86083
:101AF000B9607A600023FB7707F1140300221A60B3
:101B00005A60FB6803F1080007F114020823B96862
:101B100000F084FE0346002B02D00323FB77D9E0BC
:101B20007B6800221A60FA7D7B681A72BB7E1A04F9
:101B30007B7E1B0213433A7E1A437B685A60FB7E0E
:101B4000002B10D0FB7E5BB2002B0CDB3B7D03F047
:101B50000103002B03D07B6801221A60BAE07B6886
:101B600002221A60B6E0FB7E5BB2002B80F2AE80F0
:101B70003B7D03F00103002B02D17B6804221A6035
:101B8000FB7EFF2B40F0A6803B7D0F2B4CDC002B17
:101B900024DA9EE0813B0D2B00F29B8001A252F8DB
:101BA00023F000BF491C0008D31C0008D31C000808
:101BB000591C0008D31C0008D31C0008731C000823
:101BC0007D1C0008D31C0008D31C00089B1C0008C7
:101BD000D31C0008AF1C0008B91C00080F2B78D8D4
:101BE00001A252F823F000BF331C0008D31C0008E8
:101BF000D31C0008511C0008D31C0008611C0008FD
:101C0000691C0008D31C0008D31C0008871C0008AE
:101C1000911C0008D31C0008A51C0008D31C000858
:101C2000D31C0008C31C00088E2B52DC812BB1DAB8
:101C30004FE07B6808221A60FB7D172B28BF172313
:101C4000DAB27B681A7245E07B6810221A6041E0C4
:101C50007B6820221A603DE07B6840221A6039E0F0
:101C60007B6880221A6035E07B684FF480721A60CE
:101C700030E07B684FF400721A602BE07B684FF411
:101C800080621A6026E07B684FF400621A6021E0EF
:101C90007B684FF480521A601CE07B684FF400525E
:101CA0001A6017E07B684FF480421A6012E07B688C
:101CB0004FF400421A600DE07B684FF480321A60E6
:101CC00008E07B684FF400321A6003E00323FB77DF
:101CD00000E000BFFB7F18462037BD4680BD00BF37
:101CE00090B585B000AF78600023FB736D4BDB7857
:101CF000002B28D06B4B9B783B726A4B5B787B72D6
:101D0000684B1B78BB72674BDB79FB72654B9B7929
:101D10003B73644B5B797B73624B1B79BB737B6852
:101D200003F10800397A5F4BDB78013B9CB207F185
:101D300008035A1C234600F09AFE0346002B02D0EB
:101D40000B23FB73A9E0574BDB7A002B32D06421C5
:101D50007868FFF765FE0346002B02D00C23FB7367
:101D60009BE0504B9B7A3B724E4B5B7A7B724D4BA8
:101D70001B7ABB724B4BDB7BFB724A4B9B7B3B73EF
:101D8000484B5B7B7B73474B1B7BBB737B6803F1CF
:101D90000800397A434BDB7A013B9CB207F1080318
:101DA0005A1C234600F063FE0346002B02D00B238F
:101DB000FB7372E03B4BDB7C002B32D064217868F4
:101DC000FFF72EFE0346002B02D00C23FB7364E0CA
:101DD000344B9B7C3B72334B5B7C7B72314B1B7C6B
:101DE000BB72304BDB7DFB722E4B9B7D3B732D4BCF
:101DF0005B7D7B732B4B1B7DBB737B6803F1080002
:101E0000397A284BDB7C013B9CB207F108035A1C52
:101E1000234600F02CFE0346002B02D00B23FB735D
:101E20003BE0204BDB7E002B32D064217868FFF74B
:101E3000F7FD0346002B02D00C23FB732DE0194B5A
:101E40009B7E3B72174B5B7E7B72164B1B7EBB727D
:101E5000144BDB7FFB72134B9B7F3B73114B5B7F00
:101E60007B73104B1B7FBB737B6803F10800397ACF
:101E70000C4BDB7E013B9CB207F108035A1C234646
:101E800000F0F5FD0346002B02D00B23FB7304E0AA
:101E90007B680833184601F030F8FB7B184614378E
:101EA000BD4690BD38040024F0B58BB004AF786017
:101EB00039606D4BFB600023FB7500233B816B4B4E
:101EC00093F8233003F01003DBB2002B0AD1674BE9
:101ED00093F8233023F07F03DBB2002B02D00C23D6
:101EE000FB75BBE0614B93F8233003F00803DBB2D2
:101EF000002B05D05D4B93F822301B023B610BE0B9
:101F00007B6893F85D30C82B02D101233B6103E06D
:101F1000564B93F822303B617B6803F10800534B2A
:101F200093F821107B6893F85D3007F10802019364
:101F30000223009313463A6900F041FE0346002B4A
:101F400002D00C23FB7589E07B6803F108007B68F5
:101F500093F870100023002200F089FD0346002B47
:101F600002D00C23FB7579E07B6803F108007B68E5
:101F700093F871107B6893F874301E467B6893F871
:101F80007330002B01D1012300E000237A6892F81E
:101F900072209340DCB27B6893F872301A460123BA
:101FA0009340DBB27A6892F85D204FF47A7502951F
:101FB000019200932346324600F066FE0346002B52
:101FC00002D00C23FB7549E03B7A5AB2274B93F8B9
:101FD0002330C3F34113DBB218333B4413F80C3CFA
:101FE0001946224B93F82330C3F30203DBB201FA04
:101FF00003F35BB2DB435BB213405BB2DBB23B7219
:102000003A7A1A4B93F82330C3F30203DBB2194632
:102010003B688B40DBB21343DBB23B723B7A7B7293
:102020007B6803F10800114B93F8201007F10803B7
:10203000022200923A6900F0D1FC0346002B02D044
:102040000C23FB750AE064217868FFF7E9FC03467E
:10205000002B02D00C23FB7500E000BFFB7D18466F
:102060001C37BD46F0BD00BF03070F1FC803002487
:1020700080B584B000AF78600F23FB73594B93F8A1
:102080003E30C3F30213DBB2072B00F2A48001A29F
:1020900052F823F0D7210008D7210008B520000806
:1020A000D721000835210008D7210008D7210008D2
:1020B000D72100087B6803F108007B6893F8701053
:1020C0000023002200F027FD0346002B02D00C2342
:1020D000FB7381E07B6803F1080007F10C02012328
:1020E000052100F018FD0346002B02D00C23FB73E2
:1020F00072E03B7B43F04003DBB23B737B6803F150
:10210000080007F10C020123012100F0B0FC034696
:10211000002B02D00C23FB735EE064217868FFF78C
:102120007FFC0346002B02D00C23FB7354E00023FA
:10213000FB7351E07B6803F1080007F10C020223F6
:10214000052100F0E8FC0346002B02D00C23FB73B2
:1021500042E07B7B43F00203DBB27B737B6803F1DD
:1021600008007B6893F870100023002200F0D3FC75
:102170000346002B02D00C23FB732DE07B6803F198
:10218000080007F10C020223012100F070FC034655
:10219000002B02D00C23FB731EE064217868FFF74C
:1021A0003FFC0346002B02D00C23FB7314E0FF23FB
:1021B0007B737B6803F1080007F10C020223052101
:1021C00000F0A9FC0346002B02D00C23FB7303E0B4
:1021D0000023FB7300E000BFFB7B18461037BD46B1
:1021E00080BD00BF4803002480B584B000AF786094
:1021F0000F23FB730023BB731A4B9B8FC3F3041392
:10220000DBB203F00103002B07D07868FFF730FF43
:102210000346FB733823BB730FE0124B9B8FC3F352
:102220000413DBB203F00403002B06D07868FFF739
:102230001FFF0346FB733523BB73FB7B002B0CD1C5
:10224000BB7B002B09D07B6803F10800B97B00231E
:10225000002200F060FC0023FB73FB7B1846103764
:10226000BD4680BD4803002480B584B000AF7860CF
:1022700039600423FB733B680E4A934206D03B68E7
:102280000D4A93420ED10023FB730EE07B680833A6
:102290000021184600F0F9FD0346002B04D1052368
:1022A000FB7301E000BF00E000BFFB7B1846103766
:1022B000BD4680BD465350445346445080B58AB015
:1022C00000AFF8607A603B600B46FB72002387F832
:1022D00027300023FB763B680833982200211846FC
:1022E00008F046F83B68FA7A83F85C203B680022E5
:1022F00083F864203B687A689A663B68082283F812
:1023000059203B680833F968184600F001F93B682A
:1023100003F1080007F11003414A796800F0B9F8A9
:102320003B680833184600F09FFD07F11C0319466F
:102330003868FEF70DFB0346002B03D0FF2387F818
:10234000273067E03868FEF73DFC0A2001F050FABC
:1023500007F11C0319463868FEF7FAFA0346002B0A
:1023600003D0FF2387F8273054E097F82230092B59
:1023700004D93B68092283F89C2004E097F82220C6
:102380003B6883F89C2097F823203B6883F89D20C6
:102390003B68083307F114010422184600F09EFA46
:1023A0003A7D3B6883F85D203868FEF72FFB0346D3
:1023B000002B03D0FF2387F827302BE007F11B0306
:1023C00019463868FEF7DAFC0346002B03D0FD23DC
:1023D00087F827301EE0FB7E002B0DD13B681B6881
:1023E000002B09D03B6803F108003B681A6807F12D
:1023F0001003796800F04DF807F11C03194638689E
:10240000FEF768FA0346002B03D0F22387F8273043
:1024100000E000BF97F9273018462837BD4680BD39
:1024200080F0FA0290B587B002AF78600023FB73AA
:102430007B6803F108007B6893F876107B681B6D5E
:10244000DAB27B6893F875300024009400F095FCB4
:102450000346002B01D0F323FB7397F90F30184686
:102460001437BD4690BD80B584B000AF78600023BE
:10247000FB737B680833184600F0F6FC0346002B1C
:1024800001D0F323FB7397F90F3018461037BD4680
:1024900080BD80B487B000AFF860B9607A603B60FF
:1024A0000023FB757B68002B02D10123FB7528E01C
:1024B000BA687B68B2FBF3F33B613B69002B0DD03C
:1024C000BA683B69B2FBF3F23B681A603B681B6871
:1024D0007A689A4202D33B69013B3B613B69013315
:1024E000BA68B2FBF3F23B681A60FB681B681B68B2
:1024F000DB6823F0FF01FB681B681B683A690A432D
:10250000DA60FB7D18461C37BD465DF8047B7047DA
:1025100080B596B000AF7860396007F10C034C22AB
:102520000021184607F024FF5A237B610123BB6179
:102530004FF48073BB624FF40053FB624FF0807323
:102540007B6408233B657B683A681A607B680433C8
:1025500007F10C014C22184607F08FFF7B68002220
:1025600083F850207B68002283F85220002318460D
:102570005837BD4680BD000080B598B000AFF86008
:102580000B467A60FB72002387F85F30FB6807F127
:10259000100004334C22194607F06FFFFB7A042B1E
:1025A00000F22A8101A252F823F000BFC1250008E1
:1025B000E9270008BB270008F9270008C3270008FF
:1025C0007B681A78FB6883F85220FB6893F85230D6
:1025D0000B2B00F2ED8001A252F823F00D2600082B
:1025E0000D2600080D2600080D2600083D260008CF
:1025F0003D2600086D260008A1260008D126000807
:10260000072700083D270008772700080123FB6102
:1026100000233B6200237B624FF48073FB624FF424
:1026200000533B6300237B634FF08073BB64002344
:102630003B6508237B650023BB65BDE00323FB618D
:1026400000233B6200237B624FF44073FB62002354
:102650007B634FF400533B634FF04073BB64002334
:102660003B6506237B650023BB65A5E00323FB6177
:1026700000233B6208237B624FF44073FB624FF4FC
:1026800000533B634FF400637B634FF04073BB64C4
:102690004FF000633B6506237B650023BB658BE041
:1026A0000123FB6100233B6200237B624FF48063C4
:1026B000FB624FF440533B6300237B634FF0806326
:1026C000BB6400233B6508237B650023BB6573E087
:1026D0000423FB6100233B6200237B624FF4806391
:1026E000FB624FF440533B634FF400637B634FF056
:1026F0008063BB644FF000633B6508237B654FF04C
:102700000053BB6558E00423FB6110233B620823A0
:102710007B624FF48063FB624FF440533B634FF4A2
:1027200000637B634FF08063BB644FF000633B65E5
:1027300014237B654FF00053BB653DE00423FB6130
:1027400000233B6200237B624FF48063FB624FF403
:1027500040533B634FF400637B630023FB634FF004
:102760008063BB644FF000633B650A237B654FF0D9
:102770000053BB6520E00423FB6100233B62002380
:102780007B624FF48063FB624FF440533B634FF432
:1027900000637B630023FB634FF0A063BB644FF0D7
:1027A00000633B650A237B654FF00053BB6503E084
:1027B000012387F85F3000BF22E04FF440533B63B2
:1027C0001EE07B681B7887F85E30FB681B681B681F
:1027D0009B6823F4F81197F85E301A04FB681B68B5
:1027E0001B680A439A600BE07B681B7887F85D30B2
:1027F00097F85D307B6503E0012387F85F3000BF09
:10280000FB68043307F110014C22184607F035FE2F
:1028100097F85F3018466037BD4680BD80B598B0E8
:1028200000AFF860B9607A603B60FB6807F11000A8
:1028300004334C22194607F020FEFB6893F8503011
:10284000396A5A22184600F066FB0346BB61BB6832
:10285000BB623B68FB64FB6893F851307B65FB6AA5
:10286000B3F5807F03D0FB6AB3F5407F02D14FF40C
:1028700000533B633B6DB3F1006F03D14FF0005346
:10288000BB6501E00023BB65FB681B6807F1100115
:102890006422184606F0E4FA034687F85F3097F89A
:1028A0005F30002B0AD1FB681B68642279681846E8
:1028B00006F0D9FB034687F85F3000E000BF97F8C9
:1028C0005F30002B04D0FB681B68184606F046FDFD
:1028D00097F85F3018466037BD4680BD80B598B028
:1028E00000AFF860B9607A60FB6807F1100004334C
:1028F0004C22194607F0C1FDFB6893F85030396A45
:102900009F22184600F007FB0346BB617B68FB640F
:10291000FB69012B07D10023FB6200237B654FF08D
:102920008073BB6430E0FB69032B07D10023FB629B
:1029300000237B654FF04073BB6425E0FB69042BEB
:102940001ED10023BB62BB681B78C22B08D13B6D34
:10295000B3F1006F04D104237B6500233B6513E0D2
:10296000BB681B78C82B08D13B6DB3F1006F04D155
:1029700008237B650023FB6206E008237B6503E0F8
:102980000023BB6208237B65FB681B6807F110010D
:102990006422184606F064FA034687F85F3097F819
:1029A0005F30002B0AD1FB681B686422B9681846A7
:1029B00006F059FB034687F85F3000E000BF97F848
:1029C0005F30002B04D0FB681B68184606F0C6FC7D
:1029D00097F85F3018466037BD4680BD80B598B027
:1029E00000AFF8607A603B600B46FB72FB6807F152
:1029F000100004334C22194607F03FFDFB6893F8A2
:102A00005030396AFA7A184600F085FA0346BB61FD
:102A10007B68BB62BB6EFB6400237B650023BB65E8
:102A2000FB681B6807F110016422184606F018FACB
:102A3000034687F85F3097F85F30002B07D139687D
:102A4000F86800F091FA034687F85F3000E000BFB5
:102A500097F85F30002B04D0FB681B68184606F01F
:102A60007DFC97F85F3018466037BD4680BD80B565
:102A700098B000AFF8607A601A460B46FB721346B6
:102A80003B81FB6807F1100004334C22194607F024
:102A9000F4FCFB6893F85030396AFA7A184600F073
:102AA0003AFA0346BB610023FB6200237B653B8946
:102AB000FB640023BB653B89002B01D10023BB6471
:102AC000FB681B6807F110016422184606F0C8F97C
:102AD000034687F85F3097F85F30002B0CD13B89B5
:102AE000002B09D0FB681B6864227968184606F041
:102AF00047FA034687F85F3097F85F30002B04D021
:102B0000FB681B68184606F029FC97F85F301846EA
:102B10006037BD4680BD80B598B000AFF8607A6080
:102B20001A460B46FB7213463B81FB6807F1100007
:102B300004334C22194607F0A0FCFB6893F8503090
:102B4000396AFA7A184600F0E6F90346BB610023B9
:102B5000FB6200237B653B89FB640023BB653B89EB
:102B6000002B01D10023BB64FB681B6807F1100137
:102B70006422184606F074F9034687F85F3097F828
:102B80005F30002B0CD13B89002B09D0FB681B6800
:102B900064227968184606F066FA034687F85F30C3
:102BA00097F85F30002B04D0FB681B68184606F0CE
:102BB000D5FB97F85F3018466037BD4680BD80B5BD
:102BC00098B000AFF8607A603B600B46FB72FB6820
:102BD00007F1100004334C22194607F04EFCFB6845
:102BE00093F85030396AFA7A184600F094F903469F
:102BF000BB617B68BB62FB6893F851307B65B7F8BB
:102C00006830FB6497F86C30C22B06D13B6DB3F192
:102C1000006F02D100233B650EE097F86C30C82BA3
:102C200008D13B6DB3F1006F04D100233B65002355
:102C3000BB6501E00023BB65FB681B6807F1100161
:102C40006422184606F00CF9034687F85F3097F8BF
:102C50005F30002B09D1FB681B6864223968184675
:102C600006F001FA034687F85F3097F85F30002BD3
:102C700004D0FB681B68184606F070FB97F85F30BD
:102C800018466037BD4680BD80B59EB000AFF86085
:102C90007A601A460B46FB721346BB72FB6807F15B
:102CA000280004334C22194607F0E7FBBB7A7B610E
:102CB00097F88030BB610023FB614FF480033B62D7
:102CC00010237B62FB6893F85030B96BFA7A184690
:102CD00000F021F903463B6301237B6600233B6739
:102CE0007B6B012B06D14FF080733B6600237B6426
:102CF0000023FB663B6EB3F1806F14D197F88430EC
:102D0000C22B08D1BB6EB3F1006F04D14FF000535A
:102D10003B670023BB664FF480637B644FF44053F2
:102D2000BB647B683B64FB681B6807F12801642275
:102D3000184606F095F8034687F8773097F877300D
:102D4000002B0BD1FB681B6807F11401D7F8882012
:102D5000184606F02BFA034687F8773097F8773055
:102D6000002B04D0FB681B68184606F0F7FA97F8AA
:102D7000773018467837BD4680BD80B598B000AF33
:102D80007860084611461A460346FB700B46BB7036
:102D900013467B707B6807F1100004334C22194600
:102DA00007F06BFB07F1080300221A605A60012349
:102DB0003B617B6893F85030396AFA78184600F026
:102DC000AAF80346BB61BB787B657B681B6807F18B
:102DD00010016422184606F043F8034687F85F3076
:102DE00097F85F30002B2DD102233B617B6893F86D
:102DF0005030396A7A78184600F08DF80346BB6186
:102E000097F868307B657B681B6807F110016422C6
:102E1000184606F025F8034687F85F3097F85F30CC
:102E2000002B11D10023BB605023FB607B681B6823
:102E300007F108021146184606F042FA034687F8E1
:102E40005F3002E000BF00E000BF97F85F30002B6A
:102E500004D07B681B68184606F080FA97F85F304C
:102E600018466037BD4680BD80B582B000AF78603F
:102E7000BFF34F8F00BF7B681B68184606F06EFAE1
:102E8000034618460837BD4680BD80B485B000AF04
:102E900078600B46FB700023FB737B681B681B6824
:102EA0009B6803F0E063BB60FB78002B1ED1BB681E
:102EB000002B03D14FF08073BB6008E0BB68B3F117
:102EC000807F02D10023BB6001E00123FB737B689C
:102ED0001B681B689B6823F0E0617B681B681B68AC
:102EE000BA680A439A6000BFFB7B00E001231846E2
:102EF0001437BD465DF8047B704780B582B000AFE3
:102F000078607B681B68184606F028FA0346184666
:102F10000837BD4680BD80B485B000AF0346396038
:102F2000FB711346BB713B68102B14D1BB799BB26C
:102F30001B02FB81FB79012B07D1BB79DB43DBB2A1
:102F40001A46FB891343FB8107E0BB799AB2FB89E0
:102F50001343FB8101E0BB79FB81FB8918461437E1
:102F6000BD465DF8047B704780B584B000AF7860E3
:102F700039607B681B6864223968184606F000F8DF
:102F80000346FB73FB7B18461037BD4680BD80B5FA
:102F9000B0B000AF07F124039C220021184607F0CF
:102FA000E7F93B1D20220021184607F0E1F9012036
:102FB00001F082F80346002B14BF01230023DBB28B
:102FC000002B01D000F094FB02237B6201233B63C2
:102FD00000237B634023BB630223BB640023FB64A9
:102FE00020233B654FF496737B650123BB65022369
:102FF000FB6502233B6602237B660223BB6600233C
:10300000FB6602233B6700237B670423BB6719230E
:10301000FB670223C7F880300223C7F884300223FD
:10302000C7F888300223C7F88C300223C7F89030E5
:103030000023C7F894300023C7F8983007F1240321
:10304000184601F071F80346002B14BF012300233A
:10305000DBB2002B01D000F04BFB3F237B6003234E
:10306000BB600023FB6008233B6104237B6140239A
:10307000BB614FF48063FB614FF480433B623B1DB7
:103080003721184601F08AFB0346002B14BF0123A9
:103090000023DBB2002B01D000F02AFB00BFC037B9
:1030A000BD4680BD80B586B000AF3B1D00221A60D2
:1030B0005A609A60DA6000F057FD0023FB7506E065
:1030C000FB7D184600F06EFDFB7D0133FB75FB7D3B
:1030D0000F2BF5D901233B7100237B710023BB60CB
:1030E0001F233B7387237B730023BB730023FB7376
:1030F00001233B7400237B740023BB740023FB7407
:103100003B1D184600F064FD01237B714FF0E04346
:10311000BB601A233B7300237B730123BB73032320
:10312000FB7300233B7400237B740123BB740123D6
:10313000FB743B1D184600F04BFD02237B714FF0E2
:103140004053BB600E233B7300237B730023BB7390
:103150000323FB7301233B7400237B740023BB74A4
:103160000023FB743B1D184600F032FD042000F0E4
:10317000D9FC00BF1837BD4680BD000080B584B0C3
:1031800000AFFFF78FFF404B5B6903F40033002B68
:1031900014BF01230023DBB2002B1BD1BFF34F8FE1
:1031A00000BFBFF36F8F00BF374B0022C3F8502220
:1031B000BFF34F8F00BFBFF36F8F00BF324B5B6910
:1031C000314A43F400335361BFF34F8F00BFBFF365
:1031D0006F8F00E000BF2C4B5B6903F48033002B42
:1031E00014BF01230023DBB2002B42D1264B002267
:1031F000C3F88420BFF34F8F00BF234BD3F8803038
:10320000FB60FB685B0BC3F30E03BB60FB68DB0872
:10321000C3F309037B60BB685A0143F6E0731340B4
:103220007A68920718491343C1F860327B685A1EC6
:103230007A60002B14BF01230023DBB2002BEAD1FC
:10324000BB685A1EBA60002B14BF01230023DBB2F7
:10325000002BDBD1BFF34F8F00BF0B4B5B690A4ADA
:1032600043F480335361BFF34F8F00BFBFF36F8FC1
:1032700000E000BF00F048FAFFF789FE00F000F917
:1032800000BF1037BD4680BD00ED00E080B5A8B09E
:1032900000AF3B1D9C220021184607F069F8022070
:1032A00000F0B8FE0346002B01D000F021FA1A4BC3
:1032B000D3F85431184A43F00203C2F85431164B84
:1032C000D3F854313B603B6800F01EFF10237B6055
:1032D00080237B623B1D184600F026FF0346002B2F
:1032E00001D000F005FA002300220021102000F098
:1032F000CDFA102000F0A0FA00BF4FF4806000F07B
:10330000AFFA0346012BF8D14FF4802000F012FBF6
:1033100000BFA037BD4680BD0044025880B5B0B0A4
:1033200000AF786007F1AC0300221A605A609A601F
:10333000DA601A6107F1180390220021184607F09D
:1033400017F87B681B682B4A93424ED14FF004025A
:103350004FF00003C7E906234023BB6207F11803BF
:10336000184602F05BF90346002B01D000F0C0F9CB
:10337000214BD3F83431204A43F48043C2F834312E
:103380001D4BD3F834317B617B691B4BD3F834314F
:10339000194A43F48053C2F83431174BD3F834310F
:1033A0003B613B69144BD3F84031134A43F400535B
:1033B000C2F84031104BD3F84031FB60FB6840F657
:1033C0007F73C7F8AC300223C7F8B0300023C7F8CA
:1033D000B4300323C7F8B8300923C7F8BC3007F16D
:1033E000AC031946054800F0B5FC00BFC037BD4628
:1033F00080BD00BF00A000520044025800340258B3
:103400000D48854600F026F80C480D490D4A00236A
:1034100002E0D458C4500433C4188C42F9D30A4A89
:103420000A4C002301E013600432A242FBD306F0F1
:10343000FDFFFDF7BFF8FEE70000012000000024BB
:10344000C001002450AF0008C0010024AC050024D6
:10345000FEE7000080B400AF074B084A9A60064BB5
:10346000D3F88830044A43F47003C2F8883000BFB0
:10347000BD465DF8047B704700ED00E000000008E9
:1034800080B489B000AF924B1B6903F03803182B4E
:1034900000F2FB8001A252F823F000BF01350008C2
:1034A0008B3600088B3600088B3600088B360008F8
:1034B0008B3600088B3600088B360008153500085F
:1034C0008B3600088B3600088B3600088B360008D8
:1034D0008B3600088B3600088B3600081B35000839
:1034E0008B3600088B3600088B3600088B360008B8
:1034F0008B3600088B3600088B3600082135000813
:10350000734B1B68DB0803F00303724A22FA03F3D0
:10351000FB61C4E0704BFB61C1E0704BFB61BEE03E
:103520006B4B9B6A03F003033B61694B9B6A1B096E
:1035300003F03F03FB60664BDB6A03F00103002BE3
:103540000BD0634B5B6BDB08C3F30C0307EE903AC5
:10355000F8EE677AC7ED067A02E04FF00003BB6130
:10356000FB68002B00F08E803B69012B24D03B6967
:10357000022B43D1FB6807EE903AF8EE677ADFED55
:10358000586A86EEA77A524B1B6BC3F3080307EE0B
:10359000903AF8EE676A97ED066ADFED525AC6EE8A
:1035A000257A76EEA77AF7EE006A77EEA67A67EECE
:1035B000277AC7ED057A4FE0FB6807EE903AF8EE00
:1035C000677ADFED496A86EEA77A414B1B6BC3F33E
:1035D000080307EE903AF8EE676A97ED066ADFEDAA
:1035E000415AC6EE257A76EEA77AF7EE006A77EEB4
:1035F000A67A67EE277AC7ED057A2DE0344B1B6873
:10360000DB0803F00303334A22FA03F3BB60BB6811
:1036100007EE903AF8EE676AFB6807EE903AF8EE2C
:10362000677A86EEA77A2A4B1B6BC3F3080307EE73
:10363000903AF8EE676A97ED066ADFED2A5AC6EE11
:10364000257A76EEA77AF7EE006A77EEA67A67EE2D
:10365000277AC7ED057A00BF1D4B1B6B5B0A03F091
:103660007F0301337B607B6807EE903AB8EE677AA0
:10367000D7ED056AC6EE877AFCEEE77A17EE903A48
:10368000FB610CE00023FB6109E0114B1B68DB08C8
:1036900003F003030F4A22FA03F3FB6100BF0C4B54
:1036A0009B6903F00F033B603B68072B07D93B681E
:1036B000073BFA6922FA03F30C4A136002E00B4A53
:1036C000FB69136000BF2437BD465DF8047B70477B
:1036D000004402580090D00300093D0000366E01FE
:1036E000001BB74B000000460024744A5801002418
:1036F00080B400AF72B600BF00BFFDE780B500AF79
:1037000000F056F800BF80BD80B582B000AF002346
:10371000FB71032000F0D4F90F2000F00DF80346F0
:10372000002B02D00123FB7101E0FFF7AFFDFB7915
:1037300018460837BD4680BD80B584B000AF7860BC
:103740000023FB73174B1B78002B23D0164B1A68F2
:10375000144B1B7819464FF47A73B3FBF1F3B2FBA9
:10376000F3F3184600F0D1F90346002B0FD17B6824
:103770000F2B09D8002279684FF0FF3000F0ABF929
:103780000A4A7B68136007E00123FB7304E001230E
:10379000FB7301E00123FB73FB7B18461037BD462A
:1037A00080BD00BF60010024580100245C0100249A
:1037B00080B400AF064B1B781A46064B1B681344B7
:1037C000044A136000BFBD465DF8047B704700BF2C
:1037D000600100245804002480B400AF034B1B6830
:1037E0001846BD465DF8047B704700BF58040024AE
:1037F00080B584B000AF7860FFF7EEFFB8607B68FB
:10380000FB60FB68B3F1FF3F05D00A4B1B781A46FB
:10381000FB681344FB6000BFFFF7DEFF0246BB6896
:10382000D31AFA689A42F7D800BF00BF1037BD46D6
:1038300080BD00BF6001002480B483B000AF786019
:10384000064BD3F8102105497B681343C1F81031AA
:1038500000BF0C37BD465DF8047B7047000400587C
:1038600080B483B000AF7860074BD3F810217B6839
:103870001340002B14BF01230023DBB218460C3782
:10388000BD465DF8047B70470004005880B489B0E1
:1038900000AFF860B9607A603B60BB68012B21D152
:1038A000FB68012B06D0FB68042B01D1082302E042
:1038B000102300E00023FB611D4BD3F81821FF21EA
:1038C000FB6901FA03F3DB431A407968FB6999400D
:1038D000FB690433386800FA03F30B4314491343BC
:1038E000C1F81831124BD3F81021FB685B00DB43A1
:1038F0001A40FB687B617B6993FAA3F33B613B69E8
:10390000BB61BB69002B01D1202303E0BB69B3FA83
:1039100083F3DBB20133B96801FA03F304491343BB
:10392000C1F8103100BF2437BD465DF8047B7047F5
:103930000004005880B483B000AF7860064BD3F821
:10394000102105497B681343C1F8103100BF0C37C3
:10395000BD465DF8047B70470004005880B485B014
:1039600000AF78607B6803F00703FB600B4BDB68FC
:10397000BB60BA684FF6FF031340BB60FB681A02D6
:10398000BB681A43064B1343BB60044ABB68D36051
:1039900000BF1437BD465DF8047B704700ED00E0C2
:1039A0000000FA0580B400AF044BDB681B0A03F08B
:1039B00007031846BD465DF8047B704700ED00E044
:1039C00080B483B000AF03463960FB80B7F906309E
:1039D000002B0ADB3B68DAB20C49B7F9063012015A
:1039E000D2B20B4483F800230AE03B68DAB20849FC
:1039F000FB8803F00F03043B1201D2B20B441A768A
:103A000000BF0C37BD465DF8047B704700E100E065
:103A100000ED00E080B489B000AFF860B9607A6072
:103A2000FB6803F00703FB61FB69C3F10703042B89
:103A300028BF0423BB61FB690433062B02D9FB6951
:103A4000033B00E000237B614FF0FF32BB6902FAC9
:103A500003F3DA43BB681A407B699A404FF0FF31A9
:103A60007B6901FA03F3D9437B680B401343184683
:103A70002437BD465DF8047B7047000080B582B0F6
:103A800000AF78607B68013BB3F1807F01D30123F5
:103A90000FE00A4A7B68013B53600F214FF0FF3073
:103AA000FFF78EFF054B00229A60044B07221A6035
:103AB000002318460837BD4680BD00BF10E000E077
:103AC00080B582B000AF78607868FFF747FF00BF2D
:103AD0000837BD4680BD80B586B000AF0346B960EB
:103AE0007A60FB81FFF75EFF78617A68B968786970
:103AF000FFF790FF0246B7F90E3011461846FFF760
:103B00005FFF00BF1837BD4680BD80B582B000AFF3
:103B100078607868FFF7B2FF034618460837BD465D
:103B200080BD000080B483B000AF7860BFF35F8FCA
:103B300000BF0B4A7B6843F001035360094B5B6A8B
:103B4000084A43F480335362BFF34F8F00BFBFF383
:103B50006F8F00BF00BF0C37BD465DF8047B704718
:103B600090ED00E000ED00E080B400AFBFF35F8FA8
:103B700000BF0A4B5B6A094A23F480335362084B47
:103B800000225A60BFF34F8F00BFBFF36F8F00BF9B
:103B900000BFBD465DF8047B704700BF00ED00E04C
:103BA00090ED00E080B483B000AF7860074A7B6896
:103BB0009360064B1B69054A23F00103136100BFA4
:103BC0000C37BD465DF8047B704700BF90ED00E008
:103BD00080B483B000AF78607B685A781E4B9A60DF
:103BE0001D4B1B691C4A23F0010313611A4B1B690F
:103BF000194A23F001031361174A7B685B68D3609D
:103C00007B681B7B1A077B68DB7A1B061A437B6881
:103C10009B7ADB041A437B685B7B9B041A437B68BB
:103C20009B7B5B041A437B68DB7B1B041A437B682A
:103C30005B7A1B021A437B681B7A5B0013437A682A
:103C400012781146044A0B43136100BF0C37BD467E
:103C50005DF8047B704700BF90ED00E080B584B054
:103C600000AF7860FFF7B8FDF8607B68002B01D1EA
:103C700001236BE07B6893F85430DBB2022B08D051
:103C80007B6820229A657B68002283F84C20012300
:103C90005CE07B681B685A697B681B6842F0040221
:103CA0005A617B68052283F8542020E0FFF794FDD9
:103CB0000246FB68D31A052B19D97B689B6D43F02C
:103CC00010027B689A657B68032283F854207B6826
:103CD0001B6D03F08003002B03D07B685B6F012218
:103CE0001A737B68002283F84C2001232EE07B6846
:103CF0001B681B6903F40053002BD7D07B681B683B
:103D00005A697B681B6842F002025A617B68042290
:103D100083F854207B681B684FF4FE42DA607B68AE
:103D2000012283F854207B681B6D03F08003002B75
:103D300007D07B685B6F01221A737B681B680022C7
:103D40009A647B68002283F84C20002318461037C1
:103D5000BD4680BD80B487B000AF78603960002375
:103D60007B6143E13B681A6801217B6901FA03F337
:103D70001340FB60FB68002B00F035813B685B68FB
:103D800003F00303012B05D03B685B6803F00303DA
:103D9000022B30D17B689B683B617B695B0003220F
:103DA00002FA03F3DB433A6913403B613B68DA688C
:103DB0007B695B0002FA03F33A6913433B617B685A
:103DC0003A699A607B685B683B6101227B6902FA11
:103DD00003F3DB433A6913403B613B685B681B09B3
:103DE00003F001027B6902FA03F33A6913433B6172
:103DF0007B683A695A603B685B6803F00303032BF6
:103E000009D13B685B6803F00303032B1BD13B68BC
:103E10009B68012B17D07B68DB683B617B695B008B
:103E2000032202FA03F3DB433A6913403B613B6828
:103E30009A687B695B0002FA03F33A6913433B61BA
:103E40007B683A69DA603B685B6803F00303022B26
:103E500023D17B69DA087B68083253F822303B6152
:103E60007B6903F007039B000F2202FA03F3DB4395
:103E70003A6913403B613B681A697B6903F00703A9
:103E80009B0002FA03F33A6913433B617B69DA084A
:103E90007B680832396943F822107B681B683B61F4
:103EA0007B695B00032202FA03F3DB433A691340A8
:103EB0003B613B685B6803F003027B695B0002FACD
:103EC00003F33A6913433B617B683A691A603B68C4
:103ED0005B6803F44033002B00F085804B4A7B691C
:103EE0009B084C3352F823303B617B6903F003039A
:103EF0009B000F2202FA03F3DB433A6913403B6154
:103F00007B689A0A424B13407A6902F003029200DE
:103F100093403A6913433B613C497B699B084C33AE
:103F20003A6941F823204FF0B0431B683B61FB68BE
:103F3000DB433A6913403B613B685B6803F48013E1
:103F4000002B03D03A69FB6813433B614FF0B0424A
:103F50003B6913604FF0B0435B683B61FB68DB4338
:103F60003A6913403B613B685B6803F40013002B24
:103F700003D03A69FB6813433B614FF0B0423B69A1
:103F800053604FF0B043D3F884303B61FB68DB43B0
:103F90003A6913403B613B685B6803F40033002BD4
:103FA00003D03A69FB6813433B614FF0B0423B6971
:103FB000C2F884304FF0B043D3F880303B61FB68E7
:103FC000DB433A6913403B613B685B6803F4803331
:103FD000002B03D03A69FB6813433B614FF0B042BA
:103FE0003B69C2F880307B6901337B613B681A68AA
:103FF0007B6922FA03F3002B7FF4B4AE00BF00BF4D
:104000001C37BD465DF8047B704700BF00040058B4
:104010007FFF290080B584B000AF7860254BDB6856
:1040200003F00703062B0AD0224BDB6803F01F03C3
:104030007A689A4201D0012338E0002336E01D4B14
:10404000DB6823F01F021B497B681343CB60FFF73B
:10405000C3FBF86009E0FFF7BFFB0246FB68D31A19
:10406000B3F57A7F01D9012320E0124B5B6803F09E
:104070000203002BEFD07B681E2B02D07B681D2B28
:1040800013D1FFF7A9FBF86009E0FFF7A5FB024693
:10409000FB68D31AB3F57A7F01D9012306E0054BFB
:1040A000DB6803F48033002BEFD000231846103771
:1040B000BD4680BD0048025880B584B000AF78602E
:1040C000104B5B6923F001020E497B6813434B617F
:1040D000FFF782FBF86009E0FFF77EFB0246FB6812
:1040E000D31AB3F57A7F01D9012306E0054B5B694A
:1040F00003F00203002BEFD0002318461037BD4613
:1041000080BD00BF0048025880B400AF054BDB689B
:10411000044A43F40043D36000BFBD465DF8047B0E
:10412000704700BF0048025880B588B000AF786083
:104130007B68002B01D1012328E3974B1B6903F017
:104140003803FB61944B9B6A03F00303BB61924B02
:104150001B6803F028537B617B681B6803F0010335
:10416000002B00F09C80FB69102B05D07B69002B95
:1041700009D0BB69022B06D17B685B68002B40F03D
:104180008E80012302E37B685B68B3F5803F06D134
:10419000814B1B68804A43F48033136058E07B688E
:1041A0005B68002B12D17C4B1B687B4A23F4803365
:1041B0001360794B1B68784A23F400231360764B15
:1041C0001B68754A23F48023136041E07B685B68B9
:1041D000B3F5A02F12D1704B1B686F4A43F48023B4
:1041E00013606D4B1B686C4A23F4002313606A4B09
:1041F0001B68694A43F48033136029E07B685B687D
:10420000B3F5502F12D1644B1B68634A43F48023EB
:104210001360614B1B68604A43F4002313605E4BDC
:104220001B685D4A43F48033136011E05A4B1B68EE
:10423000594A23F480331360574B1B68564A23F4C2
:1042400080231360544B1B68534A23F400231360EC
:10425000FFF7C2FA38617B685B68002B19D008E071
:10426000FFF7BAFA02463B69D31A642B01D903233C
:104270008CE2494B1B6803F40033002BF0D00EE0B6
:10428000FFF7AAFA02463B69D31A642B01D903232C
:104290007CE2414B1B6803F40033002BF0D17B68B8
:1042A0001B6803F00203002B00F09E80FB69002BCB
:1042B00005D07B69002B47D0BB69002B44D17B68BC
:1042C000DB68002B01D1012360E2334B1B6803F054
:1042D0001803FB60BB69002B09D17B69002B06D05A
:1042E0007B681B69FA689A4201D001234EE22A4B8F
:1042F0001B6823F019027B681B691343264A43F0AD
:1043000001031360FB69002B09D1234B1B68DB08F9
:1043100003F00303214A22FA03F3214A1360214BDD
:104320001B681846FFF708FA0346002B01D001234B
:104330002CE2194B5B6823F0FE427B685B691B062D
:10434000154913434B604FE07B68DB68002B32D08C
:10435000114B1B6823F019027B68D9687B681B69C5
:104360000B430D4913430B600B4B5B6823F0FE427C
:104370007B685B691B06084913434B60FFF72CFA07
:10438000386111E0FFF728FA02463B69D31A012B86
:104390000AD90323FAE100BF004402580090D00379
:1043A000580100245C010024954B1B6803F00403B2
:1043B000002BE7D018E0924B1B68914A23F00103D1
:1043C0001360FFF709FA386108E0FFF705FA0246C3
:1043D0003B69D31A012B01D90323D7E1884B1B6812
:1043E00003F00403002BF0D17B681B6803F010037B
:1043F000002B45D0FB69082B05D07B69002B08D02A
:10440000BB69012B05D17B681B6A002B38D10123C6
:10441000BCE17B681B6A002B19D0794B1B68784A7A
:1044200043F080031360FFF7D7F9386108E0FFF726
:10443000D3F902463B69D31A012B01D90323A5E125
:104440006F4B1B6803F48073002BF0D018E06C4BAB
:104450001B686B4A23F080031360FFF7BDF93861D6
:1044600008E0FFF7B9F902463B69D31A012B01D9DD
:1044700003238BE1624B1B6803F48073002BF0D1A4
:104480007B681B6803F00803002B36D07B689B69B0
:10449000002B19D05A4B5B6F594A43F00103536705
:1044A000FFF79AF9386108E0FFF796F902463B6991
:1044B000D31A012B01D9032368E1514B5B6F03F041
:1044C0000203002BF0D018E04D4B5B6F4C4A23F0F9
:1044D00001035367FFF780F9386108E0FFF77CF9C3
:1044E00002463B69D31A012B01D903234EE1444B09
:1044F0005B6F03F00203002BF0D17B681B6803F0B5
:104500002003002B36D07B68DB69002B19D03C4B95
:104510001B683B4A43F480531360FFF75DF9386131
:1045200008E0FFF759F902463B69D31A012B01D97C
:1045300003232BE1324B1B6803F40053002BF0D014
:1045400018E02F4B1B682E4A23F480531360FFF7AB
:1045500043F9386108E0FFF73FF902463B69D31A97
:10456000012B01D9032311E1254B1B6803F40053F0
:10457000002BF0D17B681B6803F00403002B00F0D4
:104580009B80204B1B681F4A43F4807313607B6839
:104590009B68012B06D11A4B1B6F194A43F001038C
:1045A00013675AE07B689B68002B12D1144B1B6F7A
:1045B000134A23F001031367114B1B6F104A23F0BA
:1045C000800313670E4B1B6F0D4A23F00403136720
:1045D00043E07B689B68052B16D1094B1B6F084A8B
:1045E00043F004031367064B1B6F054A23F0800357
:1045F0001367034B1B6F024A43F0010313672CE060
:1046000000440258004802587B689B68852B12D1F1
:10461000604B1B6F5F4A43F0040313675D4B1B6FD6
:104620005C4A43F0800313675A4B1B6F594A43F0AF
:104630000103136711E0574B1B6F564A23F0010328
:104640001367544B1B6F534A23F004031367514BFA
:104650001B6F504A23F0800313677B689B68002B15
:1046600015D0FFF7B9F838610AE0FFF7B5F8024650
:104670003B69D31A41F28832934201D9032385E082
:10468000444B1B6F03F00203002BEED014E0FFF746
:10469000A3F838610AE0FFF79FF802463B69D31A96
:1046A00041F28832934201D903236FE0394B1B6FEB
:1046B00003F00203002BEED17B685B6A002B42D033
:1046C000FB69182B31D17B685B6A012B01D1012377
:1046D0005CE0304B5B6BDB08C3F30C03FB607B6877
:1046E0009B6CFA689A422ED02A4BDB6A294A23F047
:1046F0000103D362FFF770F8386100BFFFF76CF871
:1047000002463B699342F9D0224B5A6B224B13402D
:104710007A68926CD2001F4913434B631D4BDB6ACE
:104720001C4A43F00103D3620DE07B6801225A6406
:104730007B6824331946002000F088FC0346002BD8
:1047400001D0012322E07B68DB6C002B0AD07B6860
:104750004C331946012000F079FC0346002B01D0B0
:10476000012313E07B685B6F002B0ED07B68012276
:10477000C3F894207B6874331946022000F066FC6D
:104780000346002B01D0012300E000231846203708
:10479000BD4680BD004402580700FFFF80B584B0CD
:1047A00000AF786039607B68002B01D1012382E182
:1047B0008A4B1B6803F03F033A689A4210D9874B33
:1047C0001B6823F03F0285493B6813430B60834B12
:1047D0001B6803F03F033A689A4201D001236AE163
:1047E0007B681B6803F00403002B10D07B681A69F8
:1047F0007B4B1B6A03F007039A4208D9784B1B6A6C
:1048000023F007027B681B69754913430B627B68C1
:104810001B6803F00803002B10D07B685A69704BAB
:104820001B6A03F070039A4208D96D4B1B6A23F090
:1048300070027B685B696A4913430B627B681B6883
:1048400003F01003002B10D07B689A69644B1B6A3D
:1048500003F4E0639A4208D9614B1B6A23F4E062D7
:104860007B689B695E4913430B627B681B6803F09E
:104870002003002B10D07B68DA69594B1B6A03F4C4
:10488000E0439A4208D9564B1B6A23F4E0427B6806
:10489000DB69534913430B627B681B6803F0020317
:1048A000002B10D07B68DA684D4BDB6903F00F03F7
:1048B0009A4208D94A4BDB6923F00F027B68DB6818
:1048C00047491343CB617B681B6803F00103002B4E
:1048D00055D0434B9B6923F00F027B689B6840498E
:1048E00013438B617B685B68022B07D13C4B1B68D1
:1048F00003F40033002B21D10123DCE07B685B68EB
:10490000032B07D1364B1B6803F00073002B15D126
:104910000123D0E07B685B68012B07D1304B1B681B
:1049200003F48073002B09D10123C4E02C4B1B68D6
:1049300003F00403002B01D10123BCE0284B1B69C9
:1049400023F007027B685B68254913430B61FEF780
:1049500043FFF8600AE0FEF73FFF0246FB68D31A08
:1049600041F28832934201D90323A4E01C4B1B6916
:1049700003F038027B685B68DB009A42EBD17B680E
:104980001B6803F00203002B10D07B68DA68144B1D
:10499000DB6903F00F039A4208D2114BDB6923F065
:1049A0000F027B68DB680E491343CB610B4B1B681E
:1049B00003F03F033A689A4214D2084B1B6823F075
:1049C0003F0206493B6813430B60044B1B6803F02E
:1049D0003F033A689A4205D001236CE00020005260
:1049E000004402587B681B6803F00403002B10D0BE
:1049F0007B681A69324B1B6A03F007039A4208D29C
:104A00002F4B1B6A23F007027B681B692C49134359
:104A10000B627B681B6803F00803002B10D07B68D7
:104A20005A69274B1B6A03F070039A4208D2244B41
:104A30001B6A23F070027B685B69214913430B6298
:104A40007B681B6803F01003002B10D07B689A6909
:104A50001B4B1B6A03F4E0639A4208D2184B1B6A93
:104A600023F4E0627B689B69154913430B627B6802
:104A70001B6803F02003002B10D07B68DA69104B11
:104A80001B6A03F4E0439A4208D20D4B1B6A23F4DD
:104A9000E0427B68DB690A4913430B6200F016F8B9
:104AA0000346084A1360084B1B681846FEF744FE8D
:104AB0000346FB72FB7A18461037BD4680BD00BF27
:104AC00000440258580100245C01002480B48BB0DB
:104AD00000AFAA4B1B6903F03803182B00F2368194
:104AE00001A252F823F000BF4D4B00084D4D0008C5
:104AF0004D4D00084D4D00084D4D00084D4D00082E
:104B00004D4D00084D4D0008734B00084D4D0008F9
:104B10004D4D00084D4D00084D4D00084D4D00080D
:104B20004D4D00084D4D0008794B00084D4D0008D3
:104B30004D4D00084D4D00084D4D00084D4D0008ED
:104B40004D4D00084D4D00087F4B00088B4B1B68F6
:104B500003F02003002B09D0884B1B68DB0803F00F
:104B60000303874A22FA03F33B62F2E000233B622D
:104B7000EFE0844B3B62ECE0834B3B62E9E07F4B30
:104B80009B6A03F00303FB617C4B9B6A1B0903F0E8
:104B90003F03BB61794BDB6A03F001037B61774B19
:104BA0005B6BDB08C3F30C037A6902FB03F307EECC
:104BB000903AF8EE677AC7ED047ABB69002B00F0F3
:104BC000C280FB69022B64D0FB69022B00F2838058
:104BD000FB69002B03D0FB69012B38D07BE0674BCE
:104BE0001B6803F02003002B2DD0644B1B68DB08EF
:104BF00003F00303624A22FA03F3FB60FB6807EE4B
:104C0000903AF8EE676ABB6907EE903AF8EE677A79
:104C100086EEA77A594B1B6BC3F3080307EE903A55
:104C2000F8EE676A97ED046ADFED585AC6EE257A0A
:104C300076EEA77AF7EE006A77EEA67A67EE277A25
:104C4000C7ED097A69E04FF000037B6265E0BB695C
:104C500007EE903AF8EE677ADFED4D6A86EEA77AB6
:104C6000464B1B6BC3F3080307EE903AF8EE676AF6
:104C700097ED046ADFED455AC6EE257A76EEA77AFF
:104C8000F7EE006A77EEA67A67EE277AC7ED097A23
:104C900043E0BB6907EE903AF8EE677ADFED3D6AD4
:104CA00086EEA77A354B1B6BC3F3080307EE903AE9
:104CB000F8EE676A97ED046ADFED345AC6EE257A9E
:104CC00076EEA77AF7EE006A77EEA67A67EE277A95
:104CD000C7ED097A21E0BB6907EE903AF8EE677AF2
:104CE000DFED2B6A86EEA77A244B1B6BC3F3080318
:104CF00007EE903AF8EE676A97ED046ADFED235A03
:104D0000C6EE257A76EEA77AF7EE006A77EEA67AF7
:104D100067EE277AC7ED097A00BF184B1B6B5B0A59
:104D200003F07F030133BB60BB6807EE903AB8EE37
:104D3000677AD7ED096AC6EE877AFCEEE77A17EE56
:104D4000903A3B6205E000233B6202E00D4B3B6280
:104D500000BF0A4B9B6903F00F037B607B68072B46
:104D600005D97B68073B3A6A22FA03F33B623B6A48
:104D700018462C37BD465DF8047B70470044025846
:104D80000090D00300093D0000366E01000000468F
:104D90000024744A001BB74B80B584B000AF104AA2
:104DA0003B4692E8030083E80300FFF78FFEF860BC
:104DB0000C4BDB6903F00F03BB60BB68072B09D901
:104DC000BB68083B10333B4413F8103C1A46FB68A1
:104DD000D340FB60FB6818461037BD4680BD00BF5E
:104DE000D4AE00080044025880B582B000AFFFF78F
:104DF000D3FF7860094B1B6A03F007033B603B68F5
:104E0000032B05D93B68033B7A6822FA03F37B60E6
:104E10007B6818460837BD4680BD00BF0044025875
:104E200080B582B000AFFFF7B7FF7860094B1B6A0F
:104E30001B0903F007033B603B68032B05D93B6864
:104E4000033B7A6822FA03F37B607B6818460837D5
:104E5000BD4680BD0044025880B582B000AFFFF768
:104E60009BFF7860094B1B6A1B0A03F007033B603A
:104E70003B68032B05D93B68033B7A6822FA03F3AE
:104E80007B607B6818460837BD4680BD00440258E9
:104E900080B582B000AF084B1B6B1B0C03F07F0387
:104EA00001337B6000F028FA02467B68B2FBF3F323
:104EB00018460837BD4680BD0044025880B582B010
:104EC00000AF084B9B6B5B0A03F07F0301337B60F1
:104ED00000F098FA02467B68B2FBF3F318460837F5
:104EE000BD4680BD0044025880B582B000AF084B7B
:104EF0009B6B1B0C03F07F0301337B6000F082FA95
:104F000002467B68B2FBF3F318460837BD4680BD06
:104F10000044025880B582B000AF084B9B6B1B0E5B
:104F200003F07F0301337B6000F06CFA02467B687C
:104F3000B2FBF3F318460837BD4680BD0044025863
:104F400080B582B000AF084BD3F8C43003F007033C
:104F500001337B6000F056FA02467B68B2FBF3F344
:104F600018460837BD4680BD0044025880B582B05F
:104F700000AF094BD3F8C4301B0A03F00703013319
:104F80007B6000F03FFA02467B68B2FBF3F3184601
:104F90000837BD4680BD00BF0044025880B582B0CE
:104FA00000AF084B1B6C5B0A03F07F0301337B608F
:104FB00000F0AEFA02467B68B2FBF3F318460837FE
:104FC000BD4680BD0044025880B582B000AF084B9A
:104FD0001B6C1B0C03F07F0301337B6000F098FA1D
:104FE00002467B68B2FBF3F318460837BD4680BD26
:104FF0000044025880B582B000AF084B1B6C1B0EFA
:1050000003F07F0301337B6000F082FA02467B6885
:10501000B2FBF3F318460837BD4680BD0044025882
:1050200080B582B000AF084BD3F8C83003F0070357
:1050300001337B6000F06CFA02467B68B2FBF3F34D
:1050400018460837BD4680BD0044025880B58AB076
:1050500000AF78603960002387F823307B68DA007E
:105060009A4B1344FB617B689A00994B1344BB61D4
:10507000984BD96A7A6813469B0013445B0013442B
:105080004FF4787202FA03F3DB43924A0B40D36287
:10509000904B1A687B685B004FF0807101FA03F354
:1050A000DB438C4913400B60FEF796FB786108E008
:1050B000FEF792FB02467B69D31A322B01D90323F8
:1050C000FFE0844B1A687B685B004FF0007101FAC7
:1050D00003F31340002BEBD13B681B68022B40F01D
:1050E000DD803B685B683B613B69002B09D1794BF4
:1050F0001B68DB0803F00303774A22FA03F37B62A1
:1051000007E03B69022B02D1744B7B6201E0744BD8
:105110007B623B689B687A6AB2FBF3F37B627B6AD3
:10512000704A934202D318237B620FE07B6A6E4A77
:10513000934202D910237B6208E07B6A6B4A934258
:1051400002D908237B6201E002237B627A6813465E
:105150009B0013445B0013447A6A02FA03F37B62F8
:105160005C4B9A6A7B68DB004FF47C7101FA03F3B5
:1051700043F00303DB431A403B6899687B68DB001C
:10518000043399403B690B43524913438B62514BA3
:105190009B6A03F003033A699A4201D0012390E02D
:1051A0004C4BD96A7A6813469B0013445B00134446
:1051B0001B2202FA03F3DB4301EA030245497B6A3F
:1051C0001343CB623B68DB685A1E3B681B69013B9B
:1051D0005B021A433B685B69013B1B041A433B6853
:1051E0009B69013B1B061A43FB691A603B68DB693C
:1051F0005A1E3B681B6A013B1B021A43BB691A60BB
:105200007B68002B05D1334BDB6A324A43F0200325
:10521000D3623B685B6A002B1CD07B68DA00344B9E
:105220001344FB60FB681A68324B13403A68526AB9
:10523000D2001A43FB681A60264BD96A7A68134673
:105240009B0013445B001344012202FA03F3214A3A
:105250000B43D3621F4B1A687B685B004FF0807171
:1052600001FA03F31B4913430B60FEF7B5FA7861AB
:1052700008E0FEF7B1FA02467B69D31A322B01D956
:1052800003231EE0134B1A687B685B004FF000712C
:1052900001FA03F31340002BEBD010E00D4B9A6A98
:1052A0007B68DB0004334FF47C7101FA03F343F0B5
:1052B0000303DB431340074A43F00303936297F869
:1052C000233018462837BD4680BD00BF3044025801
:1052D000C0440258004402580090D00300366E01CA
:1052E00000093D0000127A00FF083D007F841E0087
:1052F000344402580700FFFF80B489B000AF3C4B34
:105300009B6A7B613A4B1B6B3B617B691B0903F01A
:105310003F03FB603B69C3F308030133BB60FB68D9
:10532000002B01D100235CE0314BDB6A03F0010369
:10533000002B06D02E4B5B6BDB08C3F30C03BB6169
:1053400001E00023BB617B6903F00303022B19D04A
:10535000022B1DD8002B02D0012B16D018E0244BB5
:105360001B6803F02003002B09D0214B1B68DB08CE
:1053700003F003031F4A22FA03F3FB610BE000234F
:10538000FB6108E01C4BFB6105E01C4BFB6102E08C
:105390000023FB6100BFFB6907EE903AF8EE676AF5
:1053A000FB6807EE903AF8EE677A86EEA77ABB685C
:1053B00007EE903AF8EE676ABB6907EE903AB8EEEE
:1053C000676ADFED0F5AC6EE257A76EEA77A67EEAA
:1053D000277AC7ED017AD7ED017AFCEEE77A17EE6E
:1053E000903A18462437BD465DF8047B704700BFED
:1053F000004402580090D00300366E0100093D00C1
:105400000000004680B489B000AF3C4B9B6A7B61D2
:105410003A4B9B6B3B617B691B0B03F03F03FB60CB
:105420003B69C3F308030133BB60FB68002B01D168
:1054300000235CE0314BDB6A03F40063002B06D0F1
:105440002E4BDB6BDB08C3F30C03BB6101E00023D5
:10545000BB617B6903F00303022B19D0022B1DD81B
:10546000002B02D0012B16D018E0244B1B6803F050
:105470002003002B09D0214B1B68DB0803F003033A
:105480001F4A22FA03F3FB610BE00023FB6108E0F3
:105490001C4BFB6105E01C4BFB6102E00023FB6140
:1054A00000BFFB6907EE903AF8EE676AFB6807EE0B
:1054B000903AF8EE677A86EEA77ABB6807EE903AE4
:1054C000F8EE676ABB6907EE903AB8EE676ADFEDFF
:1054D0000F5AC6EE257A76EEA77A67EE277AC7EDE1
:1054E000017AD7ED017AFCEEE77A17EE903A18468A
:1054F0002437BD465DF8047B704700BF0044025866
:105500000090D00300366E0100093D000000004607
:1055100080B489B000AF3C4B9B6A7B613A4B1B6CFB
:105520003B617B691B0D03F03F03FB603B69C3F3E9
:1055300008030133BB60FB68002B01D100235CE052
:10554000314BDB6A03F48003002B06D02E4B5B6CDF
:10555000DB08C3F30C03BB6101E00023BB617B6983
:1055600003F00303022B19D0022B1DD8002B02D00D
:10557000012B16D018E0244B1B6803F02003002BEE
:1055800009D0214B1B68DB0803F003031F4A22FAF2
:1055900003F3FB610BE00023FB6108E01C4BFB61A4
:1055A00005E01C4BFB6102E00023FB6100BFFB69CF
:1055B00007EE903AF8EE676AFB6807EE903AF8EE6D
:1055C000677A86EEA77ABB6807EE903AF8EE676ACC
:1055D000BB6907EE903AB8EE676ADFED0F5AC6EE88
:1055E000257A76EEA77A67EE277AC7ED017AD7EDAE
:1055F000017AFCEEE77A17EE903A18462437BD465A
:105600005DF8047B704700BF004402580090D0034F
:1056100000366E0100093D00000000462DE9B04F44
:10562000C2B000AFC7F8F400002387F807310023A9
:1056300087F80631D7F8F430D3E9002302F4802448
:10564000002554EA050300F09A80AA4B1B6F03F46F
:105650004073C7F80031D7F80031002B2FD0D7F8AE
:10566000F430D3F8843003F44072D7F80031934219
:1056700025D0A14B1B68A04A43F4807313609E4B56
:105680001B6803F48073002B03D1012387F80731D3
:1056900015E0984B1B6F23F44073C7F80031954B0E
:1056A0001B6F944A43F480331367924B1B6F914AEC
:1056B00023F4803313678F4AD7F80031136797F8C4
:1056C0000731002B57D1D7F8F430D3F88430B3F535
:1056D000807F18D1FEF780F8C7F8FC000DE0FEF7D8
:1056E0007BF80246D7F8FC30D21A41F288339A424E
:1056F00003D9032387F8073105E07E4B1B6F03F0C6
:105700000203002BEBD097F80731002B2ED1D7F8EE
:10571000F430D3F8843003F47C33002B0ED0754B77
:105720001B6923F47C51D7F8F430D3F884301A097C
:10573000724B13406F4A0B43136105E06D4B1B69BD
:105740006C4A23F47C5313616A4B196FD7F8F43019
:10575000D3F8843003F44073664A0B431367654BF8
:105760001B6F644A43F40043136708E097F807315E
:1057700087F8063103E097F8073187F80631D7F844
:10578000F430D3E9002302F001084FF0000958EA91
:10579000090335D0D7F8F4309B68032B18D801A241
:1057A00052F823F0D9570008B5570008C35700082E
:1057B000D95700084F4BDB6A4E4A43F04003D3628F
:1057C0000BE04C4BDB6A4B4A43F48023D36204E08A
:1057D000012387F8073100E000BF97F80731002B5D
:1057E0000AD1444BDB6C23F00301D7F8F4309B68FB
:1057F000404A0B43D36403E097F8073187F806313A
:10580000D7F8F430D3E9002302F0020A4FF0000B7E
:105810005AEA0B0330D0D7F8F430DB68202B0CD0D9
:10582000202B11D8002B13D0102B0DD1314BDB6A5C
:10583000304A43F40023D3620BE02E4BDB6A2D4A3F
:1058400043F48013D36204E0012387F8073100E0BA
:1058500000BF97F80731002B0AD1264BDB6C23F0F1
:105860003001D7F8F430DB68224A0B43D36403E0FD
:1058700097F8073187F80631D7F8F430D3E90023D9
:1058800002F00403C7F8E8300023C7F8EC30D7E98A
:105890003A120B46134337D0D7F8F4301B69802BEC
:1058A0000CD0802B11D8002B13D0402B0DD1114BD5
:1058B000DB6A104A43F40023D3620BE00D4BDB6A32
:1058C0000C4A43F48013D36204E0012387F80731C4
:1058D00000E000BF97F80731002B11D1054BDB6CBE
:1058E00023F0C001D7F8F4301B69024A0B43D3649C
:1058F0000AE000BF0044025800480258CFFFFF0FE3
:1059000097F8073187F80631D7F8F430D3E9002348
:1059100002F00803C7F8E0300023C7F8E430D7E905
:1059200038120B46134309D0A44BDB6C23F04051D3
:10593000D7F8F4305B69A14A0B43D364D7F8F4304D
:10594000D3E9002302F40013C7F8D8300023C7F8C6
:10595000DC30D7E936120B4613432CD0D7F8F4309D
:105960009B6D002B02D0042B07D00DE0934BDB6A1C
:10597000924A43F40023D3620AE0904BDB6A8F4AD9
:1059800043F48013D36203E0012387F8073100BF9B
:1059900097F80731002B0AD1884BDB6C23F0040108
:1059A000D7F8F4309B6D854A0B43D36403E097F836
:1059B000073187F80631D7F8F430D3E9002302F035
:1059C0001003C7F8D0300023C7F8D430D7E9341219
:1059D0000B46134334D0D7F8F4309B69B3F1007F02
:1059E0001AD0B3F1007F13D8002B03D0B3F1807F1E
:1059F00007D00DE0714BDB6A704A43F48033D36209
:105A00000BE06E4BDB6A6D4A43F00053D36204E057
:105A1000012387F8073100E000BF97F80731002B1A
:105A20000AD1664BDB6C23F04071D7F8F4309B69E8
:105A3000624A0B43D36403E097F8073187F80631D5
:105A4000D7F8F430D3E9002302F02003C7F8C830B8
:105A50000023C7F8CC30D7E932120B46134345D0A8
:105A6000D7F8F430DB69B3F5A00F2BD0B3F5A00F56
:105A700024D8B3F5800F25D0B3F5800F1ED8B3F529
:105A8000401F1FD0B3F5401F18D8B3F5001F0ED02C
:105A9000B3F5001F12D8002B14D0B3F5801F0DD121
:105AA000464BDB6A454A43F48033D3620BE0434BF9
:105AB000DB6A424A43F00063D36204E0012387F8C3
:105AC000073100E000BF97F80731002B0AD13B4BAC
:105AD000DB6C23F4E001D7F8F430DB69374A0B4381
:105AE000D36403E097F8073187F80631D7F8F4302C
:105AF000D3E9002302F04003C7F8C0300023C7F801
:105B0000C430D7E930120B46134309D02B4B1B6D21
:105B100023F04051D7F8F4301B6A284A0B43136531
:105B2000D7F8F430D3E9002302F08003C7F8B83087
:105B30000023C7F8BC30D7E92E120B46134309D017
:105B40001E4BDB6C23F44031D7F8F4305B6A1B4A00
:105B50000B43D364D7F8F430D3E9002302F4807305
:105B6000C7F8B0300023C7F8B430D7E92C120B4681
:105B7000134329D0D7F8F4309B6A002B0DD0B3F52E
:105B8000802F06D10D4BDB6A0C4A43F08043D36271
:105B900004E0012387F8073100E000BF97F80731E0
:105BA000002B0DD1054BDB6C23F48021D7F8F430AA
:105BB0009B6A024A0B43D36406E000BF00440258CC
:105BC00097F8073187F80631D7F8F430D3E9002386
:105BD00002F40073C7F8A8300023C7F8AC30D7E947
:105BE0002A120B46134333D0D7F8F430DB6AB3F5EF
:105BF000000F0ED0B3F5000F12D8002B14D0B3F560
:105C0000800F0DD1A74BDB6AA64A43F04003D36255
:105C10000BE0A44BDB6AA34A43F48033D36204E075
:105C2000012387F8073100E000BF97F80731002B08
:105C30000AD19C4B1B6D23F44001D7F8F430DB6A8A
:105C4000984A0B43136503E097F8073187F806314C
:105C5000D7F8F430D3E9002302F40063C7F8A0308A
:105C60000023C7F8A430D7E928120B46134332D0DB
:105C7000D7F8F4301B6BB3F5405F18D0B3F5405F35
:105C800011D8B3F5005F12D0B3F5005F0BD8002B2D
:105C90000DD0B3F5805F06D1824BDB6A814A43F0B9
:105CA0000053D36204E0012387F8073100E000BF0E
:105CB00097F80731002B0AD17A4B1B6D23F4405122
:105CC000D7F8F4301B6B774A0B43136503E097F862
:105CD000073187F80631D7F8F430D3E9002302F40E
:105CE0008063C7F898300023C7F89C30D7E92612A4
:105CF0000B46134332D0D7F8F4305B6BB3F5407FDB
:105D000018D0B3F5407F11D8B3F5007F12D0B3F5AA
:105D1000007F0BD8002B0DD0B3F5807F06D1614BEF
:105D2000DB6A604A43F00053D36204E0012387F842
:105D3000073100E000BF97F80731002B0AD1594B1B
:105D40001B6D23F44071D7F8F4305B6B554A0B435D
:105D5000136503E097F8073187F80631D7F8F43078
:105D6000D3E9002302F48053C7F890300023C7F82A
:105D70009430D7E924120B4613434BD0D7F8F430B4
:105D80009B6BB3F5A02F2BD0B3F5A02F24D8B3F580
:105D9000802F27D0B3F5802F1ED8B3F5403F23D0F6
:105DA000B3F5403F18D8B3F5003F0ED0B3F5003F30
:105DB00012D8002B1AD0B3F5803F0DD1394BDB6AD6
:105DC000384A43F48033D36211E0364BDB6A354AFC
:105DD00043F00053D3620AE0012387F8073106E05D
:105DE00000BF04E000BF02E000BF00E000BF97F882
:105DF0000731002B0AD12B4B1B6D23F4E021D7F880
:105E0000F4309B6B274A0B43136503E097F8073187
:105E100087F80631D7F8F430D3E9002302F40053B1
:105E2000C7F888300023C7F88C30D7E922120B4618
:105E300013434DD0D7F8F430DB6BB3F5A06F2BD004
:105E4000B3F5A06F24D8B3F5806F27D0B3F5806F7A
:105E50001ED8B3F5407F23D0B3F5407F18D8B3F5F3
:105E6000007F0ED0B3F5007F12D8002B1CD0B3F505
:105E7000807F0DD10B4BDB6A0A4A43F48033D36237
:105E800013E0084BDB6A074A43F00053D3620CE08F
:105E9000012387F8073108E000BF06E000BF04E0F7
:105EA00000BF02E00044025800BF97F80731002B02
:105EB0000AD1A84B9B6D23F4E061D7F8F430DB6B7B
:105EC000A44A0B43936503E097F8073187F806313E
:105ED000D7F8F430D3E9002302F48043C7F88030C8
:105EE0000023C7F88430D7E920120B4613434BD068
:105EF000D7F8F4301B6CB3F5A04F2BD0B3F5A04FFF
:105F000024D8B3F5804F27D0B3F5804F1ED8B3F512
:105F1000405F23D0B3F5405F18D8B3F5005F0ED0D3
:105F2000B3F5005F12D8002B1AD0B3F5805F0DD106
:105F3000884BDB6A874A43F48033D36211E0854B98
:105F4000DB6A844A43F00053D3620AE0012387F8F6
:105F5000073106E000BF04E000BF02E000BF00E040
:105F600000BF97F80731002B0AD17A4B9B6D23F4C1
:105F7000E041D7F8F4301B6C764A0B43936503E09D
:105F800097F8073187F80631D7F8F430D3E90023C2
:105F900002F40043BB670023FB67D7E91E120B46E0
:105FA000134339D0D7F8F4305B6C052B1CD801A211
:105FB00052F823F0F15F0008CD5F0008DB5F0008B6
:105FC000F15F0008F15F0008F15F0008614BDB6AD8
:105FD000604A43F40033D3620BE05E4BDB6A5D4AF8
:105FE00043F08053D36204E0012387F8073100E0D7
:105FF00000BF97F80731002B0AD1564B9B6D23F059
:106000000701D7F8F4305B6C524A0B43936503E009
:1060100097F8073187F80631D7F8F430D3E9002331
:1060200002F480333B6700237B67D7E91C120B46E1
:10603000134305D0474BDB6A464A43F00053D36213
:10604000D7F8F430D3E9002302F40033BB66002311
:10605000FB66D7E91A120B46134327D0D7F8F43062
:10606000DB6C002B03D0B3F1006F0BD006E0394B93
:10607000DB6A384A43F00053D36204E0012387F817
:10608000073100E000BF97F80731002B0AD1314BF0
:10609000DB6C23F00061D7F8F430DB6C2D4A0B4346
:1060A000D36403E097F8073187F80631D7F8F43066
:1060B000D3E9002302F400233B6600237B66D7E983
:1060C00018120B4613434BD0D7F8F4301B6DB3F5C1
:1060D000802F2DD0B3F5802F26D8B3F5403F29D09F
:1060E000B3F5403F20D8B3F5003F16D0B3F5003FDD
:1060F0001AD8002B03D0B3F5803F07D014E0154B1E
:10610000DB6A144A43F04003D36214E0114BDB6AAC
:10611000104A43F48033D3620DE00E4BDB6A0D4A24
:1061200043F00063D36206E0012387F8073102E001
:1061300000BF00E000BF97F80731002B0CD1054BE2
:106140005B6D23F4E021D7F8F4301B6D014A0B435B
:10615000536505E00044025897F8073187F8063187
:10616000D7F8F430D3E9002302F48013BB65002391
:10617000FB65D7E916120B46134351D0D7F8F4301C
:106180005B6DB3F5A00F33D0B3F5A00F2CD8B3F5EA
:10619000800F2FD0B3F5800F26D8B3F5401F2BD03A
:1061A000B3F5401F20D8B3F5001F16D0B3F5001F7C
:1061B0001AD8002B03D0B3F5801F07D014E0934BFF
:1061C000DB6A924A43F04003D36216E08F4BDB6AEE
:1061D0008E4A43F48033D3620FE08C4BDB6A8B4AE8
:1061E00043F00063D36208E0012387F8073104E03D
:1061F00000BF02E000BF00E000BF97F80731002BAE
:106200000AD1824B5B6D23F4E001D7F8F4305B6D6B
:106210007E4A0B43536503E097F8073187F8063150
:10622000D7F8F430D3E9002302F480033B65002360
:106230007B65D7E914120B46134341D0D7F8F430ED
:10624000DB6EB3F1407F27D0B3F1407F20D8B3F1AC
:10625000007F16D0B3F1007F1AD8002B03D0B3F122
:10626000807F07D014E0694BDB6A684A43F0400343
:10627000D36212E0654BDB6A644A43F48023D36245
:106280000BE0624BDB6A614A43F00053D36204E0E7
:10629000012387F8073100E000BF97F80731002B92
:1062A0000AD15A4B1B6D23F04071D7F8F430DB6EE6
:1062B000564A0B43136503E097F8073187F8063118
:1062C000D7F8F430D3E9002302F40003BB640023C1
:1062D000FB64D7E912120B46134349D0D7F8F430C8
:1062E000DB6DB3F5806F2DD0B3F5806F26D8B3F595
:1062F000407F29D0B3F5407F20D8B3F5007F16D07A
:10630000B3F5007F1AD8002B03D0B3F5807F07D0F8
:1063100014E03E4BDB6A3D4A43F04003D36214E095
:106320003A4BDB6A394A43F48033D3620DE0374B92
:10633000DB6A364A43F00063D36206E0012387F844
:10634000073102E000BF00E000BF97F80731002BE3
:106350000AD12E4B5B6D23F4E061D7F8F430DB6D8E
:106360002A4A0B43536503E097F8073187F8063153
:10637000D7F8F430D3E9002302F080733B640023A4
:106380007B64D7E910120B46134345D0D7F8F4309D
:106390001B6E402B27D0402B21D8302B25D0302B03
:1063A0001DD8202B14D0202B19D8002B02D0102B55
:1063B00007D014E0154BDB6A144A43F04003D36264
:1063C00014E0124BDB6A114A43F48033D3620DE0D0
:1063D0000E4BDB6A0D4A43F00063D36206E00123F3
:1063E00087F8073102E000BF00E000BF97F80731EF
:1063F000002B0DD1054B1B6D23F07001D7F8F43045
:106400001B6E024A0B43136506E000BF00440258AE
:1064100097F8073187F80631D7F8F430D3E900232D
:1064200002F00073BB630023FB63D7E90E120B4637
:10643000134342D0D7F8F4305B6E502B23D0502B4F
:106440001DD8402B21D0402B19D8302B1FD0302BFA
:1064500015D8202B0CD0202B11D8002B19D0102BA5
:106460000DD1A24BDB6AA14A43F40033D36211E0A1
:106470009E4BDB6A9D4A43F08053D3620AE00123BE
:1064800087F8073106E000BF04E000BF02E000BF6C
:1064900000E000BF97F80731002B0AD1934B5B6DEA
:1064A00023F07001D7F8F4305B6E904A0B435365CC
:1064B00003E097F8073187F80631D7F8F430D3E9CD
:1064C000002302F080633B6300237B63D7E90C1257
:1064D0000B46134342D0D7F8F4309B6E502B23D099
:1064E000502B1DD8402B21D0402B19D8302B1FD03A
:1064F000302B15D8202B0CD0202B11D8002B19D0E5
:10650000102B0DD1794BDB6A784A43F40033D36208
:1065100011E0764BDB6A754A43F08053D3620AE0A0
:10652000012387F8073106E000BF04E000BF02E066
:1065300000BF00E000BF97F80731002B0AD16B4B7A
:106540009B6D23F07001D7F8F4309B6E674A0B43C4
:10655000936503E097F8073187F80631D7F8F430F0
:10656000D3E9002302F08053BB620023FB62D7E92A
:106570000A120B46134339D0D7F8F4301B6F052BA2
:106580001CD801A252F823F0C5650008A1650008D7
:10659000AF650008C5650008C5650008C565000849
:1065A000524BDB6A514A43F40033D3620BE04F4B4A
:1065B000DB6A4E4A43F08053D36204E0012387F83C
:1065C000073100E000BF97F80731002B0AD1474B95
:1065D0005B6D23F00702D7F8F4301B6F4349134378
:1065E0004B6503E097F8073187F80631D7F8F430A8
:1065F000D3E9002302F000533B6200237B62D7E91A
:1066000008120B46134339D0D7F8F4305B6F052BD3
:106610001CD801A252F823F0556600083166000824
:106620003F66000855660008556600085566000874
:106630002E4BDB6A2D4A43F40033D3620BE02B4B25
:10664000DB6A2A4A43F08053D36204E0012387F8CF
:10665000073100E000BF97F80731002B0AD1234B28
:106660001B6D23F00702D7F8F4305B6F1F4913430B
:106670000B6503E097F8073187F80631D7F8F43057
:10668000D3E9002302F08043BB610023FB61D7E91B
:1066900006120B4613432FD0D7F8F4309B6FB3F597
:1066A000005F08D0B3F5005F0CD8002B0ED0B3F517
:1066B000805F0BD006E00D4BDB6A0C4A43F0805341
:1066C000D36204E0012387F8073100E000BF97F8A8
:1066D0000731002B0CD1054BDB6C23F44052D7F86B
:1066E000F4309B6F01491343CB6405E0004402582A
:1066F00097F8073187F80631D7F8F430D3E900234B
:1067000002F000433B6100237B61D7E904120B4692
:10671000134334D0D7F8F430D3F88030B3F5404F7A
:1067200018D0B3F5404F11D8B3F5004F12D0B3F5E0
:10673000004F0BD8002B0DD0B3F5804F06D12F4B57
:10674000DB6A2E4A43F08053D36204E0012387F8CA
:10675000073100E000BF97F80731002B0BD1274B22
:10676000DB6C23F44042D7F8F430D3F8803023496F
:106770001343CB6403E097F8073187F80631D7F865
:10678000F430D3E9002302F00063BB600023FB6018
:10679000D7E902120B4613430AD0184B1B6923F4A6
:1067A0000042D7F8F430D3F88830144913430B6112
:1067B000D7F8F430D3E900230021396003F0010356
:1067C0007B60D7E900120B46134309D00B4BDB6CFF
:1067D00023F47062D7F8F430DB6F08491343CB64BD
:1067E00097F80631002B01D1002300E00123184661
:1067F00007F58477BD46BDE8B08F00BF004402585E
:1068000080B586B000AF786000237B617B68B3F110
:10681000004F01F0DB827B68B3F1004F01F2268369
:106820007B68B3F1804F01F098827B68B3F1804FB1
:1068300001F21C837B68B3F1005F01F02A827B6860
:10684000B3F1005F01F212837B68B3F1805F01F066
:10685000BB817B68B3F1805F01F208837B68B3F191
:10686000806F01F039817B68B3F1806F01F2FE82A5
:106870007B68B3F1007F01F0BF807B68B3F1007FDC
:1068800001F2F4827B68B3F1807F01F069807B685C
:10689000B3F1807F01F2EA827B68B3F5000F01F06B
:1068A00007807B68B3F5000F01F2E0827B68B3F5E7
:1068B000800F00F0A2877B68B3F5800F01F2D682CB
:1068C0007B68B3F5001F00F07A877B68B3F5001F83
:1068D00001F2CC827B68B3F5801F00F013877B68E0
:1068E000B3F5801F01F2C2827B68B3F5002F00F080
:1068F000AD867B68B3F5002F01F2B8827B68B3F5F3
:10690000802F00F044867B68B3F5802F01F2AE82C1
:106910007B68B3F5003F00F01C867B68B3F5003F51
:1069200001F2A4827B68B3F5803F00F006867B68A5
:10693000B3F5803F01F29A827B68B3F5004F00F017
:1069400092857B68B3F5004F01F290827B68B3F5C6
:10695000804F00F019857B68B3F5804F01F2868285
:106960007B68B3F5005F00F0A3847B68B3F5005F3C
:1069700001F27C827B68B3F5805F00F02D847B6838
:10698000B3F5805F01F272827B68B3F5006F00F0AF
:10699000C5837B68B3F5006F01F268827B68B3F54D
:1069A000806F00F065837B68B3F5806F01F25E82D3
:1069B0007B68B3F5007F00F01D837B68B3F5007F33
:1069C00001F254827B68B3F5807F00F0ED827B6832
:1069D000B3F5807F01F24A827B68802B00F09182C0
:1069E0007B68802B01F242827B68202B4CD87B682D
:1069F000002B01F03B827B68013B1F2B01F23682AA
:106A000001A252F823F000BF956A0008636B0008EA
:106A10006D7E0008F36B00086D7E00086D7E000837
:106A20006D7E00088B6C00086D7E00086D7E00088E
:106A30006D7E00086D7E00086D7E00086D7E00088A
:106A40006D7E00082D6D00086D7E00086D7E0008CB
:106A50006D7E00086D7E00086D7E00086D7E00086A
:106A60006D7E00086D7E00086D7E00086D7E00085A
:106A70006D7E00086D7E00086D7E00086D7E00084A
:106A80006D7E0008996D00087B68402B00F0FB814B
:106A900001F0ECB9A14BD3F8003103F4E043B3F5B6
:106AA000A04F04D09D4BDB6C03F0030301E04FF4D7
:106AB000A0433B613B69032B0ED83B69032B44D8B1
:106AC00001A252F823F000BFE36A0008EB6A000855
:106AD000FF6A0008136B00083B69B3F5A04F2ED086
:106AE00033E0FEF759F9786139E08C4BDB6A03F04B
:106AF0004003002B2CD0FEF7CBF9786128E0874BC0
:106B0000DB6A03F48023002B25D0FEF703FA7861BB
:106B100021E0824B1B6803F00403002B1ED07F4B47
:106B20001B6803F02003002B18D07C4B1B68DB088C
:106B300003F003037A4A22FA03F37B610EE0FEF7C7
:106B40002BF903469B087B6109E000BF01F093B974
:106B500000BF01F090B900BF01F08DB900BF01F096
:106B60008AB96E4BD3F8003103F07003402B04D088
:106B70006A4BDB6C03F0300300E040233B613B6970
:106B8000402B27D03B69402B2AD83B69202B17D0BC
:106B90003B69202B24D83B69002B03D03B69102B89
:106BA00004D01DE0FEF7F8F8786120E05B4BDB6A6B
:106BB00003F40023002B16D0FEF7C2F9786112E02F
:106BC000564BDB6A03F48013002B0FD0FEF7CEF98F
:106BD00078610BE0FEF7E0F803469B087B6106E076
:106BE00000BF01F048B900BF01F045B900BF01F096
:106BF00042B94A4BD3F8003103F4E063B3F5806F38
:106C000004D0464BDB6C03F0C00301E04FF480631B
:106C10003B613B69B3F5806F28D03B69B3F5806F6A
:106C20002AD83B69802B17D03B69802B24D83B693D
:106C3000002B03D03B69402B04D01DE0FEF7ACF8DD
:106C4000786120E0354BDB6A03F40023002B16D07B
:106C5000FEF776F9786112E0304BDB6A03F48013BB
:106C6000002B0FD0FEF782F978610BE0FEF794F865
:106C700003469B087B6106E000BF01F0FCB800BF43
:106C800001F0F9B800BF01F0F6B8244BDB6C03F05B
:106C900040533B613B69B3F1005F2AD03B69B3F1DC
:106CA000005F2FD83B69002B04D03B69B3F1805FB4
:106CB00016D027E0194B1B6803F00403002B24D0E7
:106CC000164B1B6803F02003002B1ED0134B1B68D0
:106CD000DB0803F00303124A22FA03F37B6114E09A
:106CE0000E4B1B6803F48073002B11D00D4B7B619E
:106CF0000EE00A4B1B6803F40033002B0BD00A4B49
:106D00007B6108E000BF01F0B6B800BF01F0B3B886
:106D100000BF01F0B0B800BF01F0ADB800440258A8
:106D20000090D00300093D0000366E019A4BDB6CE9
:106D300003F040733B613B69B3F1007F1FD03B69B7
:106D4000B3F1007F1FD83B69002B04D03B69B3F13E
:106D5000807F0AD017E0904BDB6A03F48033002B6E
:106D600014D0FEF7ABF8786110E08B4BDB6A03F0D0
:106D70000053002B0DD0FEF73DF9786109E001F0DA
:106D800093F8786106E000BF01F075B800BF01F02C
:106D900072B800BF01F06FB87F4BDB6C03F4E00307
:106DA0003B613B69B3F5A00F48D03B69B3F5A00F39
:106DB0005AD83B69B3F5800F37D03B69B3F5800FE4
:106DC00052D83B69B3F5401F2BD03B69B3F5401F48
:106DD0004AD83B69B3F5001F19D03B69B3F5001FD2
:106DE00042D83B69002B04D03B69B3F5801F04D027
:106DF0003AE0FDF7D1FF786143E0674BDB6A03F4CB
:106E00008033002B33D0FEF759F878612FE0624BC6
:106E1000DB6A03F00063002B2CD0FEF7BFF878612B
:106E200028E04BF680337B612BE05B4B1B6803F45F
:106E30008073002B21D0594B7B611EE0564B1B68A1
:106E400003F00403002B1BD0534B1B6803F02003FB
:106E5000002B15D0504B1B68DB0803F00303504A8E
:106E600022FA03F37B610BE000BF01F004B800BF1E
:106E700001F001B800BF00F0FEBF00BF00F0FBBF93
:106E800000BF00F0F8BF444B1B6D03F040533B6163
:106E90003B69B3F1005F1FD03B69B3F1005F24D8B9
:106EA0003B69002B04D03B69B3F1805F0AD01CE042
:106EB000394B1B6F03F00203002B19D04FF4004332
:106EC0007B6115E0344B5B6F03F00203002B12D0A3
:106ED0004FF4FA437B610EE02F4B1B6803F4807381
:106EE000002B0BD02D4B7B6108E000BF00F0C3BF2F
:106EF00000BF00F0C0BF00BF00F0BDBF00BF00F08A
:106F0000BABF254BDB6C03F440333B613B69B3F5FF
:106F1000003F14D03B69B3F5003F34D83B69002BE8
:106F200034D03B69B3F5803F00D02CE01A4B1B688E
:106F300003F40033002B2CD01A4B7B6129E0164B55
:106F4000DB6C03F48023BB60BB68002B04D0BB6800
:106F5000B3F5802F09D015E00F4B1B6803F4003305
:106F6000002B0CD00F4B7B6109E00B4BDB6A03F06D
:106F70008043002B05D0FEF753F8786101E000BF95
:106F800008E000BF06E000BF00F075BF00BF00F0E2
:106F900072BF00BF00F06FBF0044025800093D00FF
:106FA0000090D00300366E01874BDB6C03F4802326
:106FB0003B613B69002B04D03B69B3F5802F09D0BE
:106FC00016E0814B1B6803F40033002B0CD07F4B81
:106FD0007B6109E07C4BDB6A03F08043002B06D029
:106FE000FEF71EF8786102E000BF00F044BF00BF6A
:106FF00000F041BF744B1B6D03F440033B613B69E0
:10700000B3F5000F1ED03B69B3F5000F24D83B69E0
:10701000002B04D03B69B3F5800F09D01CE06A4B0C
:107020001B6803F40033002B19D0684B7B6116E01A
:10703000654BDB6A03F04003002B13D0FDF728FFFC
:1070400078610FE0604BDB6A03F48033002B0CD0D7
:10705000FDF734FF786108E000BF00F00CBF00BF0F
:1070600000F009BF00BF00F006BF00BF00F003BF83
:10707000554B1B6D03F440733B613B69B3F5407F97
:1070800037D03B69B3F5407F3CD83B69B3F5007F0F
:1070900019D03B69B3F5007F34D83B69002B04D08D
:1070A0003B69B3F5807F04D02CE0FDF79DFE78614D
:1070B00032E0454BDB6A03F00053002B25D0FDF78F
:1070C00099FF786121E0404B1B6803F00403002B1B
:1070D0001ED03D4B1B6803F02003002B18D03A4B09
:1070E0001B68DB0803F00303394A22FA03F37B61D0
:1070F0000EE0354B1B6803F48073002B0BD0354B2F
:107100007B6108E000BF00F0B6BE00BF00F0B3BE78
:1071100000BF00F0B0BE00BF00F0ADBE2A4B1B6D3B
:1071200003F440533B613B69B3F5405F37D03B69A3
:10713000B3F5405F3CD83B69B3F5005F19D03B69BC
:10714000B3F5005F34D83B69002B04D03B69B3F53D
:10715000805F04D02CE0FDF747FE786132E01A4BE7
:10716000DB6A03F00053002B25D0FDF743FF786165
:1071700021E0154B1B6803F00403002B1ED0124BBB
:107180001B6803F02003002B18D00F4B1B68DB0893
:1071900003F003030E4A22FA03F37B610EE00A4B6D
:1071A0001B6803F48073002B0BD00A4B7B6108E053
:1071B00000BF00F060BE00BF00F05DBE00BF00F089
:1071C0005ABE00BF00F057BE0044025800366E01A0
:1071D0000090D00300093D00A04B1B6D03F4E02399
:1071E0003B613B69B3F5A02F4FD03B69B3F5A02FAE
:1071F0004FD83B69B3F5802F3DD03B69B3F5802F65
:1072000047D83B69B3F5403F2BD03B69B3F5403FCE
:107210003FD83B69B3F5003F19D03B69B3F5003F58
:1072200037D83B69002B04D03B69B3F5803F04D0CD
:107230002FE0FDF7D9FD786138E0884BDB6A03F475
:107240008033002B28D0FDF739FE786124E0834B92
:10725000DB6A03F00053002B21D0FDF7CBFE7861F1
:107260001DE07E4B1B6F03F00203002B1AD04FF47E
:1072700000437B6116E0794B5B6F03F00203002B48
:1072800013D04FF4FA437B610FE000F00DFE7861FC
:107290000CE000BF00F0EFBD00BF00F0ECBD00BF90
:1072A00000F0E9BD00BF00F0E6BD00BF00F0E3BDA7
:1072B0006A4B9B6D03F4E0633B613B69B3F5A06FE0
:1072C0004FD03B69B3F5A06F4FD83B69B3F5806FE2
:1072D0003DD03B69B3F5806F47D83B69B3F5407F3C
:1072E0002BD03B69B3F5407F3FD83B69B3F5007FB6
:1072F00019D03B69B3F5007F37D83B69002B04D028
:107300003B69B3F5807F04D02FE0FDF7A5FD7861E0
:1073100038E0524BDB6A03F48033002B28D0FDF7B2
:10732000CDFD786124E04D4BDB6A03F00053002B68
:1073300021D0FDF75FFE78611DE0484B1B6F03F025
:107340000203002B1AD04FF400437B6116E0434B3D
:107350005B6F03F00203002B13D04FF4FA437B6101
:107360000FE000F0A1FD78610CE000BF00F083BDEC
:1073700000BF00F080BD00BF00F07DBD00BF00F089
:107380007ABD00BF00F077BD344B9B6D03F4E04342
:107390003B613B69B3F5A04F4FD03B69B3F5A04FBC
:1073A0004FD83B69B3F5804F3DD03B69B3F5804F73
:1073B00047D83B69B3F5405F2BD03B69B3F5405FDD
:1073C0003FD83B69B3F5005F19D03B69B3F5005F67
:1073D00037D83B69002B04D03B69B3F5805F04D0FC
:1073E0002FE0FDF739FD78613BE01C4BDB6A03F4CD
:1073F0008033002B28D0FDF761FD786124E0174B26
:10740000DB6A03F00053002B21D0FDF7F3FD786118
:107410001DE0124B1B6F03F00203002B1AD04FF438
:1074200000437B6116E00D4B5B6F03F00203002B02
:1074300016D04FF4FA437B6112E000F035FD78611D
:107440000FE000BF00F017BD00BF00F014BD00BF8B
:1074500000F011BD00BF00F00EBD00BF0044025897
:1074600000BF00F008BDA34B9B6D03F007033B6119
:107470003B69052B4FD801A252F823F09574000800
:107480009D740008B1740008C5740008F174000808
:1074900003750008FDF7E0FC78614CE0954BDB6A72
:1074A00003F40033002B39D0FDF71EFD786135E081
:1074B000904BDB6A03F08053002B32D0FDF784FD44
:1074C00078612EE08B4B1B6803F00403002B2BD05C
:1074D000884B1B6803F02003002B25D0854B1B68CD
:1074E000DB0803F00303844A22FA03F37B611BE009
:1074F000804B1B6803F48073002B18D07F4B7B619B
:1075000015E07C4B1B6F03F00203002B12D04FF4ED
:1075100000437B610EE000BF00F0ADBC00BF00F097
:10752000AABC00BF00F0A7BC00BF00F0A4BC00BF15
:1075300000F0A1BC00BF00F09EBC6E4BDB6A03F004
:107540000053002B00F09484FDF754FD786100F0A7
:107550008FBC684BDB6C03F000633B613B69002B25
:1075600004D03B69B3F1006F0AD00EE0614BDB6AD7
:1075700003F00053002B07D0FDF73CFD786103E0DA
:1075800000F092FC786100E000BF00F074BC594B41
:107590001B6F03F44073B3F5407F07D1554B1B6954
:1075A0001B0103F47C3343F4407303E0514B1B6F26
:1075B00003F440733B613B69B3F5007F14D03B6932
:1075C000B3F5007F1AD83B69002B33D03B69B3F584
:1075D000807F13D1474B1B6F03F00203002B2CD08D
:1075E0004FF400437B6128E0424B5B6F03F00203E2
:1075F000002B25D04FF4FA437B6121E03D4B1B6FFC
:1076000003F44073B3F5407F1DD13A4B1B6803F47C
:107610000033002B17D0374B1B691B0A03F03F03C5
:10762000FB60FB68012B0ED9354AFB68B2FBF3F314
:107630007B6108E000BF00F01EBC00BF00F01BBC77
:1076400000BF00F018BC00BF00F015BC294B5B6DFB
:1076500003F4E0233B613B69B3F5802F39D03B69EC
:10766000B3F5802F3DD83B69B3F5403F35D03B693A
:10767000B3F5403F35D83B69B3F5003F1FD03B69B8
:10768000B3F5003F2DD83B69002B04D03B69B3F51F
:10769000803F0AD025E0174BDB6A03F04003002B44
:1076A00021D0FDF7F5FB78611DE0124BDB6A03F496
:1076B0008033002B19D0FDF701FC786115E00D4BEC
:1076C000DB6A03F00063002B11D0FDF767FC7861E3
:1076D0000DE000F0E9FB78610AE04BF680337B6156
:1076E00006E000BFC7E300BFC5E300BFC3E300BFC0
:1076F000C1E300BF004402580090D00300093D00E0
:1077000000366E01944B5B6D03F4E0033B613B6913
:10771000B3F5A00F49D03B69B3F5A00F47D83B693B
:10772000B3F5800F39D03B69B3F5800F3FD83B6983
:10773000B3F5401F35D03B69B3F5401F37D83B69DF
:10774000B3F5001F1FD03B69B3F5001F2FD83B696D
:10775000002B04D03B69B3F5801F0AD027E07E4B95
:10776000DB6A03F04003002B23D0FDF791FB786127
:107770001FE0794BDB6A03F48033002B1BD0FDF74D
:107780009DFB786117E0744BDB6A03F00063002B0C
:1077900013D0FDF703FC78610FE000F085FB786102
:1077A0000CE04BF680337B6108E000BF63E300BF71
:1077B00061E300BF5FE300BF5DE300BF5BE3664BD7
:1077C000DB6C03F004033B613B69002B0AD1624B85
:1077D000DB6A03F40023002B00F04C83FDF7B0FBC1
:1077E000786147E35C4BDB6A03F48013002B00F005
:1077F0004183FDF7BBFB78613CE3574B1B6D03F006
:1078000040733B613B69B3F1407F31D03B69B3F1D9
:10781000407F43D83B69B3F1007F1FD03B69B3F190
:10782000007F3BD83B69002B04D03B69B3F1807FDC
:107830000AD033E0484BDB6A03F04003002B2FD023
:10784000FDF726FB78612BE0434BDB6A03F48023D2
:10785000002B27D0FDF75EFB786123E03E4BDB6A0F
:1078600003F00053002B1FD0FDF7C4FB78611BE031
:10787000394B1B6803F00403002B17D0364B1B68F1
:1078800003F02003002B11D0334B1B68DB0803F0FF
:107890000303324A22FA03F37B6107E000BFEAE206
:1078A00000BFE8E200BFE6E200BFE4E200BFE2E2C0
:1078B000294B5B6D03F4E0633B613B69B3F5806F7B
:1078C00039D03B69B3F5806F3DD83B69B3F5407F54
:1078D00035D03B69B3F5407F35D83B69B3F5007FC0
:1078E0001FD03B69B3F5007F2DD83B69002B04D036
:1078F0003B69B3F5807F0AD025E0174BDB6A03F0C4
:107900004003002B21D0FDF7C3FA78611DE0124B34
:10791000DB6A03F48033002B19D0FDF7CFFA7861CE
:1079200015E00D4BDB6A03F00063002B11D0FDF76F
:1079300035FB78610DE000F0B7FA78610AE04BF6AC
:1079400080337B6106E000BF95E200BF93E200BF99
:1079500091E200BF8FE200BF004402580090D003C4
:10796000924B1B6D03F070033B613B69402B33D09E
:107970003B69402B38D83B69302B31D03B69302BE9
:1079800032D83B69202B1DD03B69202B2CD83B697A
:10799000002B03D03B69102B0AD025E0834BDB6A18
:1079A00003F04003002B21D0FDF772FA78611DE04F
:1079B0007E4BDB6A03F48033002B19D0FDF77EFA8F
:1079C000786115E0794BDB6A03F00063002B11D07E
:1079D000FDF7E4FA78610DE000F066FA78610AE0FC
:1079E0004BF680337B6106E000BF44E200BF42E219
:1079F00000BF40E200BF3EE26C4B5B6D03F07003E2
:107A00003B613B69502B52D03B69502B58D83B69A6
:107A1000402B43D03B69402B52D83B69302B27D0B9
:107A20003B69302B4CD83B69202B17D03B69202B6E
:107A300046D83B69002B03D03B69102B04D03FE0B4
:107A4000FDF7EEF9786146E0584BDB6A03F400334A
:107A5000002B37D0FDF748FA786133E0534BDB6AEF
:107A600003F08053002B2FD0FDF7AEFA78612BE0A6
:107A70004E4B1B6803F00403002B27D04B4B1B68B5
:107A800003F02003002B21D0484B1B68DB0803F0D8
:107A90000303474A22FA03F37B6117E0434B1B6859
:107AA00003F48073002B13D0424B7B6110E03F4BFB
:107AB0001B6803F40033002B0CD03F4B7B6109E0C3
:107AC00000BFD8E100BFD6E100BFD4E100BFD2E1E2
:107AD00000BFD0E100BFCEE1344B9B6D03F07003DB
:107AE0003B613B69502B52D03B69502B58D83B69C6
:107AF000402B43D03B69402B52D83B69302B27D0D9
:107B00003B69302B4CD83B69202B17D03B69202B8D
:107B100046D83B69002B03D03B69102B04D03FE0D3
:107B2000FDF79AF978614EE0204BDB6A03F40033ED
:107B3000002B37D0FDF7D8F9786133E01B4BDB6AB7
:107B400003F08053002B2FD0FDF73EFA78612BE035
:107B5000164B1B6803F00403002B2FD0134B1B683C
:107B600003F02003002B29D0104B1B68DB0803F027
:107B700003030F4A22FA03F37B611FE00B4B1B68E0
:107B800003F48073002B1BD00A4B7B6118E0074B7A
:107B90001B6803F40033002B14D0074B7B6111E00A
:107BA00000BF68E100BF66E100BF64E10044025825
:107BB0000090D00300093D0000366E0100BF5AE17D
:107BC00000BF58E100BF56E19E4B5B6D03F0070319
:107BD0003B613B69052B50D801A252F823F000BF4E
:107BE000F97B0008017C0008157C0008297C00084E
:107BF000557C0008677C0008FDF712F9786147E0C2
:107C0000904BDB6A03F40033002B38D0FDF76CF99E
:107C1000786134E08B4BDB6A03F08053002B30D06B
:107C2000FDF7D2F978612CE0864B1B6803F0040362
:107C3000002B28D0834B1B6803F02003002B22D09D
:107C4000804B1B68DB0803F003037F4A22FA03F32F
:107C50007B6118E07B4B1B6803F48073002B14D00E
:107C60007A4B7B6111E0774B1B6F03F00203002B13
:107C70000DD04FF400437B6109E000BFFBE000BF83
:107C8000F9E000BFF7E000BFF5E000BFF3E000BFA0
:107C9000F1E06C4B1B6D03F007033B613B69052B67
:107CA0004FD801A252F823F0C17C0008C97C00081B
:107CB000DD7C0008F17C00081D7D00082F7D000898
:107CC000FDF792F8786147E05E4BDB6A03F400331E
:107CD000002B38D0FDF708F9786134E0594BDB6AA6
:107CE00003F08053002B30D0FDF76EF978612CE063
:107CF000544B1B6803F00403002B28D0514B1B6826
:107D000003F02003002B22D04E4B1B68DB0803F04E
:107D100003034D4A22FA03F37B6118E0494B1B68C9
:107D200003F48073002B14D0484B7B6111E0454B6A
:107D30001B6F03F00203002B0DD04FF400437B6157
:107D400009E000BF97E000BF95E000BF93E000BFEF
:107D500091E000BF8FE000BF8DE03A4BDB6C03F495
:107D600040533B613B69B3F5005F1DD03B69B3F500
:107D7000005F23D83B69002B04D03B69B3F5805FDB
:107D800009D01BE02F4B1B6803F40033002B17D0E6
:107D90002F4B7B6114E02B4B1B6803F40033002B4B
:107DA00010D02C4B7B610DE0264BDB6A03F0805337
:107DB000002B09D0FDF708F9786105E000BF5AE013
:107DC00000BF58E000BF56E000BF54E01D4BDB6C25
:107DD00003F440433B613B69B3F5404F2FD03B690F
:107DE000B3F5404F3AD83B69B3F5004F1ED03B691D
:107DF000B3F5004F32D83B69002B04D03B69B3F593
:107E0000804F09D02AE00F4B1B6803F40053002B6E
:107E100026D0114B7B6123E00A4BDB6A03F08053D1
:107E2000002B1FD0FDF7D0F878611BE0054B1B68D5
:107E300003F40033002B17D0054B7B6114E000BF27
:107E400019E000BF004402580090D00300093D0033
:107E500000366E01001BB700006CDC0200BF0AE0B8
:107E600000BF08E000BF06E000BF04E000BF02E082
:107E700000BF00E000BF7B6918461837BD4680BDD3
:107E800080B483B000AF7860064BD3F80021054979
:107E90007B681343C1F8003100BF0C37BD465DF865
:107EA000047B70470044025880B483B000AF0023C5
:107EB0007B601F4BDB6C03F040533B603B68002B47
:107EC00015D11B4B1B6803F00403002B28D0184B63
:107ED0001B6803F02003002B22D0154B1B68DB0826
:107EE00003F00303134A22FA03F37B6018E03B68B4
:107EF000B3F1805F08D10E4B1B6803F48073002B35
:107F00000ED00D4B7B600BE03B68B3F1005F07D1F7
:107F1000074B1B6803F40033002B01D0074B7B6039
:107F20007B6818460C37BD465DF8047B704700BF80
:107F3000004402580090D00300093D0000366E0155
:107F400080B582B000AF78607B68002B01D101233F
:107F500042E07B68D3F88830002B06D17B68002292
:107F600083F88420786800F03BF87B682422C3F80B
:107F700088207B681B681A687B681B6822F00102F6
:107F80001A607B689B6A002B02D0786800F062FC64
:107F9000786800F0C9F80346012B01D101231BE0EA
:107FA0007B681B685A687B681B6822F490425A60A1
:107FB0007B681B689A687B681B6822F02A029A60BB
:107FC0007B681B681A687B681B6842F001021A60B4
:107FD000786800F0E1FC034618460837BD4680BDCE
:107FE00080B483B000AF786000BF0C37BD465DF849
:107FF000047B704780B58AB002AFF860B9603B601F
:108000001346FB80FB68D3F88830202B40F0868035
:10801000BB68002B02D0FB88002B01D101237EE03E
:10802000FB680022C3F89020FB682122C3F8882057
:10803000FBF7D2FB7861FB68FA88A3F85420FB6851
:10804000FA88A3F85620FB689B68B3F5805F08D1D7
:10805000FB681B69002B04D10023FB61BB68BB617B
:1080600003E0BB68FB610023BB613AE03B6800931F
:108070007B6900228021F86800F038FD0346002B60
:1080800005D0FB682022C3F88820032347E0FB6962
:10809000002B0BD1BB691B881A46FB681B68C2F317
:1080A00008029A62BB690233BB6107E0FB691A7878
:1080B000FB681B689A62FB690133FB61FB68D3F8BC
:1080C000883003F02103212B09D1FB68B3F8563027
:1080D0009BB2013B9AB2FB68A3F8562001E0012352
:1080E0001DE0FB68B3F856309BB2002BBED13B6855
:1080F00000937B6900224021F86800F0F7FC0346FA
:10810000002B05D0FB682022C3F88820032306E05B
:10811000FB682022C3F88820002300E002231846D1
:108120002037BD4680BD00002DE9B04F8CB000AFB8
:108130007861002387F82A307B699A687B691B691C
:108140001A437B695B691A437B69DB691343FB62F2
:108150007B691B681A68B34B13407A691268F96A25
:108160000B4313607B691B685B6823F440517B6998
:10817000DA687B691B680A435A607B699B69FB620A
:108180007B691B68A84A934204D07B691B6AFA6A20
:108190001343FB627B691B689A68A44B13407A699E
:1081A0001268F96A0B4393607B691B68DB6A23F0F2
:1081B0000F017B695A6A7B691B680A43DA627B6933
:1081C0001B689B4A934231D19A4B5B6D03F00703C6
:1081D000052B27D801A252F823F000BFF581000833
:1081E000FD810008058200080D8200081582000844
:1081F0001D820008012387F82B30A0E0042387F8B4
:108200002B309CE0082387F82B3098E0102387F868
:108210002B3094E0202387F82B3090E0402387F820
:108220002B308CE0802387F82B3088E07B691B683B
:10823000814A934218D07B691B68804A934213D0CD
:108240007B691B687E4A93420ED07B691B687D4A1E
:10825000934209D07B691B687B4A934204D07B69B7
:108260001B687A4A934231D1724B1B6D03F00703AE
:10827000052B27D801A252F823F000BF95820008F1
:108280009D820008A5820008AD820008B582000822
:10829000BD820008002387F82B3016E0042387F8FE
:1082A0002B3012E0082387F82B300EE0102387F8DC
:1082B0002B300AE0202387F82B3006E0402387F894
:1082C0002B3002E0802387F82B3038E07B691B6875
:1082D000554A934230D1574B9B6D03F00703052B52
:1082E00026D801A252F823F0018300080983000870
:1082F00011830008198300082183000829830008DE
:10830000022387F82B301AE0042387F82B3016E07D
:10831000082387F82B3012E0102387F82B300EE06B
:10832000202387F82B300AE0402387F82B3006E023
:10833000802387F82B3002E0802387F82B307B697D
:108340001B68394A934240F0FE8097F82B30202B6F
:1083500048DC022BC0F28880023B1E2B00F2848096
:1083600001A252F823F000BFFB83000869840008D3
:10837000EB830008698400086984000869840008A8
:10838000F383000869840008698400086984000890
:108390006984000869840008698400086984000809
:1083A000038400086984000869840008698400085F
:1083B00069840008698400086984000869840008E9
:1083C00069840008698400086984000869840008D9
:1083D00069840008698400086984000869840008C9
:1083E0005B840008402B3BD03EE0FCF77DFD7862CB
:1083F00040E0FCF7E9FD78623CE0FCF72DFD786297
:1084000038E00C4B1B6803F02003002B22D0094BF3
:108410001B68DB0803F003030D4A22FA03F37B62B7
:1084200028E000BFF369FFCF000C0058FFF4FF11F4
:108430000010004200440258004400400048004040
:10844000004C00400050004000780040007C00409C
:108450000090D003994B7B620CE0994B7B6209E062
:108460004FF400437B6205E000237B62012387F821
:108470002A3000BF7B6A002B00F0CE817B695B6AEB
:10848000904A32F813301A467B6AB3FBF2F3BB61B1
:108490007B695A6813465B001344BA699A4205D354
:1084A0007B695B681B03BA699A4203D9012387F889
:1084B0002A30B1E17B6A0022BB60FA607B695B6AAB
:1084C000804A32F813309BB200223B607A60D7E9D1
:1084D0000023D7E90201F7F7EBFE02460B461046F0
:1084E00019464FF000024FF000030B0243EA1063FD
:1084F000020279694968490800200C46054612EBDA
:10850000040843EB05097B695B6800229A469346A1
:1085100052465B4640464946F7F7CAFE02460B46BE
:1085200013463B623B6AB3F5407F08D33B6AB3F521
:10853000801F04D27B691B683A6ADA606CE1012310
:1085400087F82A3068E17B69DB69B3F5004F40F0BA
:10855000BD8097F82B30202B48DC002B73DB202BC1
:1085600071D801A252F823F0F3850008FB850008BA
:1085700047860008478600080386000847860008EB
:1085800047860008478600080B86000847860008D3
:108590004786000847860008478600084786000887
:1085A00047860008478600081386000847860008AB
:1085B0004786000847860008478600084786000867
:1085C0004786000847860008478600084786000857
:1085D0004786000847860008478600084786000847
:1085E000478600084786000839860008402B26D0B9
:1085F00029E0FCF7F9FB78622BE0FCF711FC7862CC
:1086000027E0FCF771FC786223E0FCF7DDFC786280
:108610001FE02D4B1B6803F02003002B09D02A4BD1
:108620001B68DB0803F00303244A22FA03F37B628E
:108630000FE0224B7B620CE0214B7B6209E04FF4A0
:1086400000437B6205E000237B62012387F82A3028
:1086500000BF7B6A002B00F0DF807B695B6A194AF0
:1086600032F813301A467B6AB3FBF2F35A007B6987
:108670005B685B081A447B695B68B2FBF3F33B629F
:108680003B6A0F2B16D93B6AB3F5803F12D23B6A87
:108690009BB223F00F03FB833B6A5B089BB203F0A2
:1086A00007039AB2FB8B1343FB837B691B68FA8B2E
:1086B000DA60B1E0012387F82A30ADE00090D00302
:1086C00000093D00F4AE00080044025897F82B3032
:1086D000202B49DC002B74DB202B72D801A252F82E
:1086E00023F000BF6F87000877870008C387000862
:1086F000C38700087F870008C3870008C387000876
:10870000C387000887870008C3870008C38700085D
:10871000C3870008C3870008C3870008C387000811
:10872000C38700088F870008C3870008C387000835
:10873000C3870008C3870008C3870008C3870008F1
:10874000C3870008C3870008C3870008C3870008E1
:10875000C3870008C3870008C3870008C3870008D1
:10876000C3870008B5870008402B26D029E0FCF716
:108770003BFB78622BE0FCF753FB786227E0FCF7C9
:10878000B3FB786223E0FCF71FFC78621FE02D4BFF
:108790001B6803F02003002B09D02A4B1B68DB0861
:1087A00003F00303284A22FA03F37B620FE0264B0F
:1087B0007B620CE0254B7B6209E04FF400437B6257
:1087C00005E000237B62012387F82A3000BF7B6A23
:1087D000002B21D07B695B6A1D4A32F813301A46A0
:1087E0007B6AB3FBF2F27B695B685B081A447B69C6
:1087F0005B68B2FBF3F33B623B6A0F2B09D93B6A20
:10880000B3F5803F05D23B6A9AB27B691B68DA6098
:1088100002E0012387F82A307B690122A3F86A204D
:108820007B690122A3F868207B6900225A677B6973
:1088300000229A6797F82A3018463037BD46BDE8BF
:10884000B08F00BF004402580090D00300093D00E3
:10885000F4AE000880B483B000AF78607B689B6A98
:1088600003F00803002B0AD07B681B685B6823F4C5
:1088700000417B689A6B7B681B680A435A607B687F
:108880009B6A03F00103002B0AD07B681B685B68BE
:1088900023F400317B68DA6A7B681B680A435A60FC
:1088A0007B689B6A03F00203002B0AD07B681B687D
:1088B0005B6823F480317B681A6B7B681B680A4312
:1088C0005A607B689B6A03F00403002B0AD07B6824
:1088D0001B685B6823F480217B685A6B7B681B688C
:1088E0000A435A607B689B6A03F01003002B0AD08E
:1088F0007B681B689B6823F480517B68DA6B7B681C
:108900001B680A439A607B689B6A03F02003002B74
:108910000AD07B681B689B6823F400517B681A6C43
:108920007B681B680A439A607B689B6A03F040037C
:10893000002B1AD07B681B685B6823F480117B686E
:108940005A6C7B681B680A435A607B685B6CB3F5A2
:10895000801F0AD17B681B685B6823F4C0017B68B9
:108960009A6C7B681B680A435A607B689B6A03F0B9
:108970008003002B0AD07B681B685B6823F400210E
:108980007B68DA6C7B681B680A435A6000BF0C374F
:10899000BD465DF8047B704780B598B002AF786043
:1089A0007B680022C3F89020FAF716FF78657B6891
:1089B0001B681B6803F00803082B2FD16FF07E4360
:1089C00000937B6D00224FF40011786800F08EF860
:1089D0000346002B22D07B681B68BB63BB6B53E84C
:1089E000003F7B637B6B23F080033B657B681B68E8
:1089F0001A463B6D7B643A64396C7A6C41E800231B
:108A0000FB63FB6B002BE6D17B682022C3F8882038
:108A10007B68002283F88420032363E07B681B6863
:108A20001B6803F00403042B49D16FF07E430093CD
:108A30007B6D00224FF48001786800F057F8034600
:108A4000002B3CD07B681B687B627B6A53E8003F4D
:108A50003B623B6A23F49073FB647B681B681A4695
:108A6000FB6C3B63FA62F96A3A6B41E80023BB6234
:108A7000BB6A002BE6D17B681B6808333B613B690E
:108A800053E8003FFB60FB6823F00103BB647B6895
:108A90001B680833BA6CFA61BB61B969FA6941E8CD
:108AA00000237B617B69002BE5D17B682022C3F822
:108AB0008C207B68002283F88420032312E07B68EB
:108AC0002022C3F888207B682022C3F88C207B6892
:108AD0000022DA667B6800221A677B68002283F82E
:108AE0008420002318465837BD4680BD80B584B029
:108AF00000AFF860B9603B601346FB714FE0BB69A3
:108B0000B3F1FF3F4BD0FAF767FE02463B68D31A3A
:108B1000BA699A4202D3BB69002B01D103234EE00C
:108B2000FB681B681B6803F00403002B37D0BB688D
:108B3000802B34D0BB68402B31D0FB681B68DB69CD
:108B400003F00803082B10D1FB681B6808221A6287
:108B5000F86800F039F8FB680822C3F89020FB6839
:108B6000002283F88420012329E0FB681B68DB696D
:108B700003F40063B3F5006F11D1FB681B684FF479
:108B800000621A62F86800F01FF8FB682022C3F840
:108B90009020FB68002283F8842003230FE0FB6809
:108BA0001B68DA69BB681340BA689A420CBF01239C
:108BB0000023DBB21A46FB799A42A0D00023184664
:108BC0001037BD4680BD000080B495B000AF78601E
:108BD0007B681B687B637B6B53E8003F3B633B6BAD
:108BE00023F49073FB647B681B681A46FB6C3B6440
:108BF000FA63F96B3A6C41E80023BB63BB6B002B53
:108C0000E6D17B681B6808333B623B6A53E8003F50
:108C1000FB61FA691E4B1340BB647B681B68083319
:108C2000BA6CFA62BB62B96AFA6A41E800237B62F5
:108C30007B6A002BE5D17B68DB6E012B18D17B684A
:108C40001B68FB60FB6853E8003FBB60BB6823F018
:108C500010037B647B681B681A467B6CBB617A617E
:108C60007969BA6941E800233B613B69002BE6D191
:108C70007B682022C3F88C207B680022DA667B6840
:108C800000225A6700BF5437BD465DF8047B704729
:108C9000FEFFFFEF80B586B002AF78600023FB7364
:108CA000FAF79AFDB8607B68002B02D10123FB73B1
:108CB000C8E07B6800229A657B685B6D002B40F002
:108CC000C1807868FAF72AFB41F28831786800F0B1
:108CD000CCFB7B681B689A685D4B13407A68D1684F
:108CE0007A681269120411437A685269013A1202D1
:108CF00011437A68D26911437A6812680B43936012
:108D00007B681B68DB6823F4E0217B681A6A7B6858
:108D10001B680A43DA607B681B681B6923F4F8113F
:108D20007B681B6B1A047B681B680A431A617B68AB
:108D30001B681B6923F0FF017B685A6B7B681B680B
:108D40000A431A617B681B687A68926B5A617B6878
:108D50001B681B6823F4F8517B685B68013B1A02AF
:108D60007B681B680A431A607B68DB6D0093BB68F5
:108D700000222021786800F0C1FC0346FB73FB7BD6
:108D8000002B5FD17B681B68DB6823F0FF017B68E9
:108D90005A6A7B681B680A43DA607B681B682D4A45
:108DA000934204D07B681B682B4A93420FD17B68A7
:108DB000DB6D0093BB6800222021786800F09EFCE8
:108DC0000346FB73FB7B002B01D0FB7B3BE07B6806
:108DD0001B681A68214B13407A6891687A68D26BD5
:108DE00011437A6812680B4313607B681B68D3F8E1
:108DF000083123F080417B689A6A7B681B680A43CC
:108E0000C3F808217B681B681A687B681B6842F0FE
:108E100001021A607B689B69022B07D17B681B6883
:108E20009A687B681B6842F002029A607B68DB6884
:108E3000B3F1806F03D17B6801225A6502E07B6841
:108E400002225A65FB7B18461037BD4680BD00BF25
:108E5000FCC0E0F80050005200A00052BFFFFFFE2F
:108E600080B58AB002AFF860B9607A60FAF7B4FCF6
:108E7000B861BB689B6B002BFB685B6D7B617B699A
:108E8000022B04D1FB68DB68B3F1806F15D17B69DD
:108E9000142B07D1BB681B68022B0ED0BB681B6864
:108EA000032B0AD07B69242B5ED1BB681B68012B86
:108EB00003D0BB681B68032B56D17B680093BB694A
:108EC00000222021F86800F019FC0346FB77FB7FA5
:108ED000002B46D1FB6800229A65B968F86800F05B
:108EE00043FC0346FB77FB7F002B43D1BB689B6BA6
:108EF000002B0ED17B680093BB6900222021F8680B
:108F000000F0FCFB0346FB77FB681B6802225A62F9
:108F100030E0BB681B68002B03D1FB6804225A6554
:108F200028E0BB681B68012B0BD1FB685B6D242B11
:108F300003D1FB6804225A651CE0FB6814225A65C1
:108F400018E0BB681B68022B14D1FB685B6D142B07
:108F500003D1FB6804225A650CE0FB6824225A65A1
:108F600008E00223FB7705E00123FB77FB68102272
:108F70009A6500E000BFFB7F18462037BD4680BDE4
:108F800080B58AB002AFF860B9607A60FAF724FC65
:108F9000B861FB681B6850337B61BB68002B05D14F
:108FA0000123FB77FB6808229A6557E0FB685B6D3D
:108FB000042B4ED1FB681B681B6C5A1CFB689A641F
:108FC000FB689A6CFB685A64FB68BA681A64FB68B1
:108FD0001B681A68FB681B6822F040521A607B68A5
:108FE0000093BB6901220421F86800F087FB034667
:108FF000FB77FB7F002B13D1FB681B6C1A787B6916
:109000001A70FB681B6C5A1CFB681A64FB689B6C2B
:109010005A1EFB689A64FB689B6C002BDFD100E052
:1090200000BFFB7F002B19D17B680093BB69012235
:109030000221F86800F062FB0346FB77FB7F002B00
:109040000CD1FB681B6802225A62FB6802225A6537
:1090500004E00123FB77FB6810229A65FB7F18462A
:109060002037BD4680BD80B58CB002AFF860B960D6
:109070007A60FAF7B1FB3862FB681B685033FB611A
:10908000FB681B689B6CBB61FB681B68D3F81031E5
:109090007B61BB68002B06D1012387F82730FB6872
:1090A00008229A657CE0FB685B6D042B72D1FB683B
:1090B0001B681B6C5A1CFB689A64FB689A6CFB6803
:1090C0005A64FB68BA681A64FB681B681B6823F063
:1090D0004052FB681B6842F080521A60FB68DB68F4
:1090E000B3F1806F04D1FB681B68BA699A6411E020
:1090F000FB681B68D3F8003103F4E063002B04D055
:10910000FB681B68BA699A6404E0FB681B687A69AB
:10911000C3F810217B6800933B6A01220621F8689E
:1091200000F0ECFA034687F8273097F82730002B39
:1091300014D1FB681B6CFA691278D2B21A70FB6802
:109140001B6C5A1CFB681A64FB689B6C5A1EFB68FC
:109150009A64FB689B6C002BDCD100E000BF97F8A1
:109160002730002B1CD17B6800933B6A012202212F
:10917000F86800F0C3FA034687F8273097F82730DD
:10918000002B0DD1FB681B6802225A62FB68022289
:109190005A6505E0012387F82730FB6810229A659D
:1091A00097F8273018462837BD4680BD80B58AB06D
:1091B00002AFF860B9607A60FAF70EFBB861FB683D
:1091C0001B689B6C7B61FB681B68D3F810313B61AB
:1091D000FB685B6D042B67D1BB68DB68B3F5800F60
:1091E00062D17B680093BB6900222021F86800F0FF
:1091F00085FA0346FB77FB7F002B52D1FB681B6887
:10920000BA681268C3F88820FB681B68BA6852689D
:10921000C3F88020FB681B68BA681269C3F8902005
:10922000FB681B681B6823F04352BB689968BB68E6
:10923000DB680B431A43FB681B6842F000521A605C
:10924000FB68DB68B3F1806F04D1FB681B687A6947
:109250009A6411E0FB681B68D3F8003103F4E06303
:10926000002B04D0FB681B687A699A6404E0FB68F1
:109270001B683A69C3F810217B680093BB6901221F
:109280000821F86800F03AFA0346FB77FB7F002BD1
:1092900010D1FB681B6808225A62FB6802225A65DB
:1092A00008E00223FB7705E00123FB77FB6810222F
:1092B0009A6500E000BFFB7F18462037BD4680BDA1
:1092C00080B586B002AF78603960FAF785FAB86089
:1092D0007B685B6D042B34D17B68DB6D0093BB68CE
:1092E00000222021786800F009FA0346FB73FB7B1B
:1092F000002B2BD17B6888225A653B681B68082BA2
:1093000011D17B681B683A685268C3F830217B68CA
:109310001B6810225A627B681B681A687B681B688E
:1093200042F480121A607B681B681A680A4B13406B
:109330003A6812681A437B681B6842F040521A6010
:1093400004E00123FB737B6810229A65FB7B1846BF
:109350001037BD4680BD00BFF7FFFFCF80B586B098
:1093600002AF78600023FB73FAF736FAB8607B68C7
:109370005B6D002B6FD07B681B681B6803F00403D8
:10938000002B21D07B681B681A687B681B6822F061
:1093900004021A607B68DB6C1846FAF75FFC034630
:1093A000FB73FB7B002B02D07B6804229A657B68F1
:1093B0001B6D1846FAF752FC0346FB73FB7B002B30
:1093C00002D07B6804229A657B681B681B6A03F0E5
:1093D0002003002B33D07B681B681A687B681B68EE
:1093E00042F002021A607B68DB6D0093BB680122C9
:1093F0000221786800F082F90346FB73FB7B002BA7
:109400002ED17B681B6802225A627B68DB6D009359
:10941000BB6800222021786800F070F90346FB73D6
:10942000FB7B002B1CD17B681B681A687B681B6860
:1094300022F040521A607B6802225A6510E07B6875
:109440001B681A687B681B6822F040521A607B68B0
:1094500002225A6504E00123FB737B6810229A659F
:10946000FB7B18461037BD4680BD80B483B000AF8B
:10947000786039607B683A68DA65002318460C37F3
:10948000BD465DF8047B704780B590B000AFF860D2
:10949000B9607A60002387F82B30002387F83E30CC
:1094A00007F1100300221A605A609A60DA601A61AC
:1094B0005A61002387F83F3014E097F83F300133BA
:1094C000D8B297F83F2007F1100113465B00134410
:1094D0009B000B44194600F0D1FA97F83F30013356
:1094E00087F83F3097F83F30012BE6D9804B1B6857
:1094F00003F00103002B0BD07D4B1B687C4A23F04B
:109500000103136097F83E3043F0010387F83E30C3
:10951000784B1B6803F00103002B0BD0754B1B68C5
:10952000744A23F00103136097F83E3043F00203BE
:1095300087F83E30FB681B686D4A934203D1BB68D5
:109540005B687B6110E0FB681B686A4A934203D149
:10955000BB685B683B6207E0FB689B6D43F00802F9
:10956000FB689A650123BEE0634B1B68BB63BB6B62
:1095700003F01003002B14D0BB6B03F02003002B6F
:1095800002D070237B6301E010237B63BB6B03F08D
:109590004003002B02D070233B6306E010233B63A3
:1095A00003E000237B6300233B63534B00221A60DC
:1095B000514B1B6823F47F02BB689B68013B1B0473
:1095C0004D4913430B60FB681B68494A934203D122
:1095D000BB681B687B6307E0FB681B68454A9342D6
:1095E00002D1BB681B683B630023FB627B6B002BD3
:1095F00002D13B6B002B02D01023FB6203E010234F
:109600007B6310233B63BB6B23F07003BB63FB6A7C
:10961000102B03D1BB6B43F01003BB637B6B702B30
:1096200003D1BB6B43F02003BB633B6B702B03D1B7
:10963000BB6B43F04003BB632F4B1B6823F07002EE
:10964000BB6B03F070032C4913430B60002387F8B6
:109650003F302AE097F83F2013465B0013449B00FD
:1096600040333B442C3B196897F83F305A1C134653
:109670005B0013449B0040333B442C3B1B689942E6
:1096800005D11D4B1B681C4A43F0010313607B6925
:10969000012B05D1184B1B68174A43F002031360D6
:1096A00097F83F30013387F83F3097F83F30002B71
:1096B000D0D097F83E3003F00103002B05D00C4BBF
:1096C0001B680B4A43F00103136097F83E3003F028
:1096D0000203002B05D0074B1B68064A43F0010329
:1096E000136097F82B3018464037BD4680BD00BF49
:1096F0000050005200A0005200B4005280B584B067
:1097000000AFF860B9603B601346FB7119E0BB69BC
:10971000B3F1FF3F15D0FAF75FF802463B68D31A62
:10972000BA699A4202D3BB69002B0AD1FB680222B4
:109730005A65FB689B6D43F00102FB689A65032341
:109740000EE0FB681B681A6ABB681340002B14BF4D
:1097500001230023DBB21A46FB799A42D7D10023BA
:1097600018461037BD4680BD80B489B000AF786020
:1097700039600023FB777B681B681A687B681B686D
:1097800022F040521A607B689B68002B0AD17B68EC
:109790001B681B6823F040413B685A687B681B6864
:1097A0000A431A603B681B68022B14D17B681B6854
:1097B00003F5C073BB617B681B6803F5C4737B61F1
:1097C0007B681B6803F5C8733B617B681B6803F506
:1097D000D073FB602CE03B681B68032B14D17B68C3
:1097E0001B6803F5A073BB617B681B6803F5A4735A
:1097F0007B617B681B6803F5A8733B617B681B6812
:1098000003F5B073FB6013E07B681B6803F580739E
:10981000BB617B681B6803F584737B617B681B6895
:1098200003F588733B617B681B6803F59073FB60ED
:109830003B689A6CBB691A603B68DB6A002B12D0EC
:109840003B689A6AFB681A60BB691B6823F47C1248
:109850003B68D96A3B685B6B19433B681B6B0B43E6
:109860001A43BB691A607B691B6823F01F023B68BF
:109870005B6C1A437B691A603B689B6B002B09D0B9
:109880003B681B68002B05D13B68DA6B7B681B6863
:10989000013A1A643B689B6B002B1ED03B681B6C23
:1098A000B3F1006F0AD17B681B68D3F808217B688D
:1098B0001B6822F08042C3F808210EE07B689B6A97
:1098C000B3F1804F09D17B681B68D3F808217B680E
:1098D0001B6842F08042C3F808213B68DB68002B1C
:1098E00076D03B68DB69002B44D03B689B6B002B38
:1098F0001ED0BB691A685D4B13403A68D1683A685C
:10990000526911433A68126911433A68D2691143A6
:109910003A68526A11433A68126A11433A68926B84
:1099200011433A68126C0A431A43BB691A6017E084
:10993000BB691A684E4B13403A68D1683A6852695D
:1099400011433A68126911433A68D26911433A687F
:10995000526A11433A68126A0A431A43BB691A6091
:109960003B689A683B691A607B681B683A68926931
:109970009A6465E03B689B6B002B15D0BB691A6845
:109980003C4B13403A68D1683A68526911433A68CF
:10999000126911433A68926B11433A68126C0A4398
:1099A0001A43BB691A600EE0BB691B6823F03F02D3
:1099B0003B68D9683B685B6919433B681B690B438B
:1099C0001A43BB691A603B689A683B691A6037E0C2
:1099D0003B68DB69002B2ED03B689B6B002B15D0BE
:1099E000BB691A68244B13403A68D1693A68526AD5
:1099F00011433A68126A11433A68926B11433A680C
:109A0000126C0A431A43BB691A600EE0BB691B68FB
:109A100023F47C523B68D9693B685B6A19433B6815
:109A20001B6A0B431A43BB691A607B681B683A6860
:109A300092699A6404E00123FB777B6808229A65A7
:109A40003B689B6B002B09D03B681B68002B05D142
:109A50003B68DA6B7B681B68013A1A64FB7F184627
:109A60002437BD465DF8047B704700BFC0C0FFF0DF
:109A7000C0C0FFFFC0FFFFF0FFC0FFF080B485B0A3
:109A800000AF03463960FB71FB79012B24D12C4BCD
:109A90001B6803F00203002B03D13B6800225A60CD
:109AA00002E03B6801225A60254B1B6803F010035B
:109AB000102B03D03B6800221A603AE0204B1B6851
:109AC00003F02003202B03D13B6870221A6030E0A2
:109AD0003B6810221A602CE0194B1B6803F001034D
:109AE000FB60174B1B685B0803F00103BB60FA685F
:109AF000BB689A4203D03B6800225A6002E03B6890
:109B000001225A600E4B1B6803F01003102B03D088
:109B10003B6800221A600CE0094B1B6803F040030D
:109B2000402B03D13B6870221A6002E03B68102290
:109B30001A6000BF1437BD465DF8047B704700BF54
:109B400000B400522DE9F047089D0E4604460F462A
:109B5000002B4AD194468C45B2FA82F260D942B1C8
:109B6000C2F12003974020FA03F30CFA02FC1F43D2
:109B700094404FEA1C4E1FFA8CF6B7FBFEF1230C03
:109B80000EFB117743EA074301FB06F098420AD91E
:109B90001CEB030301F1FF3780F01581984240F27E
:109BA0001281023963441B1AA4B2B3FBFEF00EFB10
:109BB000103344EA034400FB06F6A6420AD91CEB24
:109BC000040400F1FF3380F00081A64240F2FD80E2
:109BD0006444023840EA0140A41B00211DB1D44076
:109BE0000023C5E90043BDE8F0878B4205D90DB1DC
:109BF000C5E9000100210846F5E7B3FA83F1002921
:109C000046D1B34202D3824200F2F580841A66EB59
:109C1000030201201746002DE5D0C5E90047E2E721
:109C2000002A40F09380A1EB0C034FEA1C471FFA77
:109C30008CFE0121B3FBF7F607FB1630230C43EA39
:109C400000430EFB06F0984208D91CEB030306F113
:109C5000FF3802D2984200F2D08046461B1AA4B2C6
:109C6000B3FBF7F007FB103344EA03440EFB00FE9E
:109C7000A64508D91CEB040400F1FF3302D2A64527
:109C800000F2B6801846A4EB0E0440EA0640A5E7B1
:109C9000C1F120078B4022FA07FC4CEA030C06FABC
:109CA00001FE20FA07F426FA07F344EA0E0400FA4C
:109CB00001F84FEA1C404FEA1449B3FBF0FE1FFACB
:109CC0008CF600FB1E3349EA03430EFB06F9994567
:109CD00002FA01F20BD91CEB03030EF1FF3A80F0FC
:109CE0008580994540F28280AEF1020E6344A3EB79
:109CF0000909A4B2B9FBF0F300FB139944EA094443
:109D000003FB06F6A64208D91CEB040403F1FF305E
:109D100068D2A64266D9023B644443EA0E40A41BC3
:109D2000A0FB02E6B4427346B14652D34FD05DB1B8
:109D3000B8EB030264EB090404FA07F722FA01F313
:109D40001F43CC40C5E9007400214CE7C2F120015B
:109D500020FA01F30CFA02FC26FA01F19640334393
:109D60004FEA1C471FFA8CFEB1FBF7F007FB1016F9
:109D7000190C41EA064100FB0EF68E4204FA02F489
:109D800008D91CEB010100F1FF382DD28E422BD9EE
:109D900002386144891B9BB2B1FBF7F607FB161131
:109DA00043EA014306FB0EF1994208D91CEB030379
:109DB00006F1FF3814D2994212D9023E63445B1A6D
:109DC00046EA004136E73946EDE6184602E7F04537
:109DD000ADD2BEEB020366EB0C060138B146A6E736
:109DE0004646ECE7034698E74046D3E7D6467EE78B
:109DF0006444023847E708460DE7023E63442DE716
:109E000070B50F4E0C463168054611B900F0ECFAFA
:109E100030602146284600F0E7FA431C03D14FF09A
:109E2000FF34204670BDC41C24F00304A042F8D0C7
:109E3000211A284600F0D8FA0130F2D1EFE700BF2E
:109E40005C0400242DE9F843CD1C25F003050835FA
:109E50000C2D38BF0C25002D064601DBA94204D984
:109E60000C2333600020BDE8F883DFF8D48000F0D5
:109E700069F8D8F800301C4644BB29463046FFF745
:109E8000BFFF431C044658D1D8F800402746002F96
:109E900043D1002C4BD023683946304604EB0309EC
:109EA00000F0A2FA814542D121686D1A2946304658
:109EB000FFF7A6FF01303AD023682B442360D8F87F
:109EC00000305A6862BBC8F800700FE02268521B6D
:109ED00020D40B2A17D96119A342256018BF5960F5
:109EE000636808BFC8F8001062514B60304600F04C
:109EF0002FF804F10B00231D20F00700C21A1CBF2D
:109F00001B1AA350AFE76268A3420CBFC8F8002039
:109F10005A60EBE723466468AEE73C467F68B6E7E5
:109F20001A465B68A342FBD100235360DEE70C2393
:109F30003360304600F00CF894E70560D6E700BFC8
:109F400060040024014800F096BA00BFA405002474
:109F5000014800F091BA00BFA4050024002310B509
:109F60000446C0E90033C0E904338360818143665D
:109F7000C2818361194608225C3000F0F9F90D4B6B
:109F800063620D4BA3620D4BE3620D4B23630D4BDC
:109F900024629C4206D003F16802944202D0D0337E
:109FA0009C4205D104F15800BDE8104000F062BAAF
:109FB00010BD00BFC1A10008E3A100081BA200085A
:109FC0003FA2000864040024024A0349034800F049
:109FD00069B800BF64010024D1AB000874010024FB
:109FE00041680C4B994210B5044601D000F0F0FDD9
:109FF000A168094B994202D0204600F0E9FDE168D2
:10A00000064B994204D02046BDE8104000F0E0BD68
:10A0100010BD00BF64040024CC04002434050024D7
:10A0200010B50B4B0B4C0C4A1A6020460022042141
:10A03000FFF794FF04F1680001220921FFF78EFF6A
:10A0400004F1D0000222BDE810401221FFF786BFC4
:10A050009C05002464040024C99F0008014800F006
:10A060000ABA00BFA5050024014800F005BA00BFE8
:10A07000A505002410B50446FFF7F0FF236A1BB1C5
:10A08000BDE81040FFF7F0BF044B2362044B1B6890
:10A09000002BF5D1FFF7C4FFF2E700BFE19F0008F6
:10A0A0009C0500242DE9F8430746884614460026FF
:10A0B000D4E90195B9F1010905D52468002CF7D13F
:10A0C0003046BDE8F883AB89012B07D9B5F90E30CE
:10A0D000013303D029463846C04706436835E9E7CF
:10A0E0000FB407B5064904AB086853F8042B816820
:10A0F000019300F045FA03B05DF804EB04B070473B
:10A1000070010024036A70B5846805460E460BB9D9
:10A11000FFF7B0FF636EDB0705D4A389980502D46F
:10A12000A06D00F0A8F9A389190702D52369002BB7
:10A1300035D12146284600F0C5F880B34FF0FF35F1
:10A14000636EDA0705D4A3899B0502D4A06D00F0E5
:10A1500093F9284670BD002B04DAA2699A4217DCF5
:10A160000A2915D023685A1C22601970A36816F8B2
:10A17000011F013BA3600029EDD1002B11DA22461B
:10A180000A21284600F05FF80130D7D00A25D7E72A
:10A190002246284600F057F80130E7D1CEE7013ECD
:10A1A000E4E723685A1C22600A221A70EEE70000D6
:10A1B000024B01461868FFF7A5BF00BF70010024DD
:10A1C00010B50C46B1F90E1000F0FCF80028ABBF3A
:10A1D000636DA3891B1823F48053ACBF6365A3810F
:10A1E00010BD2DE9F0411F468B89DB0505460C4665
:10A1F000164605D5B1F90E100223002200F0D0F862
:10A20000A389B4F90E1023F48053A38132463B4650
:10A210002846BDE8F04100F0F7B810B50C46B1F99A
:10A220000E1000F0BDF8431CA38915BF606523F430
:10A23000805343F48053A38118BFA38110BDB1F9AB
:10A240000E1000F09DB8F8B50E461446054618B13C
:10A25000036A0BB9FFF70EFFA369A360A3891A076E
:10A2600001D5236943B92146284600F02BF818B1DF
:10A270004FF0FF373846F8BD23682269981A6369A2
:10A28000F6B28342374605DC2146284600F0A0FCA2
:10A290000028EDD1A368013BA36023685A1C22600B
:10A2A0001E706269431C9A4204D0A389DB07E1D582
:10A2B0000A2EDFD12146284600F08AFC0028D9D09A
:10A2C000D6E7000038B5294B054618680C4618B18A
:10A2D000036A0BB9FFF7CEFEB4F90C30190722D48C
:10A2E000DA0607D409222A6043F04003A3814FF025
:10A2F000FF3033E0580712D5616B41B104F14403DC
:10A30000994202D0284600F0C7F800236363A3896E
:10A3100023F02403A3810023636023692360A389BE
:10A3200043F00803A38123694BB9A38903F4207385
:10A33000B3F5007F03D02146284600F097FCB4F91E
:10A340000C3013F001020AD00022A260626952426E
:10A35000A261226942B913F08000C5D138BD9907C6
:10A3600058BF6269A260F4E70020F7E7700100249B
:10A3700002440346934200D1704703F8011BF9E7FA
:10A3800038B5064D0023044608462B6000F0CCFC8F
:10A39000431C02D12B6803B1236038BDA005002403
:10A3A00038B5074D04460846114600222A601A4671
:10A3B00000F0D2FC431C02D12B6803B1236038BDEE
:10A3C000A005002438B5074D044608461146002272
:10A3D0002A601A4600F0C8FC431C02D12B6803B166
:10A3E000236038BDA005002438B5064D002304467F
:10A3F00008462B6000F0C0FC431C02D12B6803B15F
:10A40000236038BDA005002438B5074D0446084632
:10A41000114600222A601A46F6F768F8431C02D15A
:10A420002B6803B1236038BDA005002470B50D4D25
:10A430000D4C641BA4100026A64209D10B4D0C4CF8
:10A4400000F0A8FC641BA4100026A64205D170BD34
:10A4500055F8043B98470136EEE755F8043B98471A
:10A460000136F2E748AF000848AF000848AF0008DF
:10A470004CAF00087047704770470A44914200F1A2
:10A48000FF3300D1704710B511F8014B03F8014FAD
:10A490009142F9D110BD000038B50546002941D0E0
:10A4A00051F8043C0C1F002BB8BFE418FFF74AFD1D
:10A4B0001D4A136833B9636014602846BDE838400C
:10A4C000FFF746BDA34208D9206821188B4201BF7F
:10A4D00019685B6809182160EDE71A465B680BB1E3
:10A4E000A342FAD911685018A0420BD12068014448
:10A4F000501883421160E0D118685B6853600844CB
:10A500001060DAE702D90C232B60D6E72068211807
:10A510008B4204BF19685B68636004BF091821603F
:10A520005460CAE738BD00BF600400249368013B53
:10A53000002B10B4936008DA9469A34201DB0A2966
:10A5400003D15DF8044BFFF77EBE1368581C106002
:10A55000197008465DF8044B7047F8B506460F467B
:10A560001446D518AC4201D1002007E014F8011BB5
:10A570003A463046FFF7DAFF431CF3D1F8BD00003E
:10A580002DE9F04F0D469DB014469846064618B189
:10A59000036A0BB9FFF76EFD6B6ED90705D4AB8963
:10A5A0009A0502D4A86DFFF766FFAB891B0701D59A
:10A5B0002B699BB929463046FFF784FE70B16B6E5C
:10A5C000DC0704D54FF0FF301DB0BDE8F08FAB893C
:10A5D0009805F7D4A86DFFF74FFFF3E70023099321
:10A5E00020238DF82930CDF80C803023DFF8AC81A2
:10A5F0008DF82A304FF0010923469A4613F8012BB3
:10A600000AB1252AF9D1BAEB040B0BD05B462246DE
:10A6100029463046FFF7A1FF013000F0A780099AD4
:10A620005A4409929AF80030002B00F09F800023D2
:10A630004FF0FF32CDE905230AF1010A0493079395
:10A640008DF853301A935446052214F8011B5348D1
:10A65000F5F74EFE049AD8B9D10644BF20238DF8F1
:10A660005330130744BF2B238DF853309AF8003032
:10A670002A2B15D0079A544600204FF00A0C214689
:10A6800011F8013B303B092B4BD9B0B1079214E0D4
:10A69000A0EB080309FA03F313430493A246D2E79D
:10A6A000039B191D1B680391002BBBBF5B4242F04B
:10A6B000020207930793B8BF049223782E2B0AD186
:10A6C00063782A2B32D1039B1A1D1B68039243EA3D
:10A6D000E37302340593DFF8D4A0217803225046B7
:10A6E000F5F706FE38B1049BA0EB0A004022824039
:10A6F00013430134049314F8011B29488DF82810E2
:10A700000622F5F7F5FD00283FD0264B1BBB039B27
:10A71000073323F0070308330393099B3B44099352
:10A720006AE70CFB02320C460120A8E70023013443
:10A73000059319464FF00A0C204610F8012B303AC9
:10A74000092A03D9002BC6D00591C4E70CFB0121CF
:10A7500004460123F0E703AB00932A46124B04A9F9
:10A760003046AFF300800746781CD6D16B6ED90710
:10A7700005D4AB899A0502D4A86DFFF77DFEAB899D
:10A780005B063FF51FAF09981EE703AB00932A460F
:10A79000054B04A9304600F079F8E4E70CAF000857
:10A7A00016AF0008000000005BA5000812AF00080B
:10A7B0002DE9F047164698468A680B69DDF8209027
:10A7C0009342B8BF1346336091F8432007460C46C6
:10A7D0000AB1013333602368990642BF33680233FC
:10A7E0003360256815F0060506D104F1190AE368FF
:10A7F00032689B1AAB4226DC94F843302268003B57
:10A8000018BF012392062BD404F143024146384677
:10A81000C84701301ED02368226903F00603042BC9
:10A8200002BFE5683368ED1AA3680CBF25EAE57539
:10A8300000259342C4BF9B1AED1800261A34B54276
:10A840001AD1002008E00123524641463846C84745
:10A85000013003D14FF0FF30BDE8F0870135C6E786
:10A86000E1185A1C302081F84300224494F8451026
:10A8700082F843100233C7E7012322464146384697
:10A88000C8470130E6D00136D9E700002DE9FF477F
:10A890000F7E0C9E782F914680460C469A4601F119
:10A8A000430207D8622F0AD8002F00F0D180582F1A
:10A8B00000F0B88004F1420684F842703AE0A7F153
:10A8C0006303152BF6D801A151F823F025A9000840
:10A8D00039A90008B5A80008B5A80008B5A800085F
:10A8E000B5A8000839A90008B5A80008B5A800084F
:10A8F000B5A80008B5A8000837AA000863A9000891
:10A90000F1A90008B5A80008B5A8000859AA0008D0
:10A91000B5A8000863A90008B5A80008B5A80008F4
:10A92000F9A9000833681A1D1B68326004F1420659
:10A9300084F8423001239CE033682068191D31609F
:10A94000060601D51D6803E04506FBD5B3F90050A6
:10A95000002D03DA2D236D4284F8433058480A2332
:10A9600011E021683368080653F8045B02D44906F5
:10A9700048BFADB26F2F5248336014BF0A2308237B
:10A98000002184F843106668A660002E05DB21686C
:10A990002E4321F0040121604BD01646B5FBF3F1A4
:10A9A00003FB1157C75D06F8017D2F46BB420D46DC
:10A9B000F4D9082B0BD12368DF0708D52369616818
:10A9C0009942DEBF302306F8013C06F1FF36921BA8
:10A9D0002261CDF800A04B4603AA21464046FFF76E
:10A9E000E7FE01304AD14FF0FF3004B0BDE8F087F8
:10A9F000236843F0200323603248782784F84570A9
:10AA0000236831681F0651F8045B02D45F0648BF13
:10AA1000ADB23160D90744BF43F0200323601DB1BC
:10AA20001023ADE72648E9E7236823F020032360DD
:10AA3000F6E71646BDE7336825686169181D306082
:10AA40002E061B6801D5196002E06806FBD5198047
:10AA5000002323611646BCE733681A1D32601E6866
:10AA6000626800213046F5F743FC08B1801B606046
:10AA700063682361002384F84330AAE723693246E0
:10AA800049464046D0470130ADD023689B0713D4D8
:10AA9000E068039B9842B8BF1846A6E701233246F8
:10AAA00049464046D04701309DD00135E3680399BF
:10AAB0005B1AAB42F2DCEBE7002504F11906F5E77F
:10AAC0001DAF00082EAF0008B1F90C202DE9F041B0
:10AAD000160705460C4654D44B68002B02DC0B6C61
:10AAE000002B48DDE66A002E45D0002312F4805288
:10AAF0002F68216A2B6030D0626DA389590705D574
:10AB00006368D21A636B0BB1236CD21A0023E66A16
:10AB1000216A2846B047431CA38906D129681D290C
:10AB20002BD82A4ACA40D60727D500226260D9040A
:10AB30002269226004D5421C01D12B6803B96065EB
:10AB4000616B2F60B9B104F14403994202D02846E9
:10AB5000FFF7A2FC002363630DE001232846B04702
:10AB60000246501CC9D12B68002BC6D01D2B01D02A
:10AB7000162B1ED12F60002022E043F040031BB2B1
:10AB80001BE00F69002FF6D093070E6808BF4B69D2
:10AB90000F6018BF0023A6EB07088B60B8F1000F09
:10ABA000E9DD216AA66A43463A462846B0470028AE
:10ABB00008DCB4F90C3043F04003A3814FF0FF30C0
:10ABC000BDE8F0810744A8EB0008E7E7010040205A
:10ABD00038B50B6905460C4613B90025284638BD23
:10ABE00018B1036A0BB9FFF745FAB4F90C30002B22
:10ABF000F3D0626ED00704D4990502D4A06DFFF79C
:10AC00003AFC28462146FFF75FFF636EDA070546E8
:10AC1000E4D4A3899B05E1D4A06DFFF72DFCDDE70B
:10AC200070B50C46B1F90E10002996B015461E46B7
:10AC30000DDAA38913F0800F4FF0000114BF4023F9
:10AC40004FF48063002031602B6016B070BD6A46FF
:10AC500000F048F80028ECDB019901F47041A1F5FF
:10AC60000053594259414FF48063EBE78B89F7B5A4
:10AC70009D0706460C4607D504F147032360236170
:10AC80000123636103B0F0BD01AB6A46FFF7C8FF63
:10AC9000009F054639463046FFF7D4F848B9B4F965
:10ACA0000C309A05EED423F0030343F00203A38192
:10ACB000E2E7A389206043F08003A381019BC4E9FC
:10ACC00004075BB1B4F90E10304600F01DF828B14E
:10ACD000A38923F0030343F00103A381A3891D4348
:10ACE000A581CFE738B5074D002304460846114635
:10ACF0002B6000F021F8431C02D12B6803B12360C4
:10AD000038BD00BFA005002438B5064D0023044619
:10AD100008462B6000F018F8431C02D12B6803B1E1
:10AD2000236038BDA0050024024B58221A604FF062
:10AD3000FF307047A0050024024B58221A604FF0E4
:10AD4000FF307047A0050024024B58221A600020F3
:10AD5000704700BFA0050024024B58221A604FF034
:10AD6000FF307047A0050024024B58221A604FF0B4
:10AD7000FF307047A0050024044A05491368002BE2
:10AD800008BF0B461844106018467047A8050024F9
:10AD900000000020F8B500BFF8BC08BC9E46704714
:0CADA000F8B500BFF8BC08BC9E46704728
:10ADAC000D0A0D0A3D3D3D20426F6F746C6F61645E
:10ADBC0065722053746172746564203D3D3D0D00D5
:10ADCC00585350493220496E697469616C697A65CF
:10ADDC00642E0D004558544D454D5F496E697420E5
:10ADEC007374617475733A20256C640D0A0000004D
:10ADFC004661696C656420746F206D6170206578A4
:10AE0C007465726E616C20666C6173682120486198
:10AE1C006C74696E672E0D0045787465726E616C8A
:10AE2C0020466C617368206D617070656420746F6E
:10AE3C00203078253038582E0D0A00004A756D7078
:10AE4C00696E6720746F204170706C6963617469FE
:10AE5C006F6E2E2E2E0D00004170706C6963617444
:10AE6C00696F6E204D53503A2030782530386C582D
:10AE7C000D0A00004170706C69636174696F6E201B
:10AE8C0052657365742048616E646C65723A20304B
:10AE9C00782530386C580D0A0000000000080402B8
:10AEAC000408040609080914090A09100000210005
:10AEBC0032004200500064008500A600C800FA0071
:10AECC000A014D0190010000010203040607080964
:10AEDC0010000001A00F00FA10000000000100009B
:10AEEC00A00F000000FA00000100020004000600A0
:10AEFC0008000A000C001000200040008000000137
:10AF0C00232D302B2000686C4C0065666745464746
:10AF1C0000303132333435363738394142434445C9
:10AF2C004600303132333435363738396162636438
:04AF3C006566000046
:08AF4000B053FF7F0100000087
:04AF4800F903000801
:04AF4C00D103000825
:10AF500000000000700200240300000080F0FA02EC
:10AF600000000000000000000000000000000000E1
:10AF700000000000000000000000000000000000D1
:10AF800000000000000000000000000000000000C1
:10AF900000000000000000000000000000000000B1
:10AFA00000000000000000000000000000000000A1
:10AFB0000000000000000000000000000000000091
:10AFC0000000000000000000000000000000000081
:10AFD0000000000000000000000000000000000071
:10AFE0000000000000000000000000000000000061
:10AFF0000000000000000000000000000000000051
:10B000000000000000000000000000000000000040
:10B010000000000000000000000000000000000030
:10B020000000000000000000000000000000000020
:10B030000000000000000000000000000000000010
:10B040000000000000000000000000000000000000
:10B0500000000000000000000000000000000000F0
:10B0600000000000000000000000000000000000E0
:10B0700000000000000000000000000000000000D0
:10B0800000000000000000000000000000000000C0
:10B0900000000000000000000000000000000000B0
:10B0A00000000000000000000090D003100000002D
:10B0B0000100000000000000030000006404002400
:10B0C000740100240000000064040024CC04002467
:10B0D0003405002400000000000000000000000013
:10B0E0000000000000000000000000000000000060
:10B0F0000000000000000000000000000000000050
:10B10000000000000000000000000000000000003F
:0400000508003401BA
:00000001FF
