:020000040800F2
:1000000000000220A50C0008F90C000845120008A9
:10001000591200085F120008651200080000000075
:100020000000000000000000000000005D7B0008F0
:10003000F90C000800000000897C00083F1100084E
:10004000F90C0008F90C0008F90C0008F90C00087C
:10005000F90C0008F90C0008F90C0008F90C00086C
:10006000F90C0008F90C0008F90C0008F90C00085C
:10007000F90C0008F90C0008F90C0008F90C00084C
:10008000F90C0008F90C0008F90C0008F90C00083C
:10009000F90C0008F90C0008F90C0008F90C00082C
:1000A000F90C0008F90C0008F90C0008F90C00081C
:1000B000F90C0008F90C0008F90C0008F90C00080C
:1000C000F90C0008F90C0008F90C0008F90C0008FC
:1000D000F90C0008F90C0008F90C0008F90C0008EC
:1000E000F90C0008F90C000800000000F90C0008E9
:1000F000F90C0008F90C0008F90C0008F90C0008CC
:10010000F90C0008F90C0008F90C0008F90C0008BB
:10011000F90C0008F90C0008F90C0008F90C0008AB
:10012000F90C0008F90C0008F90C0008F90C00089B
:10013000F90C0008F90C0008F90C0008F90C00088B
:1001400000000000000000000000000000000000AF
:10015000F90C0008F90C0008F90C0008F90C00086B
:10016000F90C0008F90C0008F90C0008F90C00085B
:10017000F90C0008F90C0008F90C00080000000058
:10018000F90C0008F90C0008F90C0008F90C00083B
:10019000F90C0008F90C0008F90C0008F90C00082B
:1001A000F90C0008F90C0008F90C0008F90C00081B
:1001B000F90C0008F90C0008F90C0008F90C00080B
:1001C000F90C0008F90C0008F90C0008F90C0008FB
:1001D000F90C0008F90C0008F90C0008F90C0008EB
:1001E000F90C0008F90C0008F90C0008F90C0008DB
:1001F000F90C0008F90C0008F90C0008F90C0008CB
:10020000F90C0008F90C0008F90C0008F90C0008BA
:10021000F90C0008F90C0008F90C0008F90C0008AA
:10022000F90C0008F90C0008F90C000800000000A7
:10023000F90C0008F90C000800000000F90C000897
:10024000F90C0008F90C0008F90C0008F90C00087A
:10025000F90C0008F90C0008F90C0008F90C00086A
:10026000F90C0008F90C0008F90C0008F90C00085A
:10027000F90C0008F90C0008F90C00080000000057
:10028000F90C0008F90C0008F90C00080000000047
:0802900000000000F90C000859
:1002A00053B94AB9002908BF00281CBF4FF0FF31DD
:1002B0004FF0FF3000F00CB8ADF1080C6DE904CE42
:1002C00007F022FFDDF804E0DDE9022304B0704707
:1002D000704700BF000000000000000000000000A8
:1002E00001F0FF01102A2BDB10F0070F08D010F8E7
:1002F000013B013A8B422DD010F0070F42B3F6D1EB
:10030000F0B441EA012141EA014122F007047FF003
:1003100000070023F0E80256083C85EA010586EA5A
:10032000010685FA47F5A3FA87F586FA47F6A5FA96
:1003300087F68EB9EED1F0BC01F0FF0102F00702A2
:1003400032B110F8013B013A83EA010313B1F8D14D
:100350000020704701387047002D06BF354603382E
:10036000073815F0010F07D1013015F4807F02BF67
:10037000013015F4C03F0130F0BC0138704700BFB8
:100380000348044B834202D0034B03B11847704724
:100390007400002074000020000000000548064B97
:1003A0001B1AD90F01EBA301491002D0034B03B173
:1003B00018477047740000207400002000000000FF
:1003C00010B5064C237843B9FFF7DAFF044B13B19D
:1003D0000448AFF300800123237010BD7400002097
:1003E000000000008493000808B5054B1BB10549C7
:1003F0000548AFF30080BDE80840FFF7CFBF00BF5E
:1004000000000000780000208493000880B483B0CE
:1004100000AF7860044A7B68136000BF0C37BD46AC
:100420005DF8047B704700BF9000002080B584B069
:1004300000AFF860B9607A60094B1B68002B09D0E7
:10044000074B1B681B6808331B68054A10687A68ED
:10045000B96898477B6818461037BD4680BD00BF15
:100460009000002080B483B000AF7860044A7B68BD
:100470001A607B6818460C37BD465DF8047B7047F0
:100480005895000880B582B000AF78607868FFF7B3
:10049000E9FF0421786807F024FE7B6818460837D6
:1004A000BD4680BD80B582B000AF7860054A7B68EC
:1004B0001A607B681846FFF7D5FF7B681846083737
:1004C000BD4680BD6C95000880B582B000AF7860F5
:1004D0007868FFF7E7FF0C21786807F002FE7B6879
:1004E00018460837BD4680BD80B582B002AF00F027
:1004F000D9F900F067FA03461846FFF787FF3D4831
:1005000008F04EF93C4B1B68BFF35B8F03F001030F
:10051000002B0CBF01230023DBB2002B12D0364886
:1005200007F0E1FD0346002B14BF01230023DBB2DB
:10053000002B07D000F050FA0346304A13602E48D3
:1005400007F0DDFD2E4B1B68BFF35B8F03F001034B
:10055000002B0CBF01230023DBB2002B1AD028484C
:1005600007F0C1FD0346002B14BF01230023DBB2BB
:10057000002B0FD0214B1B684FF4FA72194621480B
:1005800000F05EF8204A21491E4807F0A5FD1C48EE
:1005900007F0B5FD1E4B1B68BFF35B8F03F0010333
:1005A000002B0CBF01230023DBB2002B1BD018480B
:1005B00007F099FD0346002B14BF01230023DBB293
:1005C000002B10D0032300934FF48073114A0D4980
:1005D000114800F07FFF0C4A10490F4807F07CFDDE
:1005E0000B4807F08CFD0C4800F0C4FF05F06AFFD3
:1005F00000BFFDE7B493000898000020940000209D
:10060000A80000209C00002000000020A504000895
:10061000C4000020F0930008AC0000201D15000865
:1006200080B483B000AF7860044A7B681A607B684E
:1006300018460C37BD465DF8047B70475895000896
:1006400080B584B000AFF860B9607A60FB68184686
:10065000FFF7E6FF064AFB681A60FB68BA685A6053
:10066000FB687A689A60FB6818461037BD4680BD03
:100670006C95000880B584B000AF78600023FB73F0
:100680007B685B681B6810331B687A685268104689
:100690009847FB7B83F00103FB73FB7B002B04D0AB
:1006A0004FF47A7000F0C4FFEAE74FF47A6000F08C
:1006B000BFFFE5E780B59CB000AF07F124034C22F3
:1006C0000021184608F04CF93B1D20220021184655
:1006D00008F046F9022001F0F3FB00233B60384BA1
:1006E0009B69374A43F440439361354B9B6903F45C
:1006F00040433B60334BDB6A324A43F00103D36231
:10070000304BDB6A03F001033B603B6800BF2C4BBE
:100710009B6903F40053B3F5005F14BF012300236A
:10072000DBB2002BF3D101237B624FF48033BB6239
:100730000223BB640223FB6402233B653C237B65ED
:100740000223BB650F23FB6502233B660C237B66FC
:100750000023BB660023FB6607F12403184601F063
:10076000E9FB0346002B14BF01230023DBB2002B5F
:1007700001D000F0DEFC3F237B600323BB6000233D
:10078000FB6008233B6140237B614023BB614FF446
:100790008063FB6140233B623B1D0421184602F04D
:1007A00023F80346002B14BF01230023DBB2002BE8
:1007B00001D000F0BEFC00BF7037BD4680BD00BF59
:1007C000004802580004005880B584B000AF3B4692
:1007D00000221A605A609A60DA6001F0F3F801238F
:1007E0003B7000237B7000237B601F233B728723B9
:1007F0007B720023BB720023FB7201233B73012336
:100800007B730023BB730023FB733B46184601F048
:1008100011F9042001F0EEF800BF1037BD4680BD8D
:1008200080B588B000AF1D4BD3F8F0301B4A43F0C1
:100830001003C2F8F030194BD3F8F03003F0100376
:10084000BB60BB68154BD3F8E030144A43F0020399
:10085000C2F8E030114BD3F8E03003F002037B60C4
:100860007B6807F10C0300221A605A609A60DA6014
:100870001A61C023FB6002233B6100237B610023DC
:10088000BB610723FB6107F10C031946044801F023
:1008900011F900BF2037BD4680BD00BF004402589B
:1008A0000004025880B584B000AFFFF78DFF434BC2
:1008B0005B6903F40033002B14BF01230023DBB278
:1008C000002B1BD1BFF34F8F00BFBFF36F8F00BF53
:1008D0003A4B0022C3F85022BFF34F8F00BFBFF343
:1008E0006F8F00BF354B5B69344A43F4003353616B
:1008F000BFF34F8F00BFBFF36F8F00E000BF2F4BE0
:100900005B6903F48033002B14BF01230023DBB2A7
:10091000002B42D1294B0022C3F88420BFF34F8F14
:1009200000BF264BD3F88030FB60FB685B0BC3F342
:100930000E03BB60FB68DB08C3F309037B60BB6885
:100940005A0143F6E07313407A6892071B49134338
:10095000C1F860327B685A1E7A60002B14BF0123F5
:100960000023DBB2002BEAD1BB685A1EBA60002B11
:1009700014BF01230023DBB2002BDBD1BFF34F8F69
:1009800000BF0E4B5B690D4A43F480335361BFF3E4
:100990004F8F00BFBFF36F8F00E000BF00F090FEED
:1009A000FFF788FE00F04AFAFFF73AFF044800F02C
:1009B0001BFD00BF1037BD4680BD00BF00ED00E04D
:1009C000C800002080B400AF024B1846BD465DF859
:1009D000047B7047C800002080B586B000AF144B80
:1009E000D3F8E030124A43F00403C2F8E030104B71
:1009F000D3F8E03003F004033B603B683B1D00226A
:100A00001A605A609A60DA601A6101237B600123E0
:100A1000BB600023FB6000233B613B1D194605487A
:100A200001F048F8044B18461837BD4680BD00BF9A
:100A300000440258000802586001002080B483B0CE
:100A400000AF7860044A7B681A607B6818460C37F0
:100A5000BD465DF8047B70478095000880B582B084
:100A600000AF78607868FFF7E9FF0421786807F045
:100A700038FB7B6818460837BD4680BD80B582B01C
:100A800000AF7860054A7B681A607B681846FFF7FC
:100A9000D5FF7B6818460837BD4680BDE89500083D
:100AA00080B582B000AF78607868FFF7E7FF9821E3
:100AB000786807F016FB7B6818460837BD4680BD8E
:100AC00080B483B000AF7860044A7B681A607B68AA
:100AD00018460C37BD465DF8047B704798950008B2
:100AE00080B582B000AF78607868FFF7E9FF042135
:100AF000786807F0F6FA7B6818460837BD4680BD6F
:100B000080B582B000AF7860054A7B681A607B6868
:100B10001846FFF7D5FF7B6818460837BD4680BDED
:100B2000C895000880B582B000AF78607868FFF79C
:100B3000E7FF0C21786807F0D4FA7B68184608377D
:100B4000BD4680BD80B500AF4FF4E1320A490B4885
:100B500000F00EFC0A4A0B49084807F0BDFA0122D2
:100B600009490A4800F092FB054A0949074807F07D
:100B7000B3FA00BF80BD00BF00100140C8000020D4
:100B8000000000207D0A00080008025860010020D3
:100B9000010B000880B500AFFFF7D4FF80BD000057
:100BA00080B483B000AF0A4BD3F8F430084A43F066
:100BB0000203C2F8F430064BD3F8F43003F002031A
:100BC0007B607B6800BF0C37BD465DF8047B7047D7
:100BD0000044025880B5BAB000AF786007F1D40382
:100BE00000221A605A609A60DA601A6107F11003F5
:100BF000C0220021184607F0B3FE7B681B68264A16
:100C0000934245D14FF001024FF00003C7E904239E
:100C10000023C7F88C3007F11003184602F070F972
:100C20000346002B01D000F084FA1C4BD3F8F030BF
:100C30001A4A43F01003C2F8F030184BD3F8F030E2
:100C400003F01003FB60FB68144BD3F8E030134A49
:100C500043F00203C2F8E030104BD3F8E03003F069
:100C60000203BB60BB68C023C7F8D4300223C7F8B7
:100C7000D8300023C7F8DC300023C7F8E030072362
:100C8000C7F8E43007F1D4031946054800F012FF15
:100C900000BFE837BD4680BD001001400044025847
:100CA00000040258DFF838D000F042FA00F026F8CD
:100CB0000C480D490D4A002302E0D458C4500433B7
:100CC000C4188C42F9D30A4A0A4C002301E013608D
:100CD0000432A242FBD307F0A1FEFFF705FCFEE7BA
:100CE00000000220000000207400002094960008FC
:100CF0007400002058080120FEE7000080B400AF17
:100D0000434BD3F88830424A43F47003C2F888302A
:100D1000404B1B6803F00F03062B07D83D4B1B68A5
:100D200023F00F033B4A43F0070313603A4B1B6861
:100D3000394A43F001031360374B00221A61364BE6
:100D40001A683549354B13400B60324B1B6803F072
:100D50000803002B07D02F4B1B6823F00F032D4AED
:100D600043F0070313602C4B00229A612A4B0022A8
:100D7000DA61294B00221A62274B294A9A62264BD4
:100D8000284ADA62244B284A1A63234B00225A630A
:100D9000214B254A9A63204B0022DA631E4B224ADC
:100DA0001A641D4B00225A641B4B1B681A4A23F419
:100DB00080231360184B00221A661C4B1A681C4BC8
:100DC0001340B3F1005F02D21A4B01221A60124B9A
:100DD000D3F8D43003F48053002B13D10E4BD3F847
:100DE000D4300D4A43F48053C2F8D430124B43F24E
:100DF000D2021A60084BD3F8D430074A23F4805348
:100E0000C2F8D43000BFBD465DF8047B704700BF18
:100E100000ED00E000200052004402587FEDF6EAA9
:100E2000000202020000FF01800201010010005CCC
:100E30000000FFFF088100510040005280B48BB0D9
:100E400000AFB14B1B6903F03803182B00F22E8161
:100E500001A252F823F000BFBD0E0008AD1000083B
:100E6000AD100008AD100008AD100008AD1000086E
:100E7000AD100008AD100008D10E0008AD1000083C
:100E8000AD100008AD100008AD100008AD1000084E
:100E9000AD100008AD100008D70E0008AD10000816
:100EA000AD100008AD100008AD100008AD1000082E
:100EB000AD100008AD100008DD0E0008924B1B6855
:100EC000DB0803F00303914A22FA03F37B62F7E0A5
:100ED0008F4B7B62F4E08F4B7B62F1E08A4B9B6A25
:100EE00003F00303FB61884B9B6A1B0903F03F037C
:100EF000BB61854BDB6A03F001037B61824B5B6B5B
:100F0000DB08C3F30C037A6902FB03F307EE903AA4
:100F1000F8EE677AC7ED047ABB69002B00F0C38056
:100F2000FB69022B59D0FB69022B78D8FB69002B97
:100F300003D0FB69012B2ED071E0734B1B68DB08DB
:100F400003F00303714A22FA03F3FB60FB6807EE28
:100F5000903AF8EE676ABB6907EE903AF8EE677A66
:100F600086EEA77A684B1B6BC3F3080307EE903A33
:100F7000F8EE676A97ED046ADFED675AC6EE257AE8
:100F800076EEA77AF7EE006A77EEA67A67EE277A12
:100F9000C7ED087A71E0BB6907EE903AF8EE677A20
:100FA000DFED5E6A86EEA77A574B1B6BC3F308032F
:100FB00007EE903AF8EE676A97ED046ADFED565A4D
:100FC000C6EE257A76EEA77AF7EE006A77EEA67A75
:100FD00067EE277AC7ED087A4FE0BB6907EE903AD3
:100FE000F8EE677ADFED4E6A86EEA77A464B1B6B0A
:100FF000C3F3080307EE903AF8EE676A97ED046AC8
:10100000DFED455AC6EE257A76EEA77AF7EE006A4E
:1010100077EEA67A67EE277AC7ED087A2DE03A4B8D
:101020001B68DB0803F00303384A22FA03F3FB6072
:10103000FB6807EE903AF8EE676ABB6907EE903AF4
:10104000F8EE677A86EEA77A2F4B1B6BC3F3080383
:1010500007EE903AF8EE676A97ED046ADFED2E5AD4
:10106000C6EE257A76EEA77AF7EE006A77EEA67AD4
:1010700067EE277AC7ED087A00BF234B1B6B5B0A2C
:1010800003F07F030133BB60BB6807EE903AB8EE14
:10109000677AD7ED086AC6EE877AFCEEE77A17EE34
:1010A000903A7B620CE000237B6209E0164B1B68E0
:1010B000DB0803F00303154A22FA03F37B6200BF47
:1010C000114B9B691B0A03F00F03164AD35C7B602C
:1010D0007A6A7B6822FA03F37B620B4B9B6903F00D
:1010E0000F03104AD35C03F01F037A6A22FA03F35A
:1010F0000D4A13600D4A7B6A136000BF2C37BD4652
:101100005DF8047B704700BF004402580090D00394
:1011100000093D0040787D01000000460024744A2B
:1011200020BCBE4BB0950008080000200400002041
:10113000704780B400AF72B600BF00BFFDE780B556
:1011400000AF00F02FFB05F08FFE0346012B14BF0C
:1011500001230023DBB2002B01D006F0C9FD00BF44
:1011600080BD000080B58AB000AF78607B681B68E6
:101170007B627B685B683B627B689B68FB617B682A
:10118000DB68BB617B681B697B617B685B693B617A
:101190007B689B69FB607B68DB69BB601C4807F070
:1011A000FFFA1C4807F0FCFAF9681B4807F090FAB0
:1011B00039691A4807F08CFA3A6A796A184807F0D0
:1011C00087FABA69F969174807F082FABA68796943
:1011D000154807F07DFA154B9B6A1946144807F02D
:1011E00077FA124BDB6A1946124807F071FA0F4B77
:1011F0005B6B1946104807F06BFA0C4B9B6B19465A
:101200000E4807F065FA0E4807F0CAFA00BFFDE77E
:10121000FC930008289400084494000854940008A3
:101220006494000884940008A494000800ED00E091
:10123000C4940008DC940008F49400080C9500089D
:10124000249500081EF0040F0CBFEFF30880EFF3A5
:101250000980FFF787BF00BFFFF7F4FF00BFFFF76C
:10126000F1FF00BFFFF7EEFF00BF000080B483B0C6
:1012700000AF7860044A7B681A607B6818460C37B8
:10128000BD465DF8047B70479895000880B584B032
:1012900000AFF860B9601346FB80FB681846FFF7A3
:1012A000E5FF074AFB681A60FB68BA685A60FB688A
:1012B000FA881A81FB6818461037BD4680BD00BF0A
:1012C000C895000880B582B000AF78607B68586828
:1012D0007B681B890122194600F0BEFD00BF08375C
:1012E000BD4680BD80B582B000AF78607B6858682D
:1012F0007B681B890022194600F0AEFD00BF08374D
:10130000BD4680BD80B582B000AF78607B685A680A
:101310007B681B891946104600F0B7FD00BF0837EF
:10132000BD4680BD80B582B000AF78607B685A68EA
:101330007B681B891946104600F076FD0346012B99
:101340000CBF01230023DBB218460837BD4680BD21
:1013500080B483B000AF7860044A7B681A607B6811
:1013600018460C37BD465DF8047B70478095000831
:1013700080B584B000AFF860B9607A60FB68184649
:10138000FFF7E6FF174AFB681A60FB6804339422F4
:101390000021184607F0E4FAFB68BA685A60FB6857
:1013A0007A689A60FB680022DA60FB6800221A61A2
:1013B000FB6800225A61FB680C229A61FB680022DC
:1013C000DA61FB6800221A62FB6800225A62FB683D
:1013D00000229A62FB680022DA62FB681846103726
:1013E000BD4680BDE895000880B582B000AF78604A
:1013F0007B680433184603F0AFFB0346002B0CBF99
:1014000001230023DBB218460837BD4680BD80B5F6
:1014100084B000AFF860B9607A60FB68181D7B6823
:101420009AB24FF0FF33B96803F0E6FB0346002B96
:101430000CBF01230023DBB218461037BD4680BD28
:1014400080B584B000AFF860B9607A60FB68181DA1
:101450007B689AB24FF0FF33B96803F066FC03462D
:10146000002B0CBF01230023DBB218461037BD460A
:1014700080BD000080B483B000AF7860044A7B6810
:101480001A607B6818460C37BD465DF8047B7047D0
:101490001C96000880B483B000AF7860044A7B6873
:1014A0001A607B6818460C37BD465DF8047B7047B0
:1014B0001C96000880B582B000AF78607868FFF7AE
:1014C000E9FF0421786806F00CFE7B6818460837AF
:1014D000BD4680BD80B584B000AFF860B9607A6069
:1014E0007B80FB681846FFF7C5FF0B4AFB681A6054
:1014F000FB68BA685A60FB6800229A60FB687A68E9
:10150000DA60FB687A881A82FB68BA695A61FB68FC
:1015100018461037BD4680BD0096000880B582B0E1
:1015200000AF78600A4A7B681A607B689B68002B72
:1015300004D07B689B68184604F0B0FD7B681846B1
:10154000FFF7A8FF7B6818460837BD4680BD00BF7F
:101550000096000880B582B000AF78607868FFF729
:10156000DDFF1821786806F0BCFD7B681846083757
:10157000BD4680BD80B586B002AF78607B689B6851
:10158000002B01D0002315E07B68D9687B68188A9E
:101590007B685B697A680832019200937B68024637
:1015A000064804F058FCF860FB68012B0CBF0123CF
:1015B0000023DBB218461037BD4680BD0516000873
:1015C00080B582B000AF78607B689B68002B04D048
:1015D0007B689B68184604F0F9FD00BF0837BD46DC
:1015E00080BD80B582B000AF78607B689B68002BBF
:1015F00004D07B689B68184604F094FE00BF08374F
:10160000BD4680BD80B584B000AF78607B68FB606C
:10161000FB685B681B6808331B68FA6852681046F1
:101620009847002004F03AFD00BF1037BD4680BD4A
:101630002DE9B04F82B000AF7860796800200C4689
:101640000546204629464FF0000A4FF0000B4FEAAE
:10165000411B4BEAD06B4FEA401A50465946021BD9
:1016600061EB05034FF000004FF00001990041EAE3
:101670009271900002460B4612EB040843EB0509F9
:101680004FF000024FF000034FEAC90343EA5873DA
:101690004FEAC80290469946404649464FF47A724E
:1016A0004FF00003FEF7FCFD02460B4613461846BA
:1016B00004F068FD00BF0837BD46BDE8B08F0000EC
:1016C00080B582B000AF032000F04AF901F042FA81
:1016D0000246154B9B691B0A03F00F031349CB5CB1
:1016E00003F01F0322FA03F37B600F4B9B6903F0A7
:1016F0000F030E4AD35C03F01F037A6822FA03F348
:101700000B4A13600B4A7B6813600F2000F014F83B
:101710000346002B01D0012302E0FFF741FA00232A
:1017200018460837BD4680BD00440258B0950008F1
:10173000080000200400002080B582B000AF78606F
:10174000154B1B78002B01D1012321E0134B1A68A4
:10175000114B1B7819464FF47A73B3FBF1F3B2FBCC
:10176000F3F3184600F021F90346002B01D00123C2
:101770000EE07B680F2B0AD8002279684FF0FF300B
:1017800000F0F9F8064A7B681360002300E00123AB
:1017900018460837BD4680BD100000200400002018
:1017A0000C00002080B400AF064B1B781A46064B95
:1017B0001B681344044A136000BFBD465DF8047BF8
:1017C000704700BF100000206C01002080B400AF03
:1017D000034B1B681846BD465DF8047B704700BF8D
:1017E0006C01002080B400AF034B1B681B0C184633
:1017F000BD465DF8047B70470010005C80B485B086
:1018000000AF78607B6803F00703FB600B4BDB687D
:10181000BB60BA684FF6FF031340BB60FB681A0257
:10182000BB681A43064B1343BB60044ABB68D360D2
:1018300000BF1437BD465DF8047B704700ED00E043
:101840000000FA0580B400AF044BDB681B0A03F00C
:1018500007031846BD465DF8047B704700ED00E0C5
:1018600080B483B000AF03463960FB80B7F906301F
:10187000002B0ADB3B68DAB20C49B7F906301201DB
:10188000D2B20B4483F800230AE03B68DAB208497D
:10189000FB8803F00F03043B1201D2B20B441A760B
:1018A00000BF0C37BD465DF8047B704700E100E0E7
:1018B00000ED00E080B489B000AFF860B9607A60F4
:1018C000FB6803F00703FB61FB69C3F10703042B0B
:1018D00028BF0423BB61FB690433062B02D9FB69D3
:1018E000033B00E000237B614FF0FF32BB6902FA4B
:1018F00003F3DA43BB681A407B699A404FF0FF312B
:101900007B6901FA03F3D9437B680B401343184604
:101910002437BD465DF8047B7047000080B582B077
:1019200000AF78607B68013BB3F1807F01D3012376
:101930000FE00A4A7B68013B53600F214FF0FF30F4
:10194000FFF78EFF054B00229A60044B07221A60B6
:10195000002318460837BD4680BD00BF10E000E0F8
:1019600080B582B000AF78607868FFF747FF00BFAE
:101970000837BD4680BD80B586B000AF0346B9606C
:101980007A60FB81FFF75EFF78617A68B9687869F1
:10199000FFF790FF0246B7F90E3011461846FFF7E1
:1019A0005FFF00BF1837BD4680BD80B582B000AF75
:1019B00078607868FFF7B2FF034618460837BD46DF
:1019C00080BD000080B400AFBFF35F8F00BF074B46
:1019D0005B6A064A23F480335362054B00225A6047
:1019E00000BFBD465DF8047B704700BF00ED00E01E
:1019F00090ED00E080B483B000AF78600B4A7B6864
:101A000043F0010353600A4B5B6A094A43F4803395
:101A10005362BFF34F8F00BFBFF36F8F00BF00BF94
:101A20000C37BD465DF8047B704700BF90ED00E0C9
:101A300000ED00E080B483B000AF78607B685A7836
:101A40001B4B9A601A4B1B69194A23F0010313615F
:101A5000174A7B685B68D3607B681B7B1A077B68CF
:101A6000DB7A1B061A437B689B7ADB041A437B688C
:101A70005B7B9B041A437B689B7B5B041A437B68FC
:101A8000DB7B1B041A437B685B7A1B021A437B686F
:101A90001B7A5B0013437A6812781146044A0B43A1
:101AA000136100BF0C37BD465DF8047B704700BF73
:101AB00090ED00E080B489B000AF78603960002319
:101AC000FB618E4B7B619EE13B681A680121FB69DB
:101AD00001FA03F313403B613B69002B00F0908156
:101AE0003B685B6803F00303012B05D03B685B6830
:101AF00003F00303022B30D17B689B68BB61FB6959
:101B00005B00032202FA03F3DB43BA691340BB61B3
:101B10003B68DA68FB695B0002FA03F3BA691343B6
:101B2000BB617B68BA699A607B685B68BB610122B4
:101B3000FB6902FA03F3DB43BA691340BB613B68FC
:101B40005B681B0903F00102FB6902FA03F3BA693F
:101B50001343BB617B68BA695A603B685B6803F0FA
:101B60000303032B09D13B685B6803F00303032BDA
:101B70001BD13B689B68012B17D07B68DB68BB617E
:101B8000FB695B00032202FA03F3DB43BA691340EB
:101B9000BB613B689A68FB695B0002FA03F3BA69B0
:101BA0001343BB617B68BA69DA603B685B6803F02A
:101BB0000303022B23D1FB69DA087B68083253F850
:101BC0002230BB61FB6903F007039B000F2202FA7E
:101BD00003F3DB43BA691340BB613B681A69FB69D5
:101BE00003F007039B0002FA03F3BA691343BB61D6
:101BF000FB69DA087B680832B96943F822107B6810
:101C00001B68BB61FB695B00032202FA03F3DB4341
:101C1000BA691340BB613B685B6803F00302FB6970
:101C20005B0002FA03F3BA691343BB617B68BA69CC
:101C30001A603B685B6803F44033002B00F0E080DF
:101C40002F4BD3F8F4302E4A43F00203C2F8F4309D
:101C50002B4BD3F8F43003F00203FB60FB68294AF6
:101C6000FB699B08023352F82330BB61FB6903F028
:101C700003039B000F2202FA03F3DB43BA6913400C
:101C8000BB617B68204A934252D07B681F4A9342D3
:101C900031D07B681E4A93422BD07B681D4A934209
:101CA00025D07B681C4A93421FD07B681B4A934215
:101CB00019D07B681A4A934213D07B68194A934221
:101CC0000DD07B68184A934207D07B68174A93422D
:101CD00001D109232DE00A232BE0082329E0072363
:101CE00027E0062325E0052323E0042321E0032346
:101CF0001FE002231DE001231BE000BF800000580D
:101D00000044025800040058000002580004025821
:101D100000080258000C0258001002580014025823
:101D200000180258001C02580020025800240258D3
:101D30000023FA6902F0030292009340BA69134348
:101D4000BB613849FB699B080233BA6941F823201B
:101D50004FF0B0431B68BB613B69DB43BA6913407A
:101D6000BB613B685B6803F48013002B03D0BA6946
:101D70003B691343BB614FF0B042BB6913604FF046
:101D8000B0435B68BB613B69DB43BA691340BB612D
:101D90003B685B6803F40013002B03D0BA693B690E
:101DA0001343BB614FF0B042BB6953607B695B6812
:101DB000BB613B69DB43BA691340BB613B685B684D
:101DC00003F40033002B03D0BA693B691343BB61B2
:101DD0007B69BA695A607B691B68BB613B69DB43FD
:101DE000BA691340BB613B685B6803F48033002B26
:101DF00003D0BA693B691343BB617B69BA691A6056
:101E0000FB690133FB613B681A68FB6922FA03F343
:101E1000002B7FF459AE00BF00BF2437BD465DF8EC
:101E2000047B70470004005880B485B000AF786030
:101E30000B467B807B681A697B881340002B02D09D
:101E40000123FB7301E00023FB73FB7B184614376F
:101E5000BD465DF8047B704780B483B000AF786006
:101E60000B467B8013467B707B78002B03D07A88EF
:101E70007B689A6103E07B881A047B689A6100BFE3
:101E80000C37BD465DF8047B704780B485B000AF69
:101E900078600B467B807B685B69FB607A88FB68B7
:101EA00013401A04FB68D9437B880B401A437B68B4
:101EB0009A6100BF1437BD465DF8047B704700008F
:101EC00080B584B000AF7860194BDB6803F0040381
:101ED000042B0AD0164BDB6803F007037A689A429A
:101EE00001D001231FE000231DE0114BDB6823F02C
:101EF00007020F497B681343CB60FFF767FCF8606C
:101F000009E0FFF763FC0246FB68D31AB3F57A7F5A
:101F100001D9012307E0064B5B6803F40053B3F5D6
:101F2000005FEED1002318461037BD4680BD00BFCC
:101F30000048025880B58CB000AF78607B68002BF9
:101F400002D1012300F048BC7B681B6803F0010349
:101F5000002B00F08880994B1B6903F03803FB626B
:101F6000964B9B6ABB62FB6A102B07D0FB6A182B4F
:101F700011D1BB6A03F00303022B0CD18F4B1B68FA
:101F800003F40033002B6DD07B685B68002B69D1B4
:101F9000012300F021BC7B685B68B3F5803F06D16C
:101FA000864B1B68854A43F4803313602EE07B68C0
:101FB0005B68002B0CD1814B1B68804A23F4803373
:101FC00013607E4B1B687D4A23F4802313601DE061
:101FD0007B685B68B3F5A02F0CD1784B1B68774A00
:101FE00043F480231360754B1B68744A43F48033B9
:101FF00013600BE0714B1B68704A23F4803313604D
:102000006E4B1B686D4A23F4802313607B685B680A
:10201000002B13D0FFF7DAFB786208E0FFF7D6FB5E
:1020200002467B6AD31A642B01D90323D4E3634BA2
:102030001B6803F40033002BF0D014E0FFF7C6FB5D
:10204000786208E0FFF7C2FB02467B6AD31A642B72
:1020500001D90323C0E3594B1B6803F40033002B61
:10206000F0D100E000BF7B681B6803F00203002B87
:1020700000F0CA80514B1B6903F038033B624F4BA1
:102080009B6AFB613B6A002B07D03B6A182B56D139
:10209000FB6903F00303002B51D1484B1B6803F08D
:1020A0000403002B05D07B68DB68002B01D10123E2
:1020B00092E3424B1B6823F019027B68DB683F49BF
:1020C00013430B60FFF782FB786208E0FFF77EFBAB
:1020D00002467B6AD31A022B01D903237CE3374BD8
:1020E0001B6803F00403002BF0D0FFF77BFB0346D3
:1020F00041F20302934217D87B681B69402B08D139
:102100002E4B5B6823F47C332C4A43F4003353603A
:102110007AE02A4B5B6823F47C327B681B691B03E3
:10212000264913434B606FE0244B5B6823F0FE426B
:102130007B681B691B06214913434B6064E07B6885
:10214000DB68002B47D01D4B1B6823F019027B680E
:10215000DB681A4913430B60FFF738FB786208E02D
:10216000FFF734FB02467B6AD31A022B01D9032303
:1021700032E3124B1B6803F00403002BF0D0FFF78F
:1021800031FB034641F20302934219D87B681B6975
:10219000402B08D1094B5B6823F47C33074A43F496
:1021A0000033536030E0054B5B6823F47C327B687E
:1021B0001B691B03014913434B6025E0004402588F
:1021C0009A4B5B6823F0FE427B681B691B069749AC
:1021D00013434B6018E0954B1B68944A23F00103AE
:1021E0001360FFF7F3FA786208E0FFF7EFFA0246B0
:1021F0007B6AD31A022B01D90323EDE28B4B1B68B8
:1022000003F00403002BF0D17B681B6803F010037C
:10221000002B00F0A980854B1B6903F03803BB61DC
:10222000824B9B6A7B61BB69082B07D0BB69182B6B
:102230003AD17B6903F00303012B35D17B4B1B683B
:1022400003F48073002B05D07B68DB69802B01D001
:102250000123C1E2FFF7C6FA034641F203029342AB
:1022600017D87B681B6A202B08D1704B5B6823F062
:10227000F8436E4A43F08043536075E06B4B5B68F4
:1022800023F0F8427B681B6A9B06684913434B6046
:102290006AE0664BDB6823F07C527B681B6A1B0696
:1022A00062491343CB605FE07B68DB69002B42D05F
:1022B0005E4B1B685D4A43F080031360FFF786FAAC
:1022C000786208E0FFF782FA02467B6AD31A022B93
:1022D00001D9032380E2554B1B6803F48073002B64
:1022E000F0D0FFF77FFA034641F20302934217D87A
:1022F0007B681B6A202B08D14C4B5B6823F0F843AA
:102300004A4A43F0804353602EE0484B5B6823F019
:10231000F8427B681B6A9B06444913434B6023E0E9
:10232000424BDB6823F07C527B681B6A1B063F49EB
:102330001343CB6018E03D4B1B683C4A23F08003FD
:102340001360FFF743FA786208E0FFF73FFA0246AE
:102350007B6AD31A022B01D903233DE2334B1B685E
:1023600003F48073002BF0D17B681B6803F0080333
:10237000002B36D07B685B69002B19D02B4B5B6F31
:102380002A4A43F001035367FFF720FA786208E016
:10239000FFF71CFA02467B6AD31A022B01D90323EA
:1023A0001AE2224B5B6F03F00203002BF0D018E01F
:1023B0001E4B5B6F1D4A23F001035367FFF706FABC
:1023C000786208E0FFF702FA02467B6AD31A022B12
:1023D00001D9032300E2154B5B6F03F00203002BCE
:1023E000F0D17B681B6803F02003002B39D07B6899
:1023F0009B69002B1CD00D4B1B680C4A43F4805387
:102400001360FFF7E3F9786208E0FFF7DFF90246AF
:102410007B6AD31A022B01D90323DDE1034B1B682E
:1024200003F40053002BF0D01BE000BF004402581F
:102430009B4B1B689A4A23F480531360FFF7C6F93D
:10244000786208E0FFF7C2F902467B6AD31A022BD2
:1024500001D90323C0E1924B1B6803F40053002B06
:10246000F0D17B681B6803F00403002B00F081802F
:102470008C4B1B688B4A43F480731360FFF7A6F9FB
:10248000786208E0FFF7A2F902467B6AD31A642B50
:1024900001D90323A0E1834B1B6803F48073002B55
:1024A000F0D07B689B68012B06D17D4B1B6F7C4A6B
:1024B00043F0010313672DE07B689B68002B0CD170
:1024C000774B1B6F764A23F001031367744B1B6F26
:1024D000734A23F0040313671CE07B689B68052B99
:1024E0000CD16F4B1B6F6E4A43F0040313676C4BA8
:1024F0001B6F6B4A43F0010313670BE0684B1B6FC4
:10250000674A23F001031367654B1B6F644A23F08E
:10251000040313677B689B68002B15D0FFF756F9FF
:1025200078620AE0FFF752F902467B6AD31A41F259
:102530008832934201D903234EE1594B1B6F03F0BC
:102540000203002BEED014E0FFF740F978620AE0B6
:10255000FFF73CF902467B6AD31A41F28832934274
:1025600001D9032338E14E4B1B6F03F00203002B0C
:10257000EED17B685B6A002B00F02D81484B1B6914
:1025800003F03803182B00F0BD807B685B6A022BD8
:1025900040F09E80424B1B68414A23F080731360D9
:1025A000FFF714F9786208E0FFF710F902467B6A3A
:1025B000D31A022B01D903230EE1394B1B6803F018
:1025C0000073002BF0D1364B9A6A374B13407A6870
:1025D000916A7A68D26A12010A43314913438B62C5
:1025E0007B681B6B013BC3F308027B685B6B013BA1
:1025F0005B029BB21A437B689B6B013B1B0403F499
:10260000FE031A437B68DB6B013B1B0603F0FE43B2
:10261000234913430B63224BDB6A214A23F0010356
:10262000D3621F4B5A6B214B13407A68926CD200D5
:102630001B4913434B631A4BDB6A23F00C027B6884
:102640001B6C17491343CB62154BDB6A23F0020264
:102650007B685B6C12491343CB62114BDB6A104AF7
:1026600043F48033D3620E4BDB6A0D4A43F40033EC
:10267000D3620B4BDB6A0A4A43F48023D362084BD4
:10268000DB6A074A43F00103D362054B1B68044A27
:1026900043F080731360FFF799F8786211E000BF90
:1026A00000440258004802580CFCFFFF0700FFFFDF
:1026B000FFF78CF802467B6AD31A022B01D9032359
:1026C0008AE0474B1B6803F00073002BF0D082E0D8
:1026D000434B1B68424A23F080731360FFF776F880
:1026E000786208E0FFF772F802467B6AD31A022B81
:1026F00001D9032370E03A4B1B6803F00073002BF1
:10270000F0D168E0364B9B6A3B61354B1B6BFB603D
:102710007B685B6A012B31D03B6903F003027B6865
:102720009B6A9A422AD13B691B0903F03F027B68EE
:10273000DB6A9A4222D1FB68C3F308027B681B6BF9
:10274000013B9A421AD1FB685B0A03F07F027B6867
:102750005B6B013B9A4211D1FB681B0C03F07F02BB
:102760007B689B6B013B9A4208D1FB681B0E03F010
:102770007F027B68DB6B013B9A4201D001232BE097
:10278000174B5B6BDB08C3F30C033B617B689B6CF3
:102790003A699A421FD0124BDB6A114A23F00103B7
:1027A000D362FFF713F8786200BFFFF70FF8024615
:1027B0007B6A9342F9D00A4B5A6B0A4B13407A68F2
:1027C000926CD200064913434B63054BDB6A044A03
:1027D00043F00103D362002318463037BD4680BD65
:1027E000004402580700FFFF80B586B000AF786054
:1027F00039607B68002B01D101239CE18A4B1B6867
:1028000003F00F033A689A4210D9874B1B6823F0F4
:102810000F0285493B6813430B60834B1B6803F031
:102820000F033A689A4201D0012384E17B681B6858
:1028300003F00403002B10D07B681A697B4B9B6963
:1028400003F070039A4208D9784B9B6923F0700219
:102850007B681B69754913438B617B681B6803F0B8
:102860000803002B10D07B685A69704BDB6903F0BA
:1028700070039A4208D96D4BDB6923F070027B68C4
:102880005B696A491343CB617B681B6803F01003E3
:10289000002B10D07B689A69644BDB6903F4E0631A
:1028A0009A4208D9614BDB6923F4E0627B689B693B
:1028B0005E491343CB617B681B6803F02003002B48
:1028C00010D07B68DA69594B1B6A03F070039A4297
:1028D00008D9564B1B6A23F070027B68DB695349A9
:1028E00013430B627B681B6803F00203002B10D0BC
:1028F0007B68DA684D4B9B6903F00F039A4208D955
:102900004A4B9B6923F00F027B68DB6847491343FE
:102910008B617B681B6803F00103002B55D0434B90
:102920009B6923F470627B689B68404913438B6109
:102930007B685B68022B07D13C4B1B6803F40033B8
:10294000002B21D10123F6E07B685B68032B07D1C4
:10295000364B1B6803F00073002B15D10123EAE00E
:102960007B685B68012B07D1304B1B6803F48073D5
:10297000002B09D10123DEE02C4B1B6803F004037C
:10298000002B01D10123D6E0284B1B6923F007025D
:102990007B685B68254913430B61FEF717FF78617D
:1029A0000AE0FEF713FF02467B69D31A41F2883230
:1029B000934201D90323BEE01C4B1B6903F038028C
:1029C0007B685B68DB009A42EBD17B681B6803F095
:1029D0000203002B10D07B68DA68144B9B6903F06C
:1029E0000F039A4208D2114B9B6923F00F027B68B8
:1029F000DB680E4913438B610B4B1B6803F00F031D
:102A00003A689A4214D2084B1B6823F00F02064919
:102A10003B6813430B60044B1B6803F00F033A68D9
:102A20009A4205D0012386E000200052004402585B
:102A30007B681B6803F00403002B10D07B681A69C5
:102A40003F4B9B6903F070039A4208D23C4B9B6951
:102A500023F070027B681B69394913438B617B68E3
:102A60001B6803F00803002B10D07B685A69344BB5
:102A7000DB6903F070039A4208D2314BDB6923F023
:102A800070027B685B692E491343CB617B681B68CE
:102A900003F01003002B10D07B689A69284BDB6988
:102AA00003F4E0639A4208D2254BDB6923F4E06229
:102AB0007B689B6922491343CB617B681B6803F0E9
:102AC0002003002B10D07B68DA691D4B1B6A03F0D2
:102AD00070039A4208D21A4B1B6A23F070027B687B
:102AE000DB69174913430B6200F034F80246144BBC
:102AF0009B691B0A03F00F031249CB5C03F01F0311
:102B000022FA03F33B610E4B9B6903F00F030D4A5E
:102B1000D35C03F01F033A6922FA03F30A4A1360F5
:102B20000A4A3B6913600A4B1B681846FEF704FE0D
:102B30000346FB73FB7B18461837BD4680BD00BFBC
:102B400000440258B095000808000020040000204E
:102B50000C00002080B489B000AFB34B1B6903F0B8
:102B60003803182B00F2558101A252F823F000BF60
:102B7000D52B0008132E0008132E0008132E000872
:102B8000132E0008132E0008132E0008132E000821
:102B9000FB2B0008132E0008132E0008132E00082C
:102BA000132E0008132E0008132E0008132E000801
:102BB000012C0008132E0008132E0008132E000805
:102BC000132E0008132E0008132E0008132E0008E1
:102BD000072C0008944B1B6803F02003002B09D03E
:102BE000914B1B68DB0803F00303904A22FA03F3BE
:102BF000BB6111E18D4BBB610EE18D4BBB610BE104
:102C00008C4BBB6108E1884B9B6A03F003037B613B
:102C1000854B9B6A1B0903F03F033B61824BDB6AD8
:102C200003F00103FB60804B5B6BDB08C3F30C0319
:102C3000FA6802FB03F307EE903AF8EE677AC7ED05
:102C4000027A3B69002B00F0E1807B69022B00F0E7
:102C500083807B69022B00F2A1807B69002B03D06B
:102C60007B69012B56D099E06F4B1B6803F0200362
:102C7000002B2DD06C4B1B68DB0803F003036B4A61
:102C800022FA03F37B607B6807EE903AF8EE676AFE
:102C90003B6907EE903AF8EE677A86EEA77A624BC8
:102CA0001B6BC3F3080307EE903AF8EE676A97EDE3
:102CB000026ADFED615AC6EE257A76EEA77AF7EE64
:102CC000006A77EEA67A67EE277AC7ED077A87E083
:102CD0003B6907EE903AF8EE677ADFED586A86EEC8
:102CE000A77A514B1B6BC3F3080307EE903AF8EE3B
:102CF000676A97ED026ADFED505AC6EE257A76EEE6
:102D0000A77AF7EE006A77EEA67A67EE277AC7ED24
:102D1000077A65E03B6907EE903AF8EE677ADFEDF7
:102D2000486A86EEA77A404B1B6BC3F3080307EE95
:102D3000903AF8EE676A97ED026ADFED3F5AC6EE09
:102D4000257A76EEA77AF7EE006A77EEA67A67EE36
:102D5000277AC7ED077A43E03B6907EE903AF8EE31
:102D6000677ADFED386A86EEA77A2F4B1B6BC3F3C9
:102D7000080307EE903AF8EE676A97ED026ADFED16
:102D80002E5AC6EE257A76EEA77AF7EE006A77EE2F
:102D9000A67A67EE277AC7ED077A21E03B6907EE4E
:102DA000903AF8EE677ADFED266A86EEA77A1E4B38
:102DB0001B6BC3F3080307EE903AF8EE676A97EDD2
:102DC000026ADFED1D5AC6EE257A76EEA77AF7EE97
:102DD000006A77EEA67A67EE277AC7ED077A00BF1A
:102DE000114B1B6B5B0A03F07F0301333B603B68B5
:102DF00007EE903AB8EE677AD7ED076AC6EE877AA3
:102E0000FCEEE77A17EE903ABB6105E00023BB6168
:102E100002E0074BBB6100BFBB6918462437BD46C3
:102E20005DF8047B704700BF004402580090D00357
:102E300000093D0040787D01000000460024744CEC
:102E40000024744A20BCBE4B80B582B000AFFFF7AF
:102E500081FE0246104B9B691B0A03F00F030F49CA
:102E6000CB5C03F01F0322FA03F37B600A4B9B69E0
:102E700003F00F03094AD35C03F01F037A6822FAB8
:102E800003F3074A1360074A7B681360044B1B680F
:102E900018460837BD4680BD00440258B09500086A
:102EA000080000200400002080B500AFFFF7CCFF31
:102EB0000246064BDB691B0903F007030449CB5CA0
:102EC00003F01F0322FA03F3184680BD00440258A2
:102ED000B095000880B500AFFFF7B6FF0246064B7D
:102EE000DB691B0A03F007030449CB5C03F01F03F3
:102EF00022FA03F3184680BD00440258B09500083A
:102F00002DE9B04FCAB000AFC7F81401002387F80D
:102F10002731002387F82631D7F81431D3E900236D
:102F200002F00064002554EA050349D0D7F81431B3
:102F30009B6EB3F5401F2FD0B3F5401F28D8B3F5D3
:102F4000001F1AD0B3F5001F22D8002B03D0B3F511
:102F5000801F07D01CE0B84BDB6AB74A43F400334C
:102F6000D3621AE0D7F8143108330221184601F071
:102F70008FFC034687F827310FE0D7F81431283348
:102F80000221184601F036FD034687F8273104E098
:102F9000012387F8273100E000BF97F82731002B85
:102FA0000AD1A54B1B6D23F44011D7F814319B6E49
:102FB000A14A0B43136503E097F8273187F82631C0
:102FC000D7F81431D3E9002302F480784FF00009D8
:102FD00058EA090347D0D7F814319B6D042B2AD83F
:102FE00001A252F823F000BFFD2F00080B300008AB
:102FF000213000083F3000083F3000088E4BDB6A6C
:103000008D4A43F40033D3621AE0D7F81431083301
:103010000021184601F03CFC034687F827310FE0F9
:10302000D7F8143128330021184601F0E3FC034699
:1030300087F8273104E0012387F8273100E000BF3B
:1030400097F82731002B0AD17B4B1B6D23F007012A
:10305000D7F814319B6D784A0B43136503E097F85A
:10306000273187F82631D7F81431D3E9002302F449
:10307000007A4FF0000B5AEA0B034CD0D7F814310A
:10308000DB6DB3F5807F30D0B3F5807F29D8C02BBE
:103090002DD0C02B25D8802B18D0802B21D8002BE9
:1030A00002D0402B07D01CE0634BDB6A624A43F43A
:1030B0000033D3621CE0D7F81431083300211846DE
:1030C00001F0E6FB034687F8273111E0D7F8143109
:1030D00028330021184601F08DFC034687F827317C
:1030E00006E0012387F8273102E000BF00E000BFBF
:1030F00097F82731002B0AD14F4B1B6D23F4E07159
:10310000D7F81431DB6D4C4A0B43136503E097F895
:10311000273187F82631D7F81431D3E9002302F498
:103120008063C7F808310023C7F80C31D7E9421291
:103130000B46134353D0D7F81431D3F8A830B3F566
:10314000000F35D0B3F5000F2ED8B3F5C00F31D036
:10315000B3F5C00F28D8B3F5800F1AD0B3F5800FA0
:1031600022D8002B03D0B3F5001F07D01CE0324B50
:10317000DB6A314A43F40033D3621CE0D7F81431E0
:1031800008330021184601F083FB034687F82731F6
:1031900011E0D7F8143128330021184601F02AFC39
:1031A000034687F8273106E0012387F8273102E03C
:1031B00000BF00E000BF97F82731002B0BD11E4B5A
:1031C0009B6D23F46001D7F81431D3F8A8301A4A64
:1031D0000B43936503E097F8273187F82631D7F83A
:1031E0001431D3E9002302F40063C7F8003100234F
:1031F000C7F80431D7E940120B46134356D0D7F82D
:103200001431D3F8AC30B3F1806F38D0B3F1806FA4
:1032100031D8B3F1407F34D0B3F1407F2BD8B3F134
:10322000007F1DD0B3F1007F25D8002B06D0B3F16D
:10323000807F0AD01FE000BF00440258A24BDB6A27
:10324000A14A43F40033D3621CE0D7F814310833A9
:103250000021184601F01CFB034687F8273111E0D6
:10326000D7F8143128330021184601F0C3FB034678
:1032700087F8273106E0012387F8273102E000BFF5
:1032800000E000BF97F82731002B0BD18E4B9B6DD0
:1032900023F0E061D7F81431D3F8AC308A4A0B43FD
:1032A000936503E097F8273187F82631D7F8143172
:1032B000D3E9002302F00073C7F8F8300023C7F801
:1032C000FC30D7E93E120B4613433AD0D7F81431FD
:1032D000DB6C302B1FD0302B19D8202B0CD0202B9F
:1032E00015D8002B19D0102B11D1774BDB6A764AF9
:1032F00043F40033D36211E0D7F8143108330221CC
:10330000184601F0C5FA034687F8273106E0012385
:1033100087F8273102E000BF00E000BF97F82731AF
:10332000002B0AD1684BDB6C23F03001D7F8143145
:10333000DB6C654A0B43D36403E097F8273187F8C9
:103340002631D7F81431D3E9002302F48053C7F8AB
:10335000F0300023C7F8F430D7E93C120B46134392
:1033600051D0D7F814311B6EB3F5804F35D0B3F57B
:10337000804F2ED8B3F5405F31D0B3F5405F28D8E9
:10338000B3F5005F1AD0B3F5005F22D8002B03D04D
:10339000B3F5805F07D01CE04B4BDB6A4A4A43F42D
:1033A0000033D3621CE0D7F81431083300211846EB
:1033B00001F06EFA034687F8273111E0D7F814318F
:1033C00028330021184601F015FB034687F8273102
:1033D00006E0012387F8273102E000BF00E000BFCC
:1033E00097F82731002B0AD1374B1B6D23F4E041AE
:1033F000D7F814311B6E344A0B43136503E097F87A
:10340000273187F82631D7F81431D3E9002302F4A5
:103410000053C7F8E8300023C7F8EC30D7E93A1278
:103420000B46134356D0D7F814315B6EB3F5A02F7B
:1034300033D0B3F5A02F2CD8B3F5802F2FD0B3F510
:10344000802F26D8B3F5403F2BD0B3F5403F20D88E
:10345000B3F5003F12D0B3F5003F1AD8002B22D0AD
:10346000B3F5803F15D1D7F8143108330121184640
:1034700001F00EFA034687F8273115E0D7F814312A
:1034800028330121184601F0B5FA034687F82731A1
:103490000AE0012387F8273106E000BF04E000BFFF
:1034A00002E000BF00E000BF97F82731002B0DD1EC
:1034B000054B1B6D23F4E021D7F814315B6E024AF3
:1034C0000B43136506E000BF0044025897F827310C
:1034D00087F82631D7F81431D3E9002302F480436A
:1034E000C7F8E0300023C7F8E430D7E938120B46BC
:1034F000134355D0D7F81431D3F8B030B3F1A04FFF
:1035000033D0B3F1A04F2CD8B3F1804F2FD0B3F10B
:10351000804F26D8B3F1405F2BD0B3F1405F20D865
:10352000B3F1005F12D0B3F1005F1AD8002B22D0A4
:10353000B3F1805F15D1D7F8143108330121184653
:1035400001F0A6F9034687F8273115E0D7F81431C2
:1035500028330121184601F04DFA034687F8273138
:103560000AE0012387F8273106E000BF04E000BF2E
:1035700002E000BF00E000BF97F82731002B0BD11D
:10358000A34B9B6D23F0E041D7F81431D3F8B03052
:103590009F4A0B43936503E097F8273187F826315C
:1035A000D7F81431D3E9002302F40043C7F8D83028
:1035B0000023C7F8DC30D7E936120B46134337D067
:1035C000D7F814311B6FB3F1005F0ED0B3F1005F79
:1035D00016D8002B18D0B3F1805F11D18C4BDB6A69
:1035E0008B4A43F40033D3620FE0D7F81431083329
:1035F0000121184601F04CF9034687F8273104E011
:10360000012387F8273100E000BF97F82731002B0E
:103610000AD17F4B1B6D23F04051D7F814311B6F3B
:103620007B4A0B43136503E097F8273187F826316F
:10363000D7F81431D3E9002302F08073C7F8D030F3
:103640000023C7F8D430D7E934120B46134339D0DE
:10365000D7F814319B6C032B1CD801A252F823F02D
:103660009D360008713600087F3600089D36000838
:10367000674BDB6A664A43F40033D3620FE0D7F846
:10368000143108330221184601F002F9034687F885
:10369000273104E0012387F8273100E000BF97F8C5
:1036A0002731002B0AD15A4BDB6C23F00301D7F8EA
:1036B00014319B6C564A0B43D36403E097F82731CF
:1036C00087F82631D7F81431D3E9002302F48003B8
:1036D000C7F8C8300023C7F8CC30D7E932120B4600
:1036E000134300F09F804B4B1B684A4A43F480739E
:1036F0001360FEF76BF8C7F820010BE0FEF766F8E1
:103700000246D7F82031D31A642B03D9032387F854
:10371000273105E03F4B1B6803F48073002BEDD08D
:1037200097F82731002B79D1394B1A6FD7F814311C
:10373000D3F8B430534003F44073002B15D0344B0E
:103740001B6F23F44073C7F81C31314B1B6F304A99
:1037500043F4803313672E4B1B6F2D4A23F48033C1
:1037600013672B4AD7F81C311367D7F81431D3F8F5
:10377000B430B3F5807F18D1FEF728F8C7F82001E0
:103780000DE0FEF723F80246D7F82031D21A41F2B5
:1037900088339A4203D9032387F8273105E01C4B6D
:1037A0001B6F03F00203002BEBD097F82731002B9F
:1037B00029D1D7F81431D3F8B43003F44073B3F5FA
:1037C000407F0ED1124B1B6923F47C51D7F8143182
:1037D000D3F8B4301A09104B13400D4A0B43136150
:1037E00005E00B4B1B690A4A23F47C531361084B19
:1037F000196FD7F81431D3F8B430C3F30B03044A6C
:103800000B4313670EE097F8273187F8263109E05C
:103810000044025800480258CFFFFF0097F82731B4
:1038200087F82631D7F81431D3E9002302F00103D9
:10383000C7F8C0300023C7F8C430D7E930120B46B0
:10384000134300F08980D7F81431DB6F282B6BD835
:1038500001A252F823F000BF3139000829390008CD
:1038600029390008293900082939000829390008B0
:103870002939000829390008FD38000829390008CD
:103880002939000829390008293900082939000890
:103890002939000829390008133900082939000896
:1038A0002939000829390008293900082939000870
:1038B0002939000829390008313900082939000858
:1038C0002939000829390008293900082939000850
:1038D0002939000829390008313900082939000838
:1038E0002939000829390008293900082939000830
:1038F000293900082939000831390008D7F814316E
:1039000008330121184600F0C3FF034687F827312A
:103910000FE0D7F8143128330121184601F06AF876
:10392000034687F8273104E0012387F8273100E0B8
:1039300000BF97F82731002B0AD1BF4B5B6D23F0F6
:103940003801D7F81431DB6FBB4A0B43536503E0F2
:1039500097F8273187F82631D7F81431D3E90023B7
:1039600002F00203C7F8B8300023C7F8BC30D7E92B
:103970002E120B46134341D0D7F814319B6F052B01
:1039800024D801A252F823F0D5390008A139000843
:10399000B7390008D5390008D5390008D5390008ED
:1039A000D7F8143108330121184600F071FF03469F
:1039B00087F827310FE0D7F8143128330121184652
:1039C00001F018F8034687F8273104E0012387F84F
:1039D000273100E000BF97F82731002B0AD1964B22
:1039E0005B6D23F00701D7F814319B6F924A0B43AC
:1039F000536503E097F8273187F82631D7F814315B
:103A0000D3E9002302F00403C7F8B0300023C7F85D
:103A1000B430D7E92C120B46134344D0D7F81431F5
:103A2000D3F89430052B25D801A252F823F000BF1B
:103A30007D3A0008493A00085F3A00087D3A0008DC
:103A40007D3A00087D3A0008D7F814310833012187
:103A5000184600F01DFF034687F827310FE0D7F81E
:103A6000143128330121184600F0C4FF034687F8BB
:103A7000273104E0012387F8273100E000BF97F8E1
:103A80002731002B0BD16C4B9B6D23F00701D7F82E
:103A90001431D3F89430684A0B43936503E097F8E8
:103AA000273187F82631D7F81431D3E9002302F003
:103AB0002003C7F8A8300023C7F8AC30D7E92A1292
:103AC0000B46134355D0D7F81431D3F89030B3F1E7
:103AD000A04F33D0B3F1A04F2CD8B3F1804F2FD0EB
:103AE000B3F1804F26D8B3F1405F2BD0B3F1405FE4
:103AF00020D8B3F1005F12D0B3F1005F1AD8002BC9
:103B000022D0B3F1805F15D1D7F8143108330021EA
:103B1000184600F0BDFE034687F8273115E0D7F8B8
:103B2000143128330221184600F064FF034687F859
:103B300027310AE0012387F8273106E000BF04E0BF
:103B400000BF02E000BF00E000BF97F82731002B64
:103B50000BD1394B5B6D23F0E041D7F81431D3F82A
:103B60009030354A0B43536503E097F8273187F8C7
:103B70002631D7F81431D3E9002302F04003C7F807
:103B8000A0300023C7F8A430D7E928120B4613430E
:103B900058D0D7F81431D3F89C30B3F5A05F33D0A8
:103BA000B3F5A05F2CD8B3F5805F2FD0B3F5805F5D
:103BB00026D8B3F5406F2BD0B3F5406F20D8B3F5BE
:103BC000006F12D0B3F5006F1AD8002B22D0B3F5D6
:103BD000806F15D1D7F8143108330021184600F052
:103BE00057FE034687F8273115E0D7F814312833FC
:103BF0000221184600F0FEFE034687F827310AE04E
:103C0000012387F8273106E000BF04E000BF02E08F
:103C100000BF00E000BF97F82731002B0ED1064B04
:103C20009B6D23F4E051D7F81431D3F89C30024A4D
:103C30000B43936506E000BF0044025897F8273114
:103C400087F82631D7F81431D3E9002302F0800336
:103C5000C7F898300023C7F89C30D7E926120B46E6
:103C6000134355D0D7F81431D3F8A030B3F5204F13
:103C700033D0B3F5204F2CD8B3F5004F2FD0B3F588
:103C8000004F26D8B3F5C04F2BD0B3F5C04F20D886
:103C9000B3F5804F12D0B3F5804F1AD8002B22D045
:103CA000B3F5005F15D1D7F8143108330021184659
:103CB00000F0EEFD034687F8273115E0D7F8143100
:103CC00028330221184600F095FE034687F8273175
:103CD0000AE0012387F8273106E000BF04E000BFB7
:103CE00002E000BF00E000BF97F82731002B0BD1A6
:103CF000A14B9B6D23F46041D7F81431D3F8A03069
:103D00009D4A0B43936503E097F8273187F82631E6
:103D1000D7F81431D3E9002302F00803C7F8903034
:103D20000023C7F89430D7E924120B4613431ED062
:103D3000D7F81431D3F88430B3F5805F0CD1D7F8BD
:103D4000143128330221184600F054FE0346002B9C
:103D500002D0012387F82631874B5B6D23F4405155
:103D6000D7F81431D3F88430834A0B435365D7F81E
:103D70001431D3E9002302F01003C7F88830002380
:103D8000C7F88C30D7E922120B4613431ED0D7F860
:103D90001431D3F89830B3F5807F0CD1D7F81431B3
:103DA00028330221184600F025FE0346002B02D0DE
:103DB000012387F82631704B9B6D23F44071D7F8AF
:103DC0001431D3F898306C4A0B439365D7F814310B
:103DD000D3E9002302F40023C7F880300023C7F89A
:103DE0008430D7E920120B4613433ED0D7F8143164
:103DF000D3F8A430B3F5003F22D0B3F5003F1BD871
:103E0000002B03D0B3F5803F0BD015E0D7F8143169
:103E100008330021184600F03BFD034687F82731A0
:103E20000FE0D7F8143128330221184600F0E2FDE4
:103E3000034687F8273104E0012387F8273100E0A3
:103E400000BF97F82731002B0BD14B4B9B6D23F410
:103E50004031D7F81431D3F8A430474A0B43936567
:103E600003E097F8273187F82631D7F81431D3E9E2
:103E7000002302F48023BB670023FB67D7E91E12EF
:103E80000B4613433BD0D7F81431D3F88830B3F541
:103E9000401F1FD0B3F5401F18D8B3F5801F03D0C3
:103EA000B3F5001F07D011E0334BDB6A324A43F40D
:103EB0000033D3620FE0D7F81431283301211846BC
:103EC00000F098FD034687F8273104E0012387F8C6
:103ED000273100E000BF97F82731002B0BD1264B8C
:103EE0005B6D23F44011D7F81431D3F88830224A9F
:103EF0000B43536503E097F8273187F82631D7F84D
:103F00001431D3E9002302F480333B6700237B673D
:103F1000D7E91C120B46134334D0D7F814311B6D6C
:103F2000002B03D0B3F5803F07D011E0124BDB6AC2
:103F3000114A43F40033D3620EE0D7F8143108334A
:103F40000221184600F0A4FC034687F8273103E05D
:103F5000012387F8273100BF97F82731002B0DD1B7
:103F6000054BDB6C23F48031D7F814311B6D024A0A
:103F70000B43D36406E000BF0044025897F8273192
:103F800087F82631D7F81431D3E9002302F0005323
:103F9000BB660023FB66D7E91A120B4613430CD00D
:103FA000D7F8143128330221184600F023FD0346C8
:103FB000002B02D0012387F82631D7F81431D3E93A
:103FC000002302F400333B6600237B66D7E9181216
:103FD0000B46134338D0D7F81431D3F88030B3F5FB
:103FE000407F18D0B3F5407F11D8B3F5007F14D0CF
:103FF000B3F5007F0BD8002B11D0B3F5807F06D12D
:10400000C34BDB6AC24A43F40033D36208E00123A6
:1040100087F8273104E000BF02E000BF00E000BFE6
:1040200097F82731002B0BD1B94B5B6D23F440710E
:10403000D7F81431D3F88030B54A0B43536503E009
:1040400097F8273187F82631D7F81431D3E90023C0
:1040500002F48013BB650023FB65D7E916120B46FB
:10406000134309D0AA4B1B6D23F00041D7F814313C
:104070005B6FA74A0B431365D7F81431D3E90023CC
:1040800002F080533B6500237B65D7E914120B4691
:1040900013430AD09E4B1B6923F48041D7F8143197
:1040A000D3F8B8309A4A0B431361D7F81431D3E9E7
:1040B000002302F40013BB640023FB64D7E912124F
:1040C0000B46134309D0924B1B6D23F08071D7F838
:1040D0001431DB6E8E4A0B431365D7F81431D3E9E4
:1040E000002302F080433B6400237B64D7E9101275
:1040F0000B4613430ED0864B1B69854A23F40043BD
:104100001361834B1969D7F81431D3F8BC30804A56
:104110000B431361D7F81431D3E9002302F00043B5
:10412000BB630023FB63D7E90E120B46134309D090
:10413000774BDB6C23F04051D7F814315B6D744A38
:104140000B43D364D7F81431D3E9002302F40003FE
:104150003B6300237B63D7E90C120B4613430AD061
:104160006B4B5B6D23F44001D7F81431D3F88C30DE
:10417000674A0B435365D7F81431D3E90023002174
:10418000B96203F00103FB62D7E90A120B4613433D
:1041900011D0D7F8143108330021184600F078FB0D
:1041A000034687F8273197F82731002B03D097F87B
:1041B000273187F82631D7F81431D3E900230021BD
:1041C000396203F002037B62D7E908120B461343FE
:1041D00011D0D7F8143108330121184600F058FBEC
:1041E000034687F8273197F82731002B03D097F83B
:1041F000273187F82631D7F81431D3E9002300217D
:10420000B96103F00403FB61D7E906120B461343BF
:1042100011D0D7F8143108330221184600F038FBCA
:10422000034687F8273197F82731002B03D097F8FA
:10423000273187F82631D7F81431D3E9002300213C
:10424000396103F008037B61D7E904120B4613437D
:1042500011D0D7F8143128330021184600F0CAFBDA
:10426000034687F8273197F82731002B03D097F8BA
:10427000273187F82631D7F81431D3E900230021FC
:10428000B96003F01003FB60D7E902120B46134339
:1042900011D0D7F8143128330121184600F0AAFBB9
:1042A000034687F8273197F82731002B03D097F87A
:1042B000273187F82631D7F81431D3E900230021BC
:1042C000396003F020037B60D7E900120B461343EB
:1042D00011D0D7F8143128330221184600F08AFB98
:1042E000034687F8273197F82731002B03D097F83A
:1042F000273187F8263197F82631002B01D100238A
:1043000000E00123184607F59477BD46BDE8B08F5D
:104310000044025880B500AFFEF796FD0246064BFA
:104320001B6A1B0903F007030449CB5C03F01F035E
:1043300022FA03F3184680BD00440258B0950008E5
:1043400080B489B000AF7860A14B9B6A03F003038F
:10435000BB619F4B9B6A1B0B03F03F037B619C4B34
:10436000DB6A1B0903F001033B61994BDB6BDB0844
:10437000C3F30C033A6902FB03F307EE903AF8EE3D
:10438000677AC7ED037A7B69002B00F01181BB6966
:10439000022B00F08380BB69022B00F2A180BB6975
:1043A000002B03D0BB69012B56D099E0884B1B68CA
:1043B00003F02003002B2DD0854B1B68DB0803F096
:1043C0000303844A22FA03F3BB60BB6807EE903A0A
:1043D000F8EE676A7B6907EE903AF8EE677A86EE48
:1043E000A77A7B4B9B6BC3F3080307EE903AF8EE7A
:1043F000676A97ED036ADFED785AC6EE257A76EEA6
:10440000A77AF7EE006A77EEA67A67EE277AC7ED0D
:10441000077A87E07B6907EE903AF8EE677ADFED7E
:104420006F6A86EEA77A6A4B9B6BC3F3080307EEAD
:10443000903AF8EE676A97ED036ADFED675AC6EEC9
:10444000257A76EEA77AF7EE006A77EEA67A67EE1F
:10445000277AC7ED077A65E07B6907EE903AF8EEB8
:10446000677ADFED5F6A86EEA77A594B9B6BC3F3E1
:10447000080307EE903AF8EE676A97ED036ADFEDFE
:10448000565AC6EE257A76EEA77AF7EE006A77EEF0
:10449000A67A67EE277AC7ED077A43E07B6907EED5
:1044A000903AF8EE677ADFED4F6A86EEA77A484BCE
:1044B0009B6BC3F3080307EE903AF8EE676A97ED3B
:1044C000036ADFED455AC6EE257A76EEA77AF7EE57
:1044D000006A77EEA67A67EE277AC7ED077A21E0C1
:1044E0007B6907EE903AF8EE677ADFED3D6A86EE7B
:1044F000A77A374B9B6BC3F3080307EE903AF8EEAD
:10450000676A97ED036ADFED345AC6EE257A76EED8
:10451000A77AF7EE006A77EEA67A67EE277AC7EDFC
:10452000077A00BF2A4B9B6B5B0A03F07F0307EE01
:10453000903AF8EE677AB7EE007A37EE877AD7EDE1
:10454000076AC6EE877AFCEEE77A17EE902A7B6858
:104550001A601F4B9B6B1B0C03F07F0307EE903A16
:10456000F8EE677AB7EE007A37EE877AD7ED076A0A
:10457000C6EE877AFCEEE77A17EE902A7B685A60DF
:10458000134B9B6B1B0E03F07F0307EE903AF8EE84
:10459000677AB7EE007A37EE877AD7ED076AC6EE0C
:1045A000877AFCEEE77A17EE902A7B689A6008E03B
:1045B0007B6800221A607B6800225A607B680022B8
:1045C0009A6000BF2437BD465DF8047B704700BF8A
:1045D000004402580090D003000000460024744CB0
:1045E0000024744A20BCBE4B80B489B000AF786010
:1045F000A14B9B6A03F00303BB619F4B9B6A1B0D9E
:1046000003F03F037B619C4BDB6A1B0A03F0010351
:104610003B61994B5B6CDB08C3F30C033A6902FB0B
:1046200003F307EE903AF8EE677AC7ED037A7B69F9
:10463000002B00F01181BB69022B00F08380BB6965
:10464000022B00F2A180BB69002B03D0BB69012BB8
:1046500056D099E0884B1B6803F02003002B2DD027
:10466000854B1B68DB0803F00303844A22FA03F33B
:10467000BB60BB6807EE903AF8EE676A7B6907EEAD
:10468000903AF8EE677A86EEA77A7B4B1B6CC3F301
:10469000080307EE903AF8EE676A97ED036ADFEDDC
:1046A000785AC6EE257A76EEA77AF7EE006A77EEAC
:1046B000A67A67EE277AC7ED077A87E07B6907EE6F
:1046C000903AF8EE677ADFED6F6A86EEA77A6A4B6A
:1046D0001B6CC3F3080307EE903AF8EE676A97ED98
:1046E000036ADFED675AC6EE257A76EEA77AF7EE13
:1046F000006A77EEA67A67EE277AC7ED077A65E05B
:104700007B6907EE903AF8EE677ADFED5F6A86EE36
:10471000A77A594B1B6CC3F3080307EE903AF8EEE7
:10472000676A97ED036ADFED565AC6EE257A76EE94
:10473000A77AF7EE006A77EEA67A67EE277AC7EDDA
:10474000077A43E07B6907EE903AF8EE677ADFED8F
:104750004F6A86EEA77A484B1B6CC3F3080307EE3B
:10476000903AF8EE676A97ED036ADFED455AC6EEB8
:10477000257A76EEA77AF7EE006A77EEA67A67EEEC
:10478000277AC7ED077A21E07B6907EE903AF8EEC9
:10479000677ADFED3D6A86EEA77A374B1B6CC3F371
:1047A000080307EE903AF8EE676A97ED036ADFEDCB
:1047B000345AC6EE257A76EEA77AF7EE006A77EEDF
:1047C000A67A67EE277AC7ED077A00BF2A4B1B6CE3
:1047D0005B0A03F07F0307EE903AF8EE677AB7EED4
:1047E000007A37EE877AD7ED076AC6EE877AFCEE55
:1047F000E77A17EE902A7B681A601F4B1B6C1B0C24
:1048000003F07F0307EE903AF8EE677AB7EE007A8E
:1048100037EE877AD7ED076AC6EE877AFCEEE77A3D
:1048200017EE902A7B685A60134B1B6C1B0E03F02B
:104830007F0307EE903AF8EE677AB7EE007A37EE2C
:10484000877AD7ED076AC6EE877AFCEEE77A17EE2D
:10485000902A7B689A6008E07B6800221A607B6877
:1048600000225A607B6800229A6000BF2437BD4650
:104870005DF8047B704700BF004402580090D003ED
:10488000000000460024744C0024744A20BCBE4B37
:1048900080B584B000AF786039600023FB73534B60
:1048A0009B6A03F00303032B01D1012399E04F4BD3
:1048B0001B684E4A23F080631360FCF787FFB860E3
:1048C00008E0FCF783FF0246BB68D31A022B01D92C
:1048D000032386E0454B1B6803F00063002BF0D1F7
:1048E000424B9B6A23F47C327B681B681B033F4965
:1048F00013438B627B685B68013BC3F308027B68F0
:104900009B68013B5B029BB21A437B68DB68013BFF
:104910001B0403F4FE031A437B681B69013B1B065F
:1049200003F0FE43314913438B63304BDB6A23F0C2
:10493000C0027B685B692D491343CB622B4BDB6A5A
:1049400023F020027B689B6928491343CB62274BE5
:10495000DB6A264A23F01003D362244BDA6B244B24
:1049600013407A68D269D20020491343CB631F4BAE
:10497000DB6A1E4A43F01003D3623B68002B06D16A
:104980001A4BDB6A194A43F40023D3620FE03B68F9
:10499000012B06D1154BDB6A144A43F48013D36212
:1049A00005E0124BDB6A114A43F40013D3620F4B4C
:1049B0001B680E4A43F080631360FCF707FFB86082
:1049C00008E0FCF703FF0246BB68D31A022B01D9AB
:1049D000032306E0054B1B6803F00063002BF0D0B7
:1049E000FB7B18461037BD4680BD00BF004402580F
:1049F0000700FFFF80B584B000AF78603960002306
:104A0000FB73534B9B6A03F00303032B01D1012378
:104A100099E04F4B1B684E4A23F080531360FCF71C
:104A2000D5FEB86008E0FCF7D1FE0246BB68D31A99
:104A3000022B01D9032386E0454B1B6803F000538A
:104A4000002BF0D1424B9B6A23F07C727B681B6881
:104A50001B053F4913438B627B685B68013BC3F3D3
:104A600008027B689B68013B5B029BB21A437B6830
:104A7000DB68013B1B0403F4FE031A437B681B69DC
:104A8000013B1B0603F0FE43314913430B64304BDB
:104A9000DB6A23F440627B685B692D491343CB6278
:104AA0002B4BDB6A23F400727B689B692849134314
:104AB000CB62274BDB6A264A23F48073D362244BF4
:104AC0005A6C244B13407A68D269D20020491343B0
:104AD0004B641F4BDB6A1E4A43F48073D3623B680E
:104AE000002B06D11A4BDB6A194A43F48003D362C8
:104AF0000FE03B68012B06D1154BDB6A144A43F4E7
:104B00000003D36205E0124BDB6A114A43F0807365
:104B1000D3620F4B1B680E4A43F080531360FCF7BF
:104B200055FEB86008E0FCF751FE0246BB68D31A98
:104B3000022B01D9032306E0054B1B6803F0005349
:104B4000002BF0D0FB7B18461037BD4680BD00BF60
:104B5000004402580700FFFF80B582B000AF7860C4
:104B60007B68002B01D1012342E07B68D3F88830B9
:104B7000002B06D17B68002283F884207868FCF73C
:104B800029F87B682422C3F888207B681B681A6890
:104B90007B681B6822F001021A607B689B6A002B0D
:104BA00002D0786800F0FAFE786800F08FF90346CA
:104BB000012B01D101231BE07B681B685A687B68CD
:104BC0001B6822F490425A607B681B689A687B6875
:104BD0001B6822F02A029A607B681B681A687B684F
:104BE0001B6842F001021A60786800F079FF034602
:104BF00018460837BD4680BD80B58AB002AFF86060
:104C0000B9603B601346FB80FB68D3F88830202BEB
:104C100040F08680BB68002B02D0FB88002B01D1BE
:104C200001237EE0FB680022C3F89020FB6821226C
:104C3000C3F88820FCF7CAFD7861FB68FA88A3F8FE
:104C40005420FB68FA88A3F85620FB689B68B3F5EC
:104C5000805F08D1FB681B69002B04D10023FB6136
:104C6000BB68BB6103E0BB68FB610023BB613AE04A
:104C70003B6800937B6900228021F86800F0DAFF2E
:104C80000346002B05D0FB682022C3F888200323AD
:104C900047E0FB69002B0BD1BB691B881A46FB68F8
:104CA0001B68C2F308029A62BB690233BB6107E06A
:104CB000FB691A78FB681B689A62FB690133FB6128
:104CC000FB68D3F8883003F02103212B09D1FB685E
:104CD000B3F856309BB2013B9AB2FB68A3F856205A
:104CE00001E001231DE0FB68B3F856309BB2002BB6
:104CF000BED13B6800937B6900224021F86800F038
:104D000099FF0346002B05D0FB682022C3F88820BA
:104D1000032306E0FB682022C3F88820002300E07C
:104D2000022318462037BD4680BD80B58AB002AF49
:104D3000F860B9603B601346FB80FB68D3F88C30A9
:104D4000202B40F0BD80BB68002B02D0FB88002BDD
:104D500001D10123B5E0FB680022C3F89020FB6875
:104D60002222C3F88C20FB680022DA66FCF72EFDB5
:104D70007861FB68FA88A3F85C20FB68FA88A3F8DE
:104D80005E20FB689B68B3F5805F0ED1FB681B69F2
:104D9000002B05D1FB6840F2FF12A3F860202DE044
:104DA000FB68FF22A3F8602028E0FB689B68002BCB
:104DB0000DD1FB681B69002B04D1FB68FF22A3F80F
:104DC00060201BE0FB687F22A3F8602016E0FB68F0
:104DD0009B68B3F1805F0DD1FB681B69002B04D188
:104DE000FB687F22A3F8602008E0FB683F22A3F85D
:104DF000602003E0FB680022A3F86020FB68B3F8A2
:104E000060307B82FB689B68B3F5805F08D1FB68EC
:104E10001B69002B04D10023FB61BB68BB6103E06D
:104E2000BB68FB610023BB613EE03B6800937B698C
:104E300000222021F86800F0FDFE0346002B05D07B
:104E4000FB682022C3F88C2003233AE0FB69002B87
:104E50000CD1FB681B685B6A9AB27B8A13409AB2DA
:104E6000BB691A80BB690233BB610CE0FB681B683D
:104E70005B6ADAB27B8ADBB21340DAB2FB691A7082
:104E8000FB690133FB61FB68D3F88C30222B09D11D
:104E9000FB68B3F85E309BB2013B9AB2FB68A3F8A3
:104EA0005E2001E001230CE0FB68B3F85E309BB2AA
:104EB000002BBAD1FB682022C3F88C20002300E02D
:104EC000022318462037BD4680BD00002DE9B04FB3
:104ED00092B000AF7861002387F842307B699A680E
:104EE0007B691B691A437B695B691A437B69DB69D0
:104EF00013437B647B691B681A68BE4B13407A6955
:104F00001268796C0B4313607B691B685B6823F440
:104F100040517B69DA687B691B680A435A607B6988
:104F20009B697B647B691B68B34A934204D07B69AD
:104F30001B6A7A6C13437B647B691B689A68AF4B6E
:104F400013407A691268796C0B4393607B691B6824
:104F5000DB6A23F00F017B695A6A7B691B680A438D
:104F6000DA627B691B68A64A934277D1A54B5B6DD9
:104F700003F03803282B6DD801A252F823F000BFAC
:104F8000255000085550000855500008555000089D
:104F9000555000085550000855500008555000085D
:104FA0002D50000855500008555000085550000875
:104FB000555000085550000855500008555000083D
:104FC000355000085550000855500008555000084D
:104FD000555000085550000855500008555000081D
:104FE0003D50000855500008555000085550000825
:104FF00055500008555000085550000855500008FD
:1050000045500008555000085550000855500008FC
:1050100055500008555000085550000855500008DC
:105020004D500008012387F8433022E2042387F81B
:1050300043301EE2082387F843301AE2102387F832
:10504000433016E2202387F8433012E2402387F8EA
:1050500043300EE2802387F843300AE27B691B6805
:10506000694A934230D1674B5B6D03F00703052B10
:1050700026D801A252F823F0915000089950000858
:10508000A1500008A9500008B1500008B95000080C
:10509000002387F84330ECE1042387F84330E8E14C
:1050A000082387F84330E4E1102387F84330E0E138
:1050B000202387F84330DCE1402387F84330D8E1F0
:1050C000802387F84330D4E17B691B684F4A9342C1
:1050D00030D14C4B5B6D03F00703052B26D801A2A2
:1050E00052F823F0FD500008055100080D5100084A
:1050F000155100081D51000825510008002387F8AC
:105100004330B6E1042387F84330B2E1082387F83F
:105110004330AEE1102387F84330AAE1202387F81B
:105120004330A6E1402387F84330A2E1802387F88B
:1051300043309EE17B691B68354A934230D1314B45
:105140005B6D03F00703052B26D801A252F823F06C
:105150006951000871510008795100088151000817
:105160008951000891510008002387F8433080E1FD
:10517000042387F843307CE1082387F8433078E143
:10518000102387F8433074E1202387F8433070E11F
:10519000402387F843306CE1802387F8433068E18F
:1051A0007B691B681B4A934242D1164B5B6D03F02F
:1051B0000703052B38D801A252F823F0D551000877
:1051C000DD510008E5510008ED51000819520008B2
:1051D00021520008002387F843304AE1042387F86E
:1051E000433046E1082387F8433042E1102387F833
:1051F00043303EE1F369FFCF000C0058FFF4FF118C
:1052000000100140004402580044004000480040A3
:10521000004C004000500040202387F8433028E134
:10522000402387F8433024E1802387F8433020E18E
:105230007B691B68CB4A934276D1CB4B5B6D03F005
:105240003803282B6CD801A252F823F0F152000841
:10525000215300082153000821530008215300085E
:10526000215300082153000821530008F952000877
:10527000215300082153000821530008215300083E
:10528000215300082153000821530008015300084E
:10529000215300082153000821530008215300081E
:1052A0002153000821530008215300080953000826
:1052B00021530008215300082153000821530008FE
:1052C00021530008215300082153000811530008FE
:1052D00021530008215300082153000821530008DE
:1052E00021530008215300082153000819530008D6
:1052F000012387F84330BCE0042387F84330B8E04B
:10530000082387F84330B4E0102387F84330B0E037
:10531000202387F84330ACE0402387F84330A8E0EF
:10532000802387F84330A4E07B691B688F4A93424F
:1053300030D18D4B5B6D03F00703052B26D801A2FE
:1053400052F823F05D530008655300086D530008C0
:10535000755300087D53000885530008002387F823
:10536000433086E0042387F8433082E0082387F83F
:1053700043307EE0102387F843307AE0202387F81B
:10538000433076E0402387F8433072E0802387F88B
:1053900043306EE07B691B68754A934230D1724B93
:1053A0005B6D03F00703052B26D801A252F823F00A
:1053B000C9530008D1530008D9530008E15300082D
:1053C000E9530008F1530008002387F8433050E008
:1053D000042387F843304CE0082387F8433048E043
:1053E000102387F8433044E0202387F8433040E01F
:1053F000402387F843303CE0802387F8433038E08F
:105400007B691B685B4A934230D1574B9B6D03F01D
:105410000703052B26D801A252F823F035540008C3
:105420003D540008455400084D54000855540008E8
:105430005D540008022387F843301AE0042387F8FC
:10544000433016E0082387F8433012E0102387F832
:1054500043300EE0202387F843300AE0402387F8EA
:10546000433006E0802387F8433002E0802387F84A
:1054700043307B691B683F4A934240F0F88097F8BD
:105480004330202B46DC022BC0F28280023B1E2BD5
:105490007ED801A252F823F01B5500089155000850
:1054A00023550008915500089155000891550008B2
:1054B0003355000891550008915500089155000892
:1054C0009155000891550008915500089155000824
:1054D0004355000891550008915500089155000862
:1054E0009155000891550008915500089155000804
:1054F00091550008915500089155000891550008F4
:1055000091550008915500089155000891550008E3
:1055100083550008402B37D03AE0FEF7FBFEF863D6
:105520003CE007F124031846FEF70AFFBB6AFB6361
:1055300034E007F118031846FFF756F8FB69FB63E0
:105540002CE0094B1B6803F02003002B16D0064B00
:105550001B68DB0803F00303074A22FA03F3FB632B
:105560001CE000BF001401400044025800780040D5
:10557000007C0040000C00580090D0039D4BFB6362
:105580000CE09D4BFB6309E04FF40043FB6305E037
:105590000023FB63012387F8423000BFFB6B002B25
:1055A00000F0DE817B695B6A944A32F813301A4658
:1055B000FB6BB3FBF2F33B637B695A6813465B00FA
:1055C00013443A6B9A4205D37B695B681B033A6BC1
:1055D0009A4203D9012387F84230C1E1FB6B0022D4
:1055E000BB60FA607B695B6A844A32F813309BB215
:1055F00000223B607A60D7E90023D7E90201FAF77D
:105600004FFE02460B46104619464FF000024FF07F
:1056100000030B0243EA10630202796949684908F2
:1056200000200C46054612EB040843EB05097B6994
:105630005B6800229A46934652465B46404649467E
:10564000FAF72EFE02460B461346BB63BB6BB3F55F
:10565000407F08D3BB6BB3F5801F04D27B691B6806
:10566000BA6BDA607CE1012387F8423078E17B692C
:10567000DB69B3F5004F40F0C58097F84330202B2D
:1056800048DC002B7BDB202B79D801A252F823F0D9
:105690001B570008235700087F5700087F57000852
:1056A0002B5700087F5700087F5700087F570008D6
:1056B0003B5700087F5700087F5700087F570008B6
:1056C0007F5700087F5700087F5700087F57000862
:1056D0004B5700087F5700087F5700087F57000886
:1056E0007F5700087F5700087F5700087F57000842
:1056F0007F5700087F5700087F5700087F57000832
:105700007F5700087F5700087F5700087F57000821
:1057100071570008402B2ED031E0FDF7C5FBF86330
:1057200033E0FDF7D7FBF8632FE007F124031846B9
:10573000FEF706FEBB6AFB6327E007F11803184675
:10574000FEF752FFFB69FB631FE02D4B1B6803F064
:105750002003002B09D02A4B1B68DB0803F003034E
:10576000244A22FA03F3FB630FE0224BFB630CE0B5
:10577000214BFB6309E04FF40043FB6305E000238A
:10578000FB63012387F8423000BFFB6B002B00F066
:10579000E7807B695B6A194A32F813301A46FB6B63
:1057A000B3FBF2F35A007B695B685B081A447B69C0
:1057B0005B68B2FBF3F3BB63BB6B0F2B16D9BB6B00
:1057C000B3F5803F12D2BB6B9BB223F00F03FB8675
:1057D000BB6B5B089BB203F007039AB2FB8E1343CB
:1057E000FB867B691B68FA8EDA60B9E0012387F8D3
:1057F0004230B5E00090D00300093D00309600082B
:105800000044025897F84330202B49DC002B7CDB06
:10581000202B7AD801A252F823F000BFA758000825
:10582000AF5800080B5900080B590008B75800087A
:105830000B5900080B5900080B590008C7580008FD
:105840000B5900080B5900080B5900080B590008A8
:105850000B5900080B5900080B590008D7580008CD
:105860000B5900080B5900080B5900080B59000888
:105870000B5900080B5900080B5900080B59000878
:105880000B5900080B5900080B5900080B59000868
:105890000B5900080B5900080B590008FD58000867
:1058A000402B2ED031E0FDF7FFFAF86333E0FDF72F
:1058B00011FBF8632FE007F124031846FEF740FDC3
:1058C000BB6AFB6327E007F118031846FEF78CFE5E
:1058D000FB69FB631FE02D4B1B6803F02003002BCB
:1058E00009D02A4B1B68DB0803F00303284A22FA7D
:1058F00003F3FB630FE0264BFB630CE0254BFB63DC
:1059000009E04FF40043FB6305E00023FB63012340
:1059100087F8423000BFFB6B002B21D07B695B6AAC
:105920001D4A32F813301A46FB6BB3FBF2F27B6967
:105930005B685B081A447B695B68B2FBF3F3BB638B
:10594000BB6B0F2B09D9BB6BB3F5803F05D2BB6B8B
:105950009AB27B691B68DA6002E0012387F8423063
:105960007B690122A3F86A207B690122A3F86820E1
:105970007B6900225A677B6900229A6797F8423058
:1059800018464837BD46BDE8B08F00BF00440258F6
:105990000090D00300093D003096000880B483B029
:1059A00000AF78607B689B6A03F00803002B0AD085
:1059B0007B681B685B6823F400417B689A6B7B689B
:1059C0001B680A435A607B689B6A03F00103002B43
:1059D0000AD07B681B685B6823F400317B68DA6A55
:1059E0007B681B680A435A607B689B6A03F002036A
:1059F000002B0AD07B681B685B6823F480317B68CE
:105A00001A6B7B681B680A435A607B689B6A03F0C9
:105A10000403002B0AD07B681B685B6823F4802199
:105A20007B685A6B7B681B680A435A607B689B6A79
:105A300003F01003002B0AD07B681B689B6823F4DB
:105A400080517B68DA6B7B681B680A439A607B68CD
:105A50009B6A03F02003002B0AD07B681B689B68BD
:105A600023F400517B681A6C7B681B680A439A60B8
:105A70007B689B6A03F04003002B1AD07B681B688D
:105A80005B6823F480117B685A6C7B681B680A434F
:105A90005A607B685B6CB3F5801F0AD17B681B681A
:105AA0005B6823F4C0017B689A6C7B681B680A43BF
:105AB0005A607B689B6A03F08003002B0AD07B68E6
:105AC0001B685B6823F400217B68DA6C7B681B68C9
:105AD0000A435A6000BF0C37BD465DF8047B70472F
:105AE00080B598B002AF78607B680022C3F8902040
:105AF000FBF76CFE78657B681B681B6803F0080386
:105B0000082B2FD16FF07E4300937B6D00224FF462
:105B10000011786800F08EF80346002B22D07B68D5
:105B20001B68BB63BB6B53E8003F7B637B6B23F05D
:105B300080033B657B681B681A463B6D7B643A6457
:105B4000396C7A6C41E80023FB63FB6B002BE6D1D8
:105B50007B682022C3F888207B68002283F8842099
:105B6000032363E07B681B681B6803F00403042BBA
:105B700049D16FF07E4300937B6D00224FF480018A
:105B8000786800F057F80346002B3CD07B681B6810
:105B90007B627B6A53E8003F3B623B6A23F490736D
:105BA000FB647B681B681A46FB6C3B63FA62F96A0C
:105BB0003A6B41E80023BB62BB6A002BE6D17B68ED
:105BC0001B6808333B613B6953E8003FFB60FB689F
:105BD00023F00103BB647B681B680833BA6CFA616D
:105BE000BB61B969FA6941E800237B617B69002BDD
:105BF000E5D17B682022C3F88C207B68002283F8E3
:105C00008420032312E07B682022C3F888207B686D
:105C10002022C3F88C207B680022DA667B68002291
:105C20001A677B68002283F88420002318465837BF
:105C3000BD4680BD80B584B000AFF860B9603B6000
:105C40001346FB714FE0BB69B3F1FF3F4BD0FBF74D
:105C5000BDFD02463B68D31ABA699A4202D3BB69BA
:105C6000002B01D103234EE0FB681B681B6803F087
:105C70000403002B37D0BB68802B34D0BB68402B8B
:105C800031D0FB681B68DB6903F00803082B10D1D7
:105C9000FB681B6808221A62F86800F039F8FB6894
:105CA0000822C3F89020FB68002283F88420012397
:105CB00029E0FB681B68DB6903F40063B3F5006F40
:105CC00011D1FB681B684FF400621A62F86800F09B
:105CD0001FF8FB682022C3F89020FB68002283F89D
:105CE000842003230FE0FB681B68DA69BB6813405C
:105CF000BA689A420CBF01230023DBB21A46FB7933
:105D00009A42A0D0002318461037BD4680BD00003F
:105D100080B495B000AF78607B681B687B637B6B59
:105D200053E8003F3B633B6B23F49073FB647B6859
:105D30001B681A46FB6C3B64FA63F96B3A6C41E8EA
:105D40000023BB63BB6B002BE6D17B681B68083369
:105D50003B623B6A53E8003FFB61FA691E4B13400C
:105D6000BB647B681B680833BA6CFA62BB62B96AB1
:105D7000FA6A41E800237B627B6A002BE5D17B68ED
:105D8000DB6E012B18D17B681B68FB60FB6853E856
:105D9000003FBB60BB6823F010037B647B681B681B
:105DA0001A467B6CBB617A617969BA6941E8002364
:105DB0003B613B69002BE6D17B682022C3F88C2035
:105DC0007B680022DA667B6800225A6700BF54377E
:105DD000BD465DF8047B7047FEFFFFEF80B58AB0DB
:105DE00004AFF860B9603B601346FB80FB889B0002
:105DF000184601F0D1FF38613B69002B13D07020A9
:105E000001F0CAFF78617B69002B08D07022002165
:105E1000786902F0A5FD7B693A691A6305E0386983
:105E200002F06CF801E000237B617B69002B0DD050
:105E3000FA88002303937B6902937B6A01933B6A90
:105E400000933B68B968F86800F029F87B69184648
:105E50001837BD4680BD80B588B002AFF860B96024
:105E60003B601346FB80FA887B6A01933B6A009390
:105E70003B68B968F868FFF7B1FF38613B69002BF0
:105E800005D0386900F074F801237B6102E04FF01F
:105E9000FF337B617B6918461837BD4680BD80B5EE
:105EA00086B000AFF860B9603B601346FB80BB6A08
:105EB0001A6BF9886FF040430B449B0013443B611D
:105EC0003B6923F007033B61BB68002B1ED0002316
:105ED0007B6112E0BA687B6913441978BA6A7B69FE
:105EE000134434330A461A70BA687B6913441B782A
:105EF000002B06D07B6901337B617B690F2BE9D9CD
:105F000000E000BFBB6A002283F843203B6A372BC6
:105F100001D937233B62BB6A3A6ADA62BB6A3A6AE2
:105F20005A64BB6A0433184601F0C2FABB6A1833DC
:105F3000184601F0BDFABB6ABA6A1A613B6AC3F13E
:105F40003802BB6A9A61BB6ABA6A5A623A68F968EF
:105F5000386901F0B3FD0246BB6A1A607B6A002B08
:105F600002D07B6ABA6A1A6000BF1837BD4680BD8E
:105F700080B584B000AF786001F050FE404B1B68E4
:105F800001333F4A13603F4B1B68002B09D13D4A48
:105F90007B6813603A4B1B68012B10D100F0CAFEDE
:105FA0000DE0394B1B68002B09D1364B1B68DA6AB0
:105FB0007B68DB6A9A4202D8324A7B681360334BB3
:105FC0001B680133314A13607B68DA6A304B1B6807
:105FD0009A4203D97B68DB6A2D4A13607B68DA6AD0
:105FE0002C4913469B0013449B000B4404331B684D
:105FF000FB607B68FA689A60FB689A687B68DA6085
:10600000FB689B687A6804325A607B681A1DFB68DB
:106010009A607B68DA6A13469B0013449B001D4A12
:106020001A447B685A617B68DA6A1A4913469B00F6
:1060300013449B000B441B687A68D26A591C1548AC
:1060400013469B0013449B000344196001F002FEB9
:106050000D4B1B68002B0ED00A4B1B68DA6A7B685D
:10606000DB6A9A4207D20C4B4FF080521A60BFF3A2
:106070004F8FBFF36F8F00BF1037BD4680BD00BF8D
:106080004406002070010020500600206006002019
:106090004C0600207401002004ED00E080B586B0BD
:1060A00000AF786000237B6101F0B8FD7B68002BB6
:1060B00002D12D4B1B6800E07B683B613B690433D8
:1060C000184601F05FFA3B699B6A002B04D03B69DC
:1060D0001833184601F056FA244B1B680133234A43
:1060E0001360214B1B683A699A4201D1012300E0F9
:1060F0000023FB601E4B1B68002B10D0FB68002B9D
:106100000DD03B69043319461A4801F0DEF91A4BE9
:106110001B680133184A136001237B6106E0174BAB
:106120001B68013B154A136000F082FE01F092FDEE
:106130007B69012B02D0386900F06AFE0C4B1B68AA
:10614000002B0CD0084B1B683A699A4207D10C4BC4
:106150004FF080521A60BFF34F8FBFF36F8F00BFB5
:106160001837BD4680BD00BF7001002060060020CA
:1061700050060020180600202C06002044060020AF
:1061800004ED00E080B584B000AF78600023FB60D0
:106190007B68002B08D000F0CBF90021786800F074
:1061A00081FE00F0D3F9F860FB68002B07D1064BA5
:1061B0004FF080521A60BFF34F8FBFF36F8F00BF55
:1061C0001037BD4680BD00BF04ED00E080B586B04D
:1061D00000AF786001F022FD7B68002B02D1304BCC
:1061E0001B6800E07B683B613B690433184601F0A3
:1061F000C9F93B699B6A002B04D03B6918331846E8
:1062000001F0C0F93B6904331946264801F05DF9F5
:1062100000237B6110E03A697B6913446C331B787F
:10622000DBB2012B05D13A697B6913446C33002240
:106230001A707B6901337B617B69022BEBDD01F016
:1062400009FD194B1B68002B05D001F0E7FC00F09D
:10625000EFFD01F0FFFC124B1B683A699A421AD11C
:10626000114B1B68002B08D0104B4FF080521A6066
:10627000BFF34F8FBFF36F8F0DE00A4B1B68FB60BE
:106280000B4B1B68FA689A4203D1054B00221A6037
:1062900001E000F061FB00BF1837BD4680BD00BFC4
:1062A00070010020300600205006002004ED00E0C0
:1062B0004406002080B487B000AF786000237B6183
:1062C0007B68FB60FB685B69144A93421ED1FB68E4
:1062D0009B6A134A934219D0FB689B6A002B15D125
:1062E00001237B6100233B610DE0FA683B691344A5
:1062F0006C331B78DBB2012B02D100237B6105E0FC
:106300003B6901333B613B69022BEEDD7B6918463B
:106310001C37BD465DF8047B704700BF3006002087
:106320000406002080B584B000AF78607B68FB6015
:10633000354B1B68FA689A4262D0FB68002B5FD02D
:1063400001F06CFCF868FFF7B5FF0346002B55D051
:10635000FB680433184601F015F9FB68DA6A2B4B29
:106360001B689A4203D9FB68DB6A284A1360FB6802
:10637000DA6A274913469B0013449B000B440433FD
:106380001B68BB60FB68BA689A60BB689A68FB6868
:10639000DA60BB689B68FA6804325A60FB681A1DB1
:1063A000BB689A60FB68DA6A13469B0013449B0043
:1063B000174A1A44FB685A61FB68DA6A14491346A3
:1063C0009B0013449B000B441B68FA68D26A591C5B
:1063D0000F4813469B0013449B00034419600A4B6B
:1063E0001B68DA6AFB68DB6A9A4207D2094B4FF0F6
:1063F00080521A60BFF34F8FBFF36F8F01F02AFCFA
:1064000000BF1037BD4680BD700100204C06002043
:106410007401002004ED00E080B58AB002AF0123D2
:10642000FB613B4600221A605A609A60DA600023E2
:106430003B6100237B6111E01F4A7B69134419789B
:106440003A467B6913440A461A703A467B691344FC
:106450001B78002B06D07B6901337B617B690E2B97
:10646000EAD900E000BF3A467B69134400221A7063
:106470000023BB6115E0114B3B61BB699B00104AD7
:106480001344394601930023009300238022386986
:10649000FFF7E1FCF861FB69012B06D1BB69013311
:1064A000BB61BB69002BE6DD00E000BFFB6918465D
:1064B0002037BD4680BD00BF9C930008056D0008D5
:1064C0006806002080B582B000AFFFF7A5FF7860B6
:1064D0007B68012B02D101F07FF878607B68012B8B
:1064E00017D14FF0500372B683F31188BFF36F8F4B
:1064F000BFF34F8F62B63B6000BF094B4FF0FF32D6
:106500001A60084B01221A60074B00221A6001F042
:106510004DFB064B1B6800BF0837BD4680BD00BF62
:106520006406002050060020480600204896000817
:1065300080B400AF044B1B680133034A136000BFF3
:10654000BD465DF8047B70476C06002080B588B0BE
:1065500000AF0023FB610023BB6101F05FFB002360
:106560003B616E4B1B68013B6C4A13606B4B1B68B5
:10657000002B40F0CB806A4B1B68002B00F0C680DC
:106580008FE0684BDB68DB68FB61FB699B6AFB6043
:10659000FB69DB69FA69126A9A60FB691B6AFA692E
:1065A000D2695A60FB685A68FB6918339A4203D172
:1065B000FB691A6AFB685A60FB6900229A62FB68F1
:1065C0001B685A1EFB681A60FB695B69BB60FB694C
:1065D0009B68FA69D2689A60FB69DB68FA6992681D
:1065E0005A60BB685A68FB6904339A4203D1FB695D
:1065F000DA68BB685A60FB6900225A61BB681B6895
:106600005A1EBB681A60FB69DA6A474B1B689A42DC
:1066100003D9FB69DB6A444A1360FB69DA6A4349C0
:1066200013469B0013449B000B4404331B687B60A0
:10663000FB697A689A607B689A68FB69DA607B68B4
:106640009B68FA6904325A60FB691A1D7B689A607C
:10665000FB69DA6A13469B0013449B00334A1A44D1
:10666000FB695A61FB69DA6A304913469B0013449F
:106670009B000B441B68FA69D26A591C2B481346CD
:106680009B0013449B0003441960FB69DA6A284BA2
:106690001B68DB6A9A4204D9264A3B69012142F809
:1066A0002310204B1B68002B7FF46BAFFB69002B82
:1066B00001D000F0BDFB204B1B687B617B69002B88
:1066C00012D000F04DF80346002B04D0194A3B6964
:1066D000012142F823107B69013B7B617B69002B20
:1066E000EFD1154B00221A60124A3B6952F8233051
:1066F000002B0BD00123BB610D4B1B680F4B4FF0E0
:1067000080521A60BFF34F8FBFF36F8F01F0A2FA70
:10671000BB6918462037BD4680BD00BF6C0600200F
:1067200044060020040600204C06002074010020CE
:1067300070010020580600205406002004ED00E0FF
:1067400080B483B000AF054B1B687B607B68184644
:106750000C37BD465DF8047B704700BF480600203B
:1067600080B588B000AF0023FB61704B1B68002B25
:1067700040F0D1806E4B1B680133BB616C4ABB6932
:106780001360BB69002B10D16A4B1B687B616A4B9D
:106790001B68684A1360684A7B691360674B1B6813
:1067A0000133664A136000F043FB654B1B68BA690E
:1067B0009A42C0F0A9805F4B1B681B68002B04D174
:1067C0005F4B4FF0FF321A609EE05A4B1B68DB684C
:1067D000DB683B613B695B68FB60BA69FB689A42B6
:1067E00003D2574AFB6813608EE03B695B69BB606C
:1067F0003B699B683A69D2689A603B69DB683A6991
:1068000092685A60BB685A683B6904339A4203D164
:106810003B69DA68BB685A603B6900225A61BB6811
:106820001B685A1EBB681A603B699B6A002B1ED00E
:106830003B699B6A7B603B69DB693A69126A9A60D3
:106840003B691B6A3A69D2695A607B685A683B693E
:1068500018339A4203D13B691A6A7B685A603B69D4
:1068600000229A627B681B685A1E7B681A603B692B
:10687000DA6A344B1B689A4203D93B69DB6A314AB6
:1068800013603B69DA6A304913469B0013449B004E
:106890000B4404331B683B603B693A689A603B6871
:1068A0009A683B69DA603B689B683A6904325A60CF
:1068B0003B691A1D3B689A603B69DA6A13469B0084
:1068C00013449B00204A1A443B695A613B69DA6AC7
:1068D0001D4913469B0013449B000B441B683A69F7
:1068E000D26A591C184813469B0013449B0003446A
:1068F00019603B69DA6A154B1B68DB6A9A427FF6BE
:106900005AAF0123FB6156E7114B1B68002B07D0E0
:106910000123FB6104E00F4B1B6801330D4A136038
:10692000FB6918462037BD4680BD00BF6C060020BD
:1069300048060020FC050020000600205C06002020
:10694000640600204C060020740100207001002025
:10695000580600205406002080B483B000AF214BBD
:106960001B68002B03D0204B01221A6034E01E4B21
:1069700000221A601D4B1B687B6002E07B68013BB4
:106980007B601B497A6813469B0013449B000B44B1
:106990001B68002BF2D07A6813469B0013449B00BF
:1069A000134A13443B603B685B685A683B685A6013
:1069B0003B685A683B6808339A4203D13B68DA68FF
:1069C0003B685A603B685B68DB680A4A1360074AA9
:1069D0007B681360074B1B6800BF0C37BD465DF832
:1069E000047B70476C060020580600204C060020EF
:1069F000740100207001002080B582B000AF786083
:106A00003960074B1B6818331946786800F081FD20
:106A10000121386800F046FA00BF0837BD4680BD46
:106A20007001002080B586B000AFF860B9607A6070
:106A3000FB685B687B61164B1B687A69DA61144BF3
:106A40001B687A6992681A62114B1A687B699B68A5
:106A500018325A600E4B1B6803F118027B699A606A
:106A60000B4B1B68FA689A62FB681B685A1CFB6830
:106A70001A607B68002B02D04FF0FF33BB6079684F
:106A8000B86800F00FFA00BF1837BD4680BD00BFE0
:106A90007001002080B489B000AF78607B68DB684B
:106AA000DB68BB61BB699B6A7B61BB69DB69BA69F7
:106AB000126A9A60BB691B6ABA69D2695A607B69BB
:106AC0005A68BB6918339A4203D1BB691A6A7B6959
:106AD0005A60BB6900229A627B691B685A1E7B69F7
:106AE0001A604C4B1B68002B61D1BB695B69FB6072
:106AF000BB699B68BA69D2689A60BB69DB68BA698E
:106B000092685A60FB685A68BB6904339A4203D1A1
:106B1000BB69DA68FB685A60BB6900225A61FB688E
:106B20001B685A1EFB681A60BB69DA6A3A4B1B681D
:106B30009A4203D9BB69DB6A374A1360BB69DA6AD8
:106B4000364913469B0013449B000B4404331B68D7
:106B5000BB60BB69BA689A60BB689A68BB69DA6057
:106B6000BB689B68BA6904325A60BB691A1DBB686E
:106B70009A60BB69DA6A13469B0013449B00274A5C
:106B80001A44BB695A61BB69DA6A244913469B00FF
:106B900013449B000B441B68BA69D26A591C1F48F6
:106BA00013469B0013449B00034419601BE01C4BDD
:106BB0005B683B61BB693A69DA613B699A68BB69AA
:106BC0001A623B699B68BA6918325A60BB6903F163
:106BD00018023B699A60BB69114A9A62104B1B68A4
:106BE00001330F4A1360BB69DA6A0E4B1B68DB6A1C
:106BF0009A4205D90123FB610B4B01221A6001E087
:106C00000023FB61FB6918462437BD465DF8047B11
:106C1000704700BF6C0600204C0600207401002065
:106C200004060020700100205806002080B483B0C4
:106C300000AF7860064B1A687B681A60054B1A68CB
:106C40007B685A6000BF0C37BD465DF8047B704717
:106C50005C0600204806002080B586B000AF786052
:106C6000396000F0DBFF1F4B1B683B617B685B6892
:106C70003A69D31AFB603B681B68B3F1FF3F02D14E
:106C800000237B6126E07B681A68174B1B689A42D9
:106C90000AD07B685B683A699A4205D301237B611D
:106CA0003B6800221A6015E03B681B68FA689A424C
:106CB0000BD23B681A68FB68D21A3B681A60786886
:106CC000FFF7B4FF00237B6104E03B6800221A60F9
:106CD00001237B6100F0BEFF7B6918461837BD4673
:106CE00080BD00BF480600205C06002080B400AFD5
:106CF000034B01221A6000BFBD465DF8047B70475C
:106D00005806002080B582B000AF786000F052F8DD
:106D1000064B1B68012BF9D9054B4FF080521A60C6
:106D2000BFF34F8FBFF36F8FF0E700BF74010020F8
:106D300004ED00E080B582B000AF00237B600CE082
:106D40007A6813469B0013449B00124A134418466A
:106D500000F08EFB7B6801337B607B68372BEFD9BB
:106D60000D4800F085FB0D4800F082FB0C4800F058
:106D70007FFB0C4800F07CFB0B4800F079FB0B4BD1
:106D8000054A1A600A4B054A1A6000BF0837BD461B
:106D900080BD00BF74010020D4050020E80500205C
:106DA000040600201806002030060020FC05002004
:106DB0000006002080B582B000AF19E000F02EFF81
:106DC000104BDB68DB687B607B680433184600F09F
:106DD000D9FB0D4B1B68013B0B4A13600B4B1B6827
:106DE000013B0A4A136000F035FF786800F010F8A4
:106DF000064B1B68002BE1D100BF00BF0837BD4622
:106E000080BD00BF18060020440600202C0600208C
:106E100080B582B000AF78607B681B6B184601F0CC
:106E20006DF8786801F06AF800BF0837BD4680BD8C
:106E300080B400AF0A4B1B681B68002B04D1094BC0
:106E40004FF0FF321A6005E0054B1B68DB681B68DA
:106E5000044A136000BFBD465DF8047B704700BF65
:106E6000FC0500206406002080B483B000AF0B4B0B
:106E70001B68002B02D101237B6008E0084B1B68D4
:106E8000002B02D102237B6001E000237B607B6842
:106E900018460C37BD465DF8047B7047500600204D
:106EA0006C06002080B588B000AF786039602F4B49
:106EB0001B68FB612E4B1B68BB612E4B1B687B6103
:106EC0002D4B1B680433184600F05CFB7B68B3F164
:106ED000FF3F24D13B68002B21D0284B5B683B61EE
:106EE000254B1B683A699A60234B1B683A69926884
:106EF000DA60214B1A683B699B6804325A601E4B6A
:106F00001B681A1D3B699A601B4B1B681B4A5A6120
:106F10001A4B1B680133194A136000BF22E0FA695B
:106F20007B681344FB60144B1B68FA685A60FA686C
:106F3000FB699A4207D2104B1B68043319467869E3
:106F400000F0E7FA0EE00C4B1B6804331946B869F1
:106F500000F0DFFA0A4B1B68FA689A4202D2084A2C
:106F6000FB68136000BF2037BD4680BD4806002087
:106F7000FC050020000600207001002030060020E3
:106F80006406002080B584B000AF786039600123CA
:106F9000FB607B68BB60BB68002B5DD0BB68DB6BB4
:106FA000002B59D0BB681A6CBB68DB6B0021A3FBBC
:106FB0000223002B00D001210B46002B4CD100F006
:106FC0002DFEBB681A68BB68DB6BB968096C01FBF6
:106FD00003F31A44BB689A60BB6800229A63BB68DB
:106FE0001A68BB685A60BB681A68BB68DB6B013BF8
:106FF000B968096C01FB03F31A44BB68DA60BB682B
:10700000FF2283F84420BB68FF2283F845203B68B9
:10701000002B14D1BB681B69002B1AD0BB6810333E
:107020001846FFF737FD0346002B12D00E4B4FF0EA
:1070300080521A60BFF34F8FBFF36F8F09E0BB68B8
:107040001033184600F014FABB682433184600F0D9
:107050000FFA00F0FFFD01E00023FB60FB6818461B
:107060001037BD4680BD00BF04ED00E080B58AB09A
:1070700002AFF860B9601346FB710023FB61FB6847
:10708000002B2DD00021BA68FB68A3FB0223002B44
:1070900000D001210B46002B22D1FB68BA6802FB0D
:1070A00003F313F1490F1BD8FB68BA6802FB03F323
:1070B000BB61BB694833184600F06EFEF861FB699E
:1070C000002B0DD0FB697B617B6948337B61FA79CA
:1070D000FB69009313467A69B968F86800F005F80F
:1070E000FB6918462037BD4680BD80B584B000AF2F
:1070F000F860B9607A60FB70BB68002B03D1BB6994
:10710000BA691A6002E0BB697A681A60BB69FA68FA
:10711000DA63BB69BA681A640121B869FFF732FF04
:1071200000BF1037BD4680BD80B58AB000AFF860A3
:10713000B9607A6000237B62FB683B6200F06EFD01
:107140003B6A9B6BFB61FB69002B1FD0B968386AF7
:1071500000F08CF8FB695A1E3B6A9A633B6A1B6914
:10716000002B0FD03B6A10331846FFF793FC034601
:10717000002B07D03C4B4FF080521A60BFF34F8F6B
:10718000BFF36F8F00F066FD012369E07B68002B81
:1071900003D100F05FFD002362E07B6A002B06D183
:1071A00007F114031846FFF741FD01237B6200F04D
:1071B00051FDFFF7BDF900F031FD3B6A93F8443013
:1071C0005BB2B3F1FF3F03D13B6A002283F8442056
:1071D0003B6A93F845305BB2B3F1FF3F03D13B6AA2
:1071E000002283F8452000F035FD3A1D07F1140315
:1071F00011461846FFF730FD0346002B23D1386AAD
:1072000000F0ACF80346002B17D03B6A24337A68B1
:1072100011461846FFF7F0FB386A00F04DF8FFF70B
:1072200095F90346002B89D10F4B4FF080521A601D
:10723000BFF34F8FBFF36F8F80E7386A00F03CF8E1
:10724000FFF784F97AE7386A00F036F8FFF77EF93D
:10725000386A00F083F80346002B3FF46FAF002339
:1072600018462837BD4680BD04ED00E080B582B0E9
:1072700000AF786039607B681B6C002B18D07B688E
:10728000DA687B681B6C1A447B68DA607B68DA68B2
:107290007B689B689A4203D37B681A687B68DA60D4
:1072A0007B68D9687B681B6C1A46386801F0DDFB87
:1072B00000BF0837BD4680BD80B584B000AF7860A0
:1072C00000F0ACFC7B6893F84530FB7311E07B6801
:1072D0005B6A002B12D07B6824331846FFF7DAFB79
:1072E0000346002B01D0FFF701FDFB7B013BDBB226
:1072F000FB7397F90F30002BE9DC00E000BF7B68DF
:10730000FF2283F8452000F0A5FC00F087FC7B6895
:1073100093F84430BB7311E07B681B69002B12D0DB
:107320007B6810331846FFF7B5FB0346002B01D0EE
:10733000FFF7DCFCBB7B013BDBB2BB7397F90E3084
:10734000002BE9DC00E000BF7B68FF2283F84420CB
:1073500000F080FC00BF1037BD4680BD80B584B012
:1073600000AF786000F05AFC7B689B6B002B02D169
:107370000123FB6001E00023FB6000F06BFCFB6875
:1073800018461037BD4680BD80B485B000AF786028
:1073900039600023BB603B68002B24D00023FB60D6
:1073A0001EE0184AFB68DB0013445B687A689A4267
:1073B00005D1FB68DB00134A1344BB6013E0BB68D4
:1073C000002B0AD10F4AFB6852F83330002B04D14E
:1073D000FB68DB000B4A1344BB60FB680133FB60B6
:1073E000FB68072BDDD9BB68002B05D0BB683A686A
:1073F0001A60BB687A685A6000BF1437BD465DF8F2
:10740000047B70477006002080B586B000AFF8603E
:10741000B9607A60FB687B6100F000FC7B6993F8DF
:1074200044305BB2B3F1FF3F03D17B69002283F8A4
:1074300044207B6993F845305BB2B3F1FF3F03D141
:107440007B69002283F8452000F004FC7B699B6B7C
:10745000002B06D17B6924337A68B9681846FFF798
:10746000E1FA7869FFF728FF00BF1837BD4680BDF5
:1074700080B483B000AF78607B6803F108027B685A
:107480005A607B684FF0FF329A607B6803F1080214
:107490007B68DA607B6803F108027B681A617B68AD
:1074A00000221A6000BF0C37BD465DF8047B7047B0
:1074B00080B483B000AF78607B6800221A6100BF9F
:1074C0000C37BD465DF8047B704780B485B000AFD3
:1074D000786039607B685B68FB603B68FA685A607B
:1074E000FB689A683B689A60FB689B683A685A60D8
:1074F000FB683A689A603B687A681A617B681B6827
:107500005A1C7B681A6000BF1437BD465DF8047BC7
:10751000704780B485B000AF786039603B681B6805
:10752000BB60BB68B3F1FF3F03D17B681B69FB60A5
:107530000CE07B680833FB6002E0FB685B68FB6083
:10754000FB685B681B68BA689A42F6D2FB685A68A7
:107550003B685A603B685B683A689A603B68FA68C7
:107560009A60FB683A685A603B687A681A617B687F
:107570001B685A1C7B681A6000BF1437BD465DF853
:10758000047B704780B485B000AF78607B681B696E
:10759000FB607B685B687A6892689A607B689B682E
:1075A0007A6852685A60FB685B687A689A4203D1CD
:1075B0007B689A68FB685A607B6800221A61FB68E6
:1075C0001B685A1EFB681A60FB681B681846143754
:1075D000BD465DF8047B704780B584B002AF0023E0
:1075E0007B6000F035FA0A4B1B68002B0AD0094B70
:1075F0000193032300930023802207490748FEF7E5
:107600002AFC78607B6818460837BD4680BD00BFFD
:10761000E0060020E4060020A4930008C5760008D8
:1076200080B584B000AFF860B9607A6008E0FB68AC
:107630009B69BA681344BB60FB681B6AF86898478B
:10764000FB689A69BB68D118BB687A68F86800F073
:10765000DFF80346002BEAD100BF00BF1037BD465C
:1076600080BD000080B584B000AF78603960144BF5
:107670001B68DB68DB68FB60FB6804331846FFF7B8
:1076800081FFFB6893F8243003F00403002B05D03E
:107690003A687968F868FFF7C3FF08E0FB6893F879
:1076A000243023F00103DAB2FB6883F82420FB685E
:1076B0001B6AF868984700BF1037BD4680BD00BF01
:1076C000D806002080B584B000AF786007F10803C9
:1076D000184600F059F8F860BB681946F86800F0E1
:1076E00005F800F0D7F800BFF0E7000080B584B0DF
:1076F00000AF78603960FEF71BFF07F108031846FA
:1077000000F066F8F860BB68002B30D13B68002BB6
:107710000AD17A68FB689A4206D8FEF717FFF96823
:107720007868FFF79FFF24E03B68002B08D0134BDD
:107730001B681B68002B01D1012300E000233B6084
:107740000F4B18687A68FB68D31A3A681946FFF736
:107750005BFEFEF7FBFE0346002B0AD1094B4FF000
:1077600080521A60BFF34F8FBFF36F8F01E0FEF7B7
:10777000EDFE00BF1037BD4680BD00BFDC06002017
:10778000E006002004ED00E080B485B000AF786032
:107790000E4B1B681B68002B01D1012200E0002268
:1077A0007B681A607B681B68002B05D1074B1B6840
:1077B000DB681B68FB6001E00023FB60FB68184688
:1077C0001437BD465DF8047B704700BFD806002023
:1077D00080B584B000AF7860FEF7B2FFF8600B4B65
:1077E0001B68FA689A4205D200F00CF97B68012206
:1077F0001A6002E07B6800221A60044AFB6813608A
:10780000FB6818461037BD4680BD00BFE806002063
:1078100080B586B000AFF860B9607A603B60002345
:107820007B61FB68BA685A60FB68FA681A61BA68DB
:107830007B689A4212D87A683B68D21AFB689B69C7
:107840009A4202D301237B611BE0104B1A68FB684C
:10785000043319461046FFF75CFE12E07A683B6875
:107860009A4206D2BA683B689A4202D301237B61EE
:1078700007E0074B1A68FB68043319461046FFF708
:1078800048FE7B6918461837BD4680BDDC060020DF
:10789000D806002080B586B000AF3B1D00221A60DC
:1078A0005A609A609CE07B68002BC0F29980FB686C
:1078B0007B617B69002B00F093807B695B69002B07
:1078C00004D07B6904331846FFF75CFE3B4618463C
:1078D000FFF77EFF38617B68013B082B7DD801A252
:1078E00052F823F009790008097900087179000835
:1078F00085790008B179000809790008097900083C
:1079000071790008857900087B6993F8243043F089
:107910000103DAB27B6983F82420BA687B699B692A
:10792000D118BB683A697869FFF772FF0346002BEC
:1079300055D07B6993F8243003F00403002B09D061
:10794000BA687B699B6913443A6919467869FFF7FD
:1079500067FE08E07B6993F8243023F00103DAB274
:107960007B6983F824207B691B6A7869984736E035
:107970007B6993F8243023F00103DAB27B6983F842
:1079800024202DE07B6993F8243043F00103DAB220
:107990007B6983F82420BA687B699A617B699A695C
:1079A0003B69D1183B693A697869FFF731FF17E005
:1079B0007B6993F8243003F00203002B03D178692C
:1079C00000F09CFA0CE07B6993F8243023F001036B
:1079D000DAB27B6983F8242002E000BF00E000BF38
:1079E000074B1B68391D00221846FFF79DFB034615
:1079F000002B7FF458AF00BF00BF1837BD4680BDD5
:107A0000E006002080B582B000AF09E00E4B1B6895
:107A1000DB681B683B604FF0FF313868FFF722FEE0
:107A2000094B1B681B68002BF0D1074B1B687B6060
:107A3000064B1B68044A1360044A7B68136000BF4E
:107A40000837BD4680BD00BFD8060020DC060020F8
:107A500080B500AF00F0E2F8124B1B68002B1DD17F
:107A60001148FFF705FD1148FFF702FD104B0E4AC4
:107A70001A60104B0D4A1A6000220C210A20FFF7F1
:107A8000F5FA0346074A1360064B1B68002B05D026
:107A9000044B1B6808491846FFF776FC00F0DAF83B
:107AA00000BF80BDE0060020B0060020C406002014
:107AB000D8060020DC060020AC93000880B485B016
:107AC00000AFF860B9607A60FB68043BFB60FB685C
:107AD0004FF080721A60FB68043BFB60BB6823F0C8
:107AE0000102FB681A60FB68043BFB600C4AFB6800
:107AF0001A60FB68143BFB607A68FB681A60FB68DD
:107B0000043BFB60FB686FF002021A60FB68203BDD
:107B1000FB60FB6818461437BD465DF8047B704770
:107B2000257B000880B483B000AF00233B604FF09A
:107B3000500372B683F31188BFF36F8FBFF34F8F7B
:107B400062B67B6000BF00BF3B68002BFCD000BF6B
:107B500000BF0C37BD465DF8047B7047064B1968C3
:107B60000868B0E8F04F80F30988BFF36F8F4FF0DB
:107B7000000080F3118870477001002000BF00BF33
:107B800008480068006880F308884FF0000080F320
:107B9000148862B661B6BFF34F8FBFF36F8F00DFFB
:107BA00000BF000008ED00E000BF00BF80B582B05C
:107BB00000AF154B1B687B60144B1B68134A43F4E2
:107BC0007F031360114B1B68104A43F07F4313601F
:107BD0000F4B00221A6000F0AFF80E4B00221A6023
:107BE00000F0CEF80C4B1B680B4A43F04043136087
:107BF000FFF7C6FFFEF7B0FEFFF794FF002318461D
:107C00000837BD4680BD00BF08ED00E020ED00E074
:107C10001CED00E01400002034EF00E080B483B0DD
:107C200000AF4FF0500372B683F31188BFF36F8F2C
:107C3000BFF34F8F62B67B6000BF054B1B680133FB
:107C4000034A136000BF0C37BD465DF8047B7047E4
:107C50001400002080B483B000AF0A4B1B68013BC6
:107C6000084A1360074B1B68002B05D100237B607B
:107C70007B6883F3118800BF00BF0C37BD465DF8F9
:107C8000047B704714000020EFF30980BFF36F8F6F
:107C9000154B1A681EF0100F08BF20ED108A20E95E
:107CA000F04F10602DE909004FF0500072B680F3DC
:107CB0001188BFF34F8FBFF36F8F62B6FEF74CFE94
:107CC0004FF0000080F3118809BC19680868B0E81B
:107CD000F04F1EF0100F08BFB0EC108A80F3098837
:107CE000BFF36F8F704700007001002000BF00BF1E
:107CF00080B582B000AF4FF0500372B683F31188A5
:107D0000BFF36F8FBFF34F8F62B67B6000BFFEF78C
:107D100027FD0346002B03D0064B4FF080521A601C
:107D200000233B603B6883F3118800BF00BF083726
:107D3000BD4680BD04ED00E080B400AF0B4B0022D7
:107D40001A600B4B00221A600A4B1B680A4AA2FBFE
:107D500003239B09094A013B1360044B07221A6065
:107D600000BFBD465DF8047B704700BF10E000E037
:107D700018E000E004000020D34D621014E000E0A1
:107D8000DFF80C00016841F47001016070470000E9
:107D900088ED00E000BF00BF80B588B000AF78601C
:107DA00000237B6100233B617B68002B22D00823EA
:107DB000DB437A689A421BD808227B6813447B60B5
:107DC0007B6803F00703002B14D07B6803F00703E4
:107DD000C3F10803FB60FB68DB437A689A4204D86E
:107DE0007A68FB6813447B6004E000237B6001E059
:107DF00000237B60FEF79CFB3B4B1B68002B01D1F3
:107E000000F0B6F87B68002B67DB7B68002B64D042
:107E1000364B1B687A689A425FD8354BBB61344B4E
:107E20001B68FB6104E0FB69BB61FB691B68FB61CC
:107E3000FB695B687A689A4203D9FB691B68002B6F
:107E4000F1D1294B1B68FA699A4246D0BB691B687D
:107E5000082213447B61FB691A68BB691A60FB69DD
:107E60005A687B68D21A08235B009A4213D9FA69D0
:107E70007B681344BB60FB695A687B68D21ABB6895
:107E80005A60FB697A685A60BB691A68BB681A60F5
:107E9000BB69BA681A60154B1A68FB695B68D31A2C
:107EA000124A1360114B1A68124B1B689A4203D294
:107EB0000E4B1B680F4A1360FB695B683B61FB69F3
:107EC0005B6843F00042FB695A60FB6900221A605C
:107ED000094B1B680133084A1360FEF737FB7B69C7
:107EE00018462037BD4680BDF4060120F806012063
:107EF000EC060120FC0601200007012080B584B0BB
:107F000000AF78607B68FB607B68002B27D008237C
:107F10005B42FA681344FB60FB68BB60BB685B684C
:107F2000002B1CDABB681B68002B18D1BB685B6890
:107F300023F00042BB685A60FEF7FAFABB685A6841
:107F4000094B1B681344084A1360B86800F06AF8CC
:107F5000064B1B680133054A1360FEF7F7FA00BFB2
:107F60001037BD4680BD00BFF80601200407012080
:107F700080B485B000AF4FF48033BB60244BFB600E
:107F8000FB6803F00703002B0CD0FB680733FB6092
:107F9000FB6823F00703FB60BA68FB68D31A1C4A2E
:107FA0001344BB60FB681B4A13601A4B00225A60E3
:107FB000FA68BB6813447B6008227B689B1A7B606D
:107FC0007B6823F007037B607B68134A1360124BC6
:107FD0001B6800225A60104B1B6800221A60FB6865
:107FE0003B603B687A68D21A3B685A600A4B1A6851
:107FF0003B681A603B685B68084A13603B685B68D3
:10800000074A136000BF1437BD465DF8047B704714
:10801000EC060020EC060120F4060120FC060120FD
:10802000F806012080B485B000AF7860284BFB6073
:1080300002E0FB681B68FB60FB681B687A689A4279
:10804000F7D8FB68BB60FB685B68BA6813447A6862
:108050009A4208D1FB685A687B685B681A44FB68DF
:108060005A60FB687B607B68BB607B685B68BA6852
:108070001A44FB681B689A4218D1FB681A68154BB2
:108080001B689A420DD07B685A68FB681B685B6866
:108090001A447B685A60FB681B681A687B681A6020
:1080A00008E00C4B1A687B681A6003E0FB681A68EA
:1080B0007B681A60FA687B689A4202D0FB687A682B
:1080C0001A6000BF1437BD465DF8047B704700BFDF
:1080D000EC060120F40601200B460146184600F08C
:1080E00027BA00F00FB80268D207034605D44278D9
:1080F00002B1FFDE01205870704700207047012355
:108100000360704700F05EB92DE9F047089D0E4608
:1081100004460F46002B4AD194468C45B2FA82F2AF
:1081200060D942B1C2F12003974020FA03F30CFA60
:1081300002FC1F4394404FEA1C4E1FFA8CF6B7FB1B
:10814000FEF1230C0EFB117743EA074301FB06F017
:1081500098420AD91CEB030301F1FF3780F0158127
:10816000984240F21281023963441B1AA4B2B3FB55
:10817000FEF00EFB103344EA034400FB06F6A64271
:108180000AD91CEB040400F1FF3380F00081A64201
:1081900040F2FD806444023840EA0140A41B002103
:1081A0001DB1D4400023C5E90043BDE8F0878B42F0
:1081B00005D90DB1C5E9000100210846F5E7B3FA7C
:1081C00083F1002946D1B34202D3824200F2F58006
:1081D000841A66EB030201201746002DE5D0C5E99D
:1081E0000047E2E7002A40F09380A1EB0C034FEA3E
:1081F0001C471FFA8CFE0121B3FBF7F607FB163074
:10820000230C43EA00430EFB06F0984208D91CEB0E
:10821000030306F1FF3802D2984200F2D0804646AE
:108220001B1AA4B2B3FBF7F007FB103344EA034474
:108230000EFB00FEA64508D91CEB040400F1FF3339
:1082400002D2A64500F2B6801846A4EB0E0440EA1E
:108250000640A5E7C1F120078B4022FA07FC4CEA53
:10826000030C06FA01FE20FA07F426FA07F344EAA3
:108270000E0400FA01F84FEA1C404FEA1449B3FB20
:10828000F0FE1FFA8CF600FB1E3349EA03430EFB97
:1082900006F9994502FA01F20BD91CEB03030EF122
:1082A000FF3A80F08580994540F28280AEF1020E5F
:1082B0006344A3EB0909A4B2B9FBF0F300FB1399E3
:1082C00044EA094403FB06F6A64208D91CEB040461
:1082D00003F1FF3068D2A64266D9023B644443EA08
:1082E0000E40A41BA0FB02E6B4427346B14652D333
:1082F0004FD05DB1B8EB030264EB090404FA07F751
:1083000022FA01F31F43CC40C5E9007400214CE779
:10831000C2F1200120FA01F30CFA02FC26FA01F165
:10832000964033434FEA1C471FFA8CFEB1FBF7F02F
:1083300007FB1016190C41EA064100FB0EF68E42AF
:1083400004FA02F408D91CEB010100F1FF382DD228
:108350008E422BD902386144891B9BB2B1FBF7F6E0
:1083600007FB161143EA014306FB0EF1994208D9B7
:108370001CEB030306F1FF3814D2994212D9023ED6
:1083800063445B1A46EA004136E73946EDE6184693
:1083900002E7F045ADD2BEEB020366EB0C060138F6
:1083A000B146A6E74646ECE7034698E74046D3E7E2
:1083B000D6467EE76444023847E708460DE7023EAA
:1083C00063442DE7024B0146186800F05DBB00BF17
:1083D0002400002070B50F4E0C463168054611B9D7
:1083E00000F0FAFA30602146284600F0F5FA431C06
:1083F00003D14FF0FF34204670BDC41C24F00304A9
:10840000A042F8D0211A284600F0E6FA0130F2D155
:10841000EFE700BF080701202DE9F843CD1C25F048
:10842000030508350C2D38BF0C25002D064601DB51
:10843000A94204D90C2333600020BDE8F883DFF89B
:10844000D48000F069F8D8F800301C4644BB2946B7
:108450003046FFF7BFFF431C044658D1D8F8004010
:108460002746002F43D1002C4BD023683946304695
:1084700004EB030900F0B0FA814542D121686D1A7E
:1084800029463046FFF7A6FF01303AD023682B4437
:108490002360D8F800305A6862BBC8F800700FE05B
:1084A0002268521B20D40B2A17D96119A3422560D8
:1084B00018BF5960636808BFC8F8001062514B606C
:1084C000304600F02FF804F10B00231D20F00700C8
:1084D000C21A1CBF1B1AA350AFE76268A3420CBFAD
:1084E000C8F800205A60EBE723466468AEE73C46D4
:1084F0007F68B6E71A465B68A342FBD1002353604E
:10850000DEE70C233360304600F00CF894E705609A
:10851000D6E700BF0C070120014800F0A4BA00BF55
:1085200050080120014800F09FBA00BF5008012008
:1085300010B504460448134620B10A4602202146DD
:10854000AFF3008010BD00BF00000000002310B595
:108550000446C0E90033C0E9043383608181436687
:10856000C2818361194608225C3000F0F9F90D4B95
:1085700063620D4BA3620D4BE3620D4B23630D4B06
:1085800024629C4206D003F16802944202D0D033A8
:108590009C4205D104F15800BDE8104000F062BAD9
:1085A00010BD00BFB1870008D38700080B88000802
:1085B0002F88000810070120024A0349034800F0F1
:1085C00069B800BF18000020C191000828000020F1
:1085D00041680C4B994210B5044601D000F0F0FD03
:1085E000A168094B994202D0204600F0E9FDE168FC
:1085F000064B994204D02046BDE8104000F0E0BD93
:1086000010BD00BF1007012078070120E0070120FE
:1086100010B50B4B0B4C0C4A1A602046002204216B
:10862000FFF794FF04F1680001220921FFF78EFF94
:1086300004F1D0000222BDE810401221FFF786BFEE
:108640004808012010070120B9850008014800F002
:108650000ABA00BF51080120014800F005BA00BF66
:108660005108012010B50446FFF7F0FF236A1BB143
:10867000BDE81040FFF7F0BF044B2362044B1B68BA
:10868000002BF5D1FFF7C4FFF2E700BFD18500084A
:10869000480801202DE9F84307468846144600267D
:1086A000D4E90195B9F1010905D52468002CF7D169
:1086B0003046BDE8F883AB89012B07D9B5F90E30F8
:1086C000013303D029463846C04706436835E9E7F9
:1086D0000FB407B5064904AB086853F8042B81684A
:1086E000019300F045FA03B05DF804EB04B0704765
:1086F00024000020036A70B5846805460E460BB955
:10870000FFF7B0FF636EDB0705D4A389980502D499
:10871000A06D00F0A8F9A389190702D52369002BE1
:1087200035D12146284600F0C5F880B34FF0FF351B
:10873000636EDA0705D4A3899B0502D4A06D00F00F
:1087400093F9284670BD002B04DAA2699A4217DC1F
:108750000A2915D023685A1C22601970A36816F8DC
:10876000011F013BA3600029EDD1002B11DA224645
:108770000A21284600F05FF80130D7D00A25D7E754
:108780002246284600F057F80130E7D1CEE7013EF7
:10879000E4E723685A1C22600A221A70EEE7000000
:1087A000024B01461868FFF7A5BF00BF2400002058
:1087B00010B50C46B1F90E1000F0FCF80028ABBF64
:1087C000636DA3891B1823F48053ACBF6365A38139
:1087D00010BD2DE9F0411F468B89DB0505460C468F
:1087E000164605D5B1F90E100223002200F0D0F88C
:1087F000A389B4F90E1023F48053A38132463B467B
:108800002846BDE8F04100F0F7B810B50C46B1F9C4
:108810000E1000F0BDF8431CA38915BF606523F45A
:10882000805343F48053A38118BFA38110BDB1F9D5
:108830000E1000F09DB8F8B50E461446054618B166
:10884000036A0BB9FFF70EFFA369A360A3891A0798
:1088500001D5236943B92146284600F02BF818B109
:108860004FF0FF373846F8BD23682269981A6369CC
:10887000F6B28342374605DC2146284600F0A0FCCC
:108880000028EDD1A368013BA36023685A1C226035
:108890001E706269431C9A4204D0A389DB07E1D5AC
:1088A0000A2EDFD12146284600F08AFC0028D9D0C4
:1088B000D6E7000038B5294B054618680C4618B1B4
:1088C000036A0BB9FFF7CEFEB4F90C30190722D4B6
:1088D000DA0607D409222A6043F04003A3814FF04F
:1088E000FF3033E0580712D5616B41B104F1440306
:1088F000994202D0284600F0C7F800236363A38999
:1089000023F02403A3810023636023692360A389E8
:1089100043F00803A38123694BB9A38903F42073AF
:10892000B3F5007F03D02146284600F097FCB4F948
:108930000C3013F001020AD00022A2606269524298
:10894000A261226942B913F08000C5D138BD9907F0
:1089500058BF6269A260F4E70020F7E72400002016
:1089600002440346934200D1704703F8011BF9E724
:1089700038B5064D0023044608462B6000F0CCFCB9
:10898000431C02D12B6803B1236038BD4C08012081
:1089900038B5074D04460846114600222A601A469B
:1089A00000F0D2FC431C02D12B6803B1236038BD18
:1089B0004C08012038B5074D0446084611460022F0
:1089C0002A601A4600F0C8FC431C02D12B6803B190
:1089D000236038BD4C08012038B5064D00230446FD
:1089E00008462B6000F0C0FC431C02D12B6803B189
:1089F000236038BD4C08012038B5074D04460846B1
:108A0000114600222A601A46F7F710FD431C02D1D6
:108A10002B6803B1236038BD4C08012070B50D4DA3
:108A20000D4C641BA4100026A64209D10B4D0C4C22
:108A300000F0A8FC641BA4100026A64205D170BD5E
:108A400055F8043B98470136EEE755F8043B984744
:108A50000136F2E788960008889600088896000894
:108A6000909600087047704770470A44914200F1A1
:108A7000FF3300D1704710B511F8014B03F8014FD7
:108A80009142F9D110BD000038B50546002941D00A
:108A900051F8043C0C1F002BB8BFE418FFF73CFD55
:108AA0001D4A136833B9636014602846BDE8384036
:108AB000FFF738BDA34208D9206821188B4201BFB7
:108AC00019685B6809182160EDE71A465B680BB10D
:108AD000A342FAD911685018A0420BD12068014472
:108AE000501883421160E0D118685B6853600844F5
:108AF0001060DAE702D90C232B60D6E72068211832
:108B00008B4204BF19685B68636004BF0918216069
:108B10005460CAE738BD00BF0C0701209368013BD1
:108B2000002B10B4936008DA9469A34201DB0A2990
:108B300003D15DF8044BFFF77EBE1368581C10602C
:108B4000197008465DF8044B7047F8B506460F46A5
:108B50001446D518AC4201D1002007E014F8011BDF
:108B60003A463046FFF7DAFF431CF3D1F8BD000068
:108B70002DE9F04F0D469DB014469846064618B1B3
:108B8000036A0BB9FFF76EFD6B6ED90705D4AB898D
:108B90009A0502D4A86DFFF766FFAB891B0701D5C4
:108BA0002B699BB929463046FFF784FE70B16B6E86
:108BB000DC0704D54FF0FF301DB0BDE8F08FAB8966
:108BC0009805F7D4A86DFFF74FFFF3E7002309934B
:108BD00020238DF82930CDF80C803023DFF8AC81CC
:108BE0008DF82A304FF0010923469A4613F8012BDD
:108BF0000AB1252AF9D1BAEB040B0BD05B46224609
:108C000029463046FFF7A1FF013000F0A780099AFE
:108C10005A4409929AF80030002B00F09F800023FC
:108C20004FF0FF32CDE905230AF1010A04930793BF
:108C30008DF853301A935446052214F8011B5348FB
:108C4000F7F74EFB049AD8B9D10644BF20238DF81C
:108C50005330130744BF2B238DF853309AF800305C
:108C60002A2B15D0079A544600204FF00A0C2146B3
:108C700011F8013B303B092B4BD9B0B1079214E0FE
:108C8000A0EB080309FA03F313430493A246D2E7C7
:108C9000039B191D1B680391002BBBBF5B4242F075
:108CA000020207930793B8BF049223782E2B0AD1B0
:108CB00063782A2B32D1039B1A1D1B68039243EA67
:108CC000E37302340593DFF8D4A0217803225046E1
:108CD000F7F706FB38B1049BA0EB0A004022824064
:108CE00013430134049314F8011B29488DF828100C
:108CF0000622F7F7F5FA00283FD0264B1BBB039B53
:108D0000073323F0070308330393099B3B4409937C
:108D10006AE70CFB02320C460120A8E7002301346D
:108D2000059319464FF00A0C204610F8012B303AF3
:108D3000092A03D9002BC6D00591C4E70CFB0121F9
:108D400004460123F0E703AB00932A46124B04A923
:108D50003046AFF300800746781CD6D16B6ED9073A
:108D600005D4AB899A0502D4A86DFFF77DFEAB89C7
:108D70005B063FF51FAF09981EE703AB00932A4639
:108D8000054B04A9304600F079F8E4E74C9600085A
:108D900056960008000000004B8B00085296000811
:108DA0002DE9F047164698468A680B69DDF8209051
:108DB0009342B8BF1346336091F8432007460C46F0
:108DC0000AB1013333602368990642BF3368023326
:108DD0003360256815F0060506D104F1190AE36829
:108DE00032689B1AAB4226DC94F843302268003B81
:108DF00018BF012392062BD404F1430241463846A2
:108E0000C84701301ED02368226903F00603042BF3
:108E100002BFE5683368ED1AA3680CBF25EAE57563
:108E200000259342C4BF9B1AED1800261A34B542A0
:108E30001AD1002008E00123524641463846C8476F
:108E4000013003D14FF0FF30BDE8F0870135C6E7B0
:108E5000E1185A1C302081F84300224494F8451050
:108E600082F843100233C7E70123224641463846C1
:108E7000C8470130E6D00136D9E700002DE9FF47A9
:108E80000F7E0C9E782F914680460C469A4601F143
:108E9000430207D8622F0AD8002F00F0D180582F44
:108EA00000F0B88004F1420684F842703AE0A7F17D
:108EB0006303152BF6D801A151F823F0158F000894
:108EC000298F0008A58E0008A58E0008A58E000831
:108ED000A58E0008298F0008A58E0008A58E000821
:108EE000A58E0008A58E000827900008538F000863
:108EF000E18F0008A58E0008A58E000849900008A3
:108F0000A58E0008538F0008A58E0008A58E0008C6
:108F1000E98F000833681A1D1B68326004F14206AD
:108F200084F8423001239CE033682068191D3160C9
:108F3000060601D51D6803E04506FBD5B3F90050D0
:108F4000002D03DA2D236D4284F8433058480A235C
:108F500011E021683368080653F8045B02D449061F
:108F600048BFADB26F2F5248336014BF0A230823A5
:108F7000002184F843106668A660002E05DB216896
:108F80002E4321F0040121604BD01646B5FBF3F1CE
:108F900003FB1157C75D06F8017D2F46BB420D4606
:108FA000F4D9082B0BD12368DF0708D52369616842
:108FB0009942DEBF302306F8013C06F1FF36921BD2
:108FC0002261CDF800A04B4603AA21464046FFF798
:108FD000E7FE01304AD14FF0FF3004B0BDE8F08722
:108FE000236843F0200323603248782784F84570D3
:108FF000236831681F0651F8045B02D45F0648BF3E
:10900000ADB23160D90744BF43F0200323601DB1E6
:109010001023ADE72648E9E7236823F02003236007
:10902000F6E71646BDE7336825686169181D3060AC
:109030002E061B6801D5196002E06806FBD5198071
:10904000002323611646BCE733681A1D32601E6890
:10905000626800213046F7F743F908B1801B606071
:1090600063682361002384F84330AAE7236932460A
:1090700049464046D0470130ADD023689B0713D402
:10908000E068039B9842B8BF1846A6E70123324622
:1090900049464046D04701309DD00135E3680399E9
:1090A0005B1AAB42F2DCEBE7002504F11906F5E7A9
:1090B0005D9600086E960008B1F90C202DE9F0418C
:1090C000160705460C4654D44B68002B02DC0B6C8B
:1090D000002B48DDE66A002E45D0002312F48052B2
:1090E0002F68216A2B6030D0626DA389590705D59E
:1090F0006368D21A636B0BB1236CD21A0023E66A41
:10910000216A2846B047431CA38906D129681D2936
:109110002BD82A4ACA40D60727D500226260D90434
:109120002269226004D5421C01D12B6803B9606515
:10913000616B2F60B9B104F14403994202D0284613
:10914000FFF7A2FC002363630DE001232846B0472C
:109150000246501CC9D12B68002BC6D01D2B01D054
:10916000162B1ED12F60002022E043F040031BB2DB
:109170001BE00F69002FF6D093070E6808BF4B69FC
:109180000F6018BF0023A6EB07088B60B8F1000F33
:10919000E9DD216AA66A43463A462846B0470028D8
:1091A00008DCB4F90C3043F04003A3814FF0FF30EA
:1091B000BDE8F0810744A8EB0008E7E70100402084
:1091C00038B50B6905460C4613B90025284638BD4D
:1091D00018B1036A0BB9FFF745FAB4F90C30002B4C
:1091E000F3D0626ED00704D4990502D4A06DFFF7C6
:1091F0003AFC28462146FFF75FFF636EDA07054613
:10920000E4D4A3899B05E1D4A06DFFF72DFCDDE735
:1092100070B50C46B1F90E10002996B015461E46E1
:109220000DDAA38913F0800F4FF0000114BF402323
:109230004FF48063002031602B6016B070BD6A4629
:1092400000F048F80028ECDB019901F47041A1F529
:109250000053594259414FF48063EBE78B89F7B5CE
:109260009D0706460C4607D504F14703236023619A
:109270000123636103B0F0BD01AB6A46FFF7C8FF8D
:10928000009F054639463046FFF7C6F848B9B4F99D
:109290000C309A05EED423F0030343F00203A381BC
:1092A000E2E7A389206043F08003A381019BC4E926
:1092B00004075BB1B4F90E10304600F01DF828B178
:1092C000A38923F0030343F00103A381A3891D4372
:1092D000A581CFE738B5074D00230446084611465F
:1092E0002B6000F021F8431C02D12B6803B12360EE
:1092F00038BD00BF4C08012038B5064D0023044698
:1093000008462B6000F018F8431C02D12B6803B10B
:10931000236038BD4C080120024B58221A604FF0E0
:10932000FF3070474C080120024B58221A604FF062
:10933000FF3070474C080120024B58221A60002071
:10934000704700BF4C080120024B58221A604FF0B2
:10935000FF3070474C080120024B58221A604FF032
:10936000FF3070474C080120044A05491368002B60
:1093700008BF0B4618441060184670475408012077
:1093800058080120F8B500BFF8BC08BC9E467047DD
:0C939000F8B500BFF8BC08BC9E46704752
:10939C0049444C4500000000546D72205376630024
:1093AC00546D7251000000000D0A3D3D3D20506986
:1093BC0078656C4A616D20426C696E6B79204170E6
:1093CC00706C69636174696F6E205374617274653B
:1093DC0064202853544D33324837343329203D3DD3
:1093EC003D0D0000426C696E6B5461736B000000A4
:1093FC000D0A3D3D3D3D3D3D3D3D3D3D3D3D3D3DF4
:10940C003D3D3D3D3D3D3D3D3D3D3D3D3D3D3D3D80
:10941C003D3D3D3D3D3D3D3D3D3D0D00212121204E
:10942C00484152444641554C5420444554454354BC
:10943C004544202121210D00504320203D2030782F
:10944C002530386C580D0A004C5220203D203078C5
:10945C002530386C580D0A00523020203D203078D1
:10946C002530386C582020523120203D2030782572
:10947C0030386C580D0A0000523220203D203078D4
:10948C002530386C582020523320203D2030782550
:10949C0030386C580D0A0000523132203D203078A3
:1094AC002530386C582020505352203D20307825E0
:1094BC0030386C580D0A00005343422D3E4346533E
:1094CC0052203D2030782530386C580D0A000000B1
:1094DC005343422D3E48465352203D203078253090
:1094EC00386C580D0A0000005343422D3E4D4D463A
:1094FC0041523D2030782530386C580D0A00000060
:10950C005343422D3E42464152203D203078253077
:10951C00386C580D0A0000003D3D3D3D3D3D3D3D44
:10952C003D3D3D3D3D3D3D3D3D3D3D3D3D3D3D3D5F
:10953C003D3D3D3D3D3D3D3D3D3D3D3D3D3D3D3D4F
:10954C000D00000000000000000000000000000002
:10955C0000000000000000000000000000000000FF
:10956C00A5040008C90400087506000800000000E6
:10957C0000000000000000000000000000000000DF
:10958C0000000000000000000000000000000000CF
:10959C0000000000000000000000000000000000BF
:1095AC00000000000000000001020304010203049B
:1095BC00060708090000000000000000010B00086D
:1095CC00250B0008C5120008E51200080513000859
:1095DC002513000800000000000000007D0A0008B0
:1095EC00A10A00080F140008411400080000000034
:1095FC00000000001D150008551500087515000821
:10960C00C1150008E3150008000000000000000070
:10961C00000000000000000000000000000000003E
:10962C0000000000010002000400060008000A000F
:10963C000C001000200040008000000137000000EA
:10964C00232D302B2000686C4C006566674546471F
:10965C0000303132333435363738394142434445A2
:10966C004600303132333435363738396162636411
:04967C00656600001F
:08968000606CFF7F0100000097
:08968800E9030008950B00083E
:04969000C10300080A
:10969400000000000090D0030090D00310000000F0
:1096A40001000000AAAAAAAA00000000030000000A
:1096B40010070120280000200000000010070120EE
:1096C40078070120E00701200000000000000000EE
:1096D4000000000000000000000000000000000086
:1096E4000000000000000000000000000000000076
:1096F4000000000000000000000000000000000066
:049704000000000061
:0400000508000CA53E
:00000001FF
