:0200000470008A
:100000000000012071160070C1160070651A0070A2
:10001000791A00707F1A0070851A007000000000C5
:1000200000000000000000000000000065A8007053
:10003000C11600700000000091A9007061190070E5
:10004000C116007000000000C1160070C1160070DB
:10005000C1160070C1160070000000000000000012
:10006000C1160070C1160070C116007000000000BB
:1000700000000000C1160070000000000000000039
:10008000C1160070C1160070C1160070C116007054
:10009000C1160070C1160070C1160070C116007044
:1000A000C1160070C1160070C1160070C116007034
:1000B000C1160070C1160070C1160070C116007024
:1000C000C1160070C1160070C1160070C116007014
:1000D000C1160070C1160070C1160070C116007004
:1000E000C1160070C1160070C1160070C1160070F4
:1000F000C1160070C1160070C1160070C1160070E4
:10010000C1160070C1160070C1160070C1160070D3
:10011000C1160070C1160070C1160070C1160070C3
:10012000C1160070C1160070C1160070C1160070B3
:10013000C1160070C1160070C1160070C1160070A3
:10014000C1160070C1160070C1160070C116007093
:10015000C1160070C1160070C1160070C116007083
:10016000C1160070C1160070C1160070C116007073
:10017000C1160070C1160070C1160070C116007063
:10018000C1160070C1160070C1160070C116007053
:10019000C1160070C1160070C1160070C116007043
:1001A000C1160070C1160070C1160070C116007033
:1001B000951C0070C1160070C1160070C116007049
:1001C0000000000000000000C1160070C1160070A1
:1001D000C1160070C1160070C1160070C116007003
:1001E000C1160070C1160070C1160070C1160070F3
:1001F000C1160070C1160070000000000000000071
:10020000C1160070C1160070C1160070C1160070D2
:10021000C1160070C1160070C1160070C1160070C2
:10022000C1160070C1160070C1160070C1160070B2
:10023000C1160070C1160070C1160070C1160070A2
:10024000C1160070C1160070C1160070C116007092
:10025000C1160070C1160070C1160070C116007082
:10026000C1160070C1160070C1160070C116007072
:10027000C1160070C1160070C1160070C116007062
:10028000C1160070C1160070C1160070C116007052
:10029000C116007000000000000000000000000017
:1002A000C1160070C1160070C1160070C116007032
:1002B00053B94AB9002908BF00281CBF4FF0FF31CD
:1002C0004FF0FF3000F00CB8ADF1080C6DE904CE32
:1002D00011F006FCDDF804E0DDE9022304B070470C
:1002E000704700BF00000000000000000000000098
:1002F00001F0FF01102A2BDB10F0070F08D010F8D7
:10030000013B013A8B422DD010F0070F42B3F6D1DA
:10031000F0B441EA012141EA014122F007047FF0F3
:1003200000070023F0E80256083C85EA010586EA4A
:10033000010685FA47F5A3FA87F586FA47F6A5FA86
:1003400087F68EB9EED1F0BC01F0FF0102F0070292
:1003500032B110F8013B013A83EA010313B1F8D13D
:100360000020704701387047002D06BF354603381E
:10037000073815F0010F07D1013015F4807F02BF57
:10038000013015F4C03F0130F0BC0138704700BFA8
:100390000348044B834202D0034B03B11847704714
:1003A0009000002490000024000000000548064B47
:1003B0001B1AD90F01EBA301491002D0034B03B163
:1003C00018477047900000249000002400000000AF
:1003D00010B5064C237843B9FFF7DAFF044B13B18D
:1003E0000448AFF300800123237010BD9000002467
:1003F000000000006433017008B5054B1BB10549CE
:100400000548AFF30080BDE80840FFF7CFBF00BF4D
:1004100000000000940000246433017080B483B0B5
:1004200000AF7860044A7B68136000BF0C37BD469C
:100430005DF8047B704700BFAC00002480B584B039
:1004400000AFF860B9607A60094B1B68002B09D0D7
:10045000074B1B681B6808331B68054A10687A68DD
:10046000B96898477B6818461037BD4680BD00BF05
:10047000AC00002490B482B000AF04460846114698
:100480001A462346FB710346BB710B467B7113462C
:100490003B71FA79BB791B021A437B791B041A431F
:1004A0003B791B06134318460837BD4690BC70477E
:1004B00080B483B000AF7860044A7B681A607B68C0
:1004C00018460C37BD465DF8047B7047BC3C017094
:1004D00080B582B000AF78607868FFF7E9FF04214B
:1004E000786811F0EAFA7B6818460837BD4680BD87
:1004F00080B582B000AF7860054A7B681A607B687F
:100500001846FFF7D5FF7B6818460837BD4680BD03
:10051000E43C017080B582B000AF78607868FFF786
:10052000E7FF0C21786811F0C8FA7B681846083795
:10053000BD4680BD80B483B000AF7860044A7B685C
:100540001A607B6818460C37BD465DF8047B70471F
:10055000983C017080B582B000AF78607868FFF792
:10056000E9FF0421786811F0A8FA7B68184608377B
:10057000BD4680BD80B582B000AF7860054A7B681B
:100580001A607B681846FFF7D5FF7B681846083766
:10059000BD4680BD003E017080B582B000AF78607E
:1005A0007868FFF7E7FF0C21786811F086FA7B681E
:1005B00018460837BD4680BD80B582B000AF786070
:1005C000054A7B681A607B681846FFF771FF7B68F5
:1005D00018460837BD4680BDD03C017080B582B05A
:1005E00000AF78607868FFF7E7FF6021786811F066
:1005F00064FA7B6818460837BD4680BD80B582B076
:1006000002AF00F03DFD00F0CBFD03461846FFF7BA
:1006100005FF9D4811F0FEFD9C4B1B68BFF35B8FEF
:1006200003F00103002B0CBF01230023DBB2002BDE
:1006300012D0964811F043FA0346002B14BF012351
:100640000023DBB2002B07D000F0B4FD0346904A34
:1006500013608E4811F03FFA8E4B1B68BFF35B8F1F
:1006600003F00103002B0CBF01230023DBB2002B9E
:100670001AD0884811F023FA0346002B14BF012337
:100680000023DBB2002B0FD0814B1B684FF4FA72B2
:100690001946814800F00AFC804A81497E4811F0E1
:1006A00007FA7C4811F017FA7E4B1B68BFF35B8F8B
:1006B00003F00103002B0CBF01230023DBB2002B4E
:1006C0001BD0784811F0FBF90346002B14BF01231F
:1006D0000023DBB2002B10D0032300934FF4807370
:1006E000714A6D49714802F055FA6C4A70496F4879
:1006F00011F0DEF96B4811F0EEF96E4B1B68BFF399
:100700005B8F03F00103002B0CBF01230023DBB23E
:10071000002B16D0674811F0D2F90346002B14BF06
:1007200001230023DBB2002B0BD00021624802F032
:100730008FF85A4A6149604811F0BAF95D4811F0E2
:10074000CAF95F4B1B68BFF35B8F03F00103002BFB
:100750000CBF01230023DBB2002B17D0584811F047
:10076000AEF90346002B14BF01230023DBB2002B9C
:100770000CD0514A5349544801F0C6FB474A5349EB
:10078000514811F095F94E4811F0A5F9504B02224D
:100790001A706F230122A821C020FFF76BFE0346C9
:1007A0004B4A53600023FF22FF21FF20FFF762FE28
:1007B0000346474A936001230122A821C020FFF786
:1007C00059FE0346424AD360414B42F210721A610D
:1007D0003F4B404A5A61404B1B68BFF35B8F03F0AD
:1007E0000103002B0CBF01230023DBB2002B17D029
:1007F000394811F064F90346002B14BF012300238C
:10080000DBB2002B0CD0324A2F49344800F014F9E7
:10081000224A3349314811F04BF92F4811F05BF966
:10082000304B1B68BFF35B8F03F00103002B0CBF41
:1008300001230023DBB2002B1BD02A4811F03FF923
:100840000346002B14BF01230023DBB2002B10D082
:10085000042300934FF48063234A2049234802F085
:1008600099F90E4A1249214811F022F91D4811F058
:1008700032F90E4802F0DEF91C4802F0DBF908F00C
:10088000BDF800BFFDE700BF8C330170B400002449
:10089000B0000024C4000024B8000024000000249C
:1008A000F1040070E0000024A4330170C8000024AB
:1008B000DD2B0070F0000024E400002475050070BA
:1008C000C8010024843C0170F4000024651F0070FE
:1008D000040000247C3301702C020024CC0100248D
:1008E000B905007048020024B033017030020024C2
:1008F00080B483B000AF78607B68243318460C372F
:10090000BD465DF8047B704780B483B000AF78606B
:100910007B68083318460C37BD465DF8047B70478A
:1009200080B584B000AF7860054811F073FC7B6837
:10093000FB60F86800F08CF900BF1037BD4680BD41
:10094000BC33017080B584B000AF7860114811F0FD
:1009500061FC7B68FB60F868FFF7CAFF0346184636
:100960000EF088F8F868FFF7CFFF03461B78002BDE
:1009700014BF01230023DBB2002B06D0F868FFF779
:10098000B7FF034618460FF04FF900BF1037BD46BA
:1009900080BD00BF0034017080B584B000AF7860C6
:1009A000134811F037FC7B68FB60F868FFF7A0FF85
:1009B000034618460EF042F8F868FFF7A5FF034615
:1009C0001B78002B0CBF01230023DBB2002B03D0CC
:1009D000F86800F03DF906E0F868FFF789FF034684
:1009E00018460EF0CFFF00BF1037BD4680BD00BFD8
:1009F0004034017080B584B000AF7860054811F0D4
:100A000009FC7B68FB60F86800F0BAF800BF10379B
:100A1000BD4680BD7C34017080B483B000AF786087
:100A2000044A7B681A607B6818460C37BD465DF83F
:100A3000047B7047BC3C0170B0B584B000AFF86077
:100A4000B9607A60FB681846FFF7E6FF104AFB685A
:100A50001A60FB68BA685A60FB687A6803F1080498
:100A600015460FCD0FC495E8030084E80300FB682A
:100A7000002283F82020FB68BA689A657B685A696F
:100A8000FB68DA65FB6818461037BD46B0BD00BF8D
:100A9000D03C017080B582B000AF78602F4811F073
:100AA000B9FB7B685B681B6808331B687A6852680F
:100AB00010469847034683F00103DBB2002B06D0B3
:100AC000274811F0A7FB002007F084FD42E07B6877
:100AD0005B681B6824331B687A6852681046984725
:100AE000034619461F4811F025FB1F4811F022FB51
:100AF00002E01E4811F01EFB7B685B681B680C332C
:100B00001B687A6852684FF47A711046984703461A
:100B100083F00103DBB2002BEBD1154811F07AFB17
:100B2000144811F077FB7968134810F0EDF802E0F3
:100B30000A2007F0C3FD7B6893F82030DBB283F016
:100B40000103DBB2002BF3D10C4811F063FB786892
:100B500000F0DCF80837BD4680BD00BFC43401702A
:100B6000E034017018350170403501706435017052
:100B70006C3501708C350170F5090070BC35017061
:100B8000B0B58AB004AF78602C4811F043FB7B68A5
:100B90001B7A002B09D17B68DB687B617B681B6952
:100BA0003B617B685B69FB6005E000237B610023A0
:100BB0003B610023FB607B6803F158027B681A6489
:100BC0007B6803F124007B68583307F10C0407F1BC
:100BD000100207F114011A4D02951A4D0195009368
:100BE00023460DF089FE7B68243318460DF00EFF76
:100BF0007B68243318460DF021FF7B6824331846A8
:100C00000DF00AFF7B681B7A002B03D1786800F097
:100C10001FF807E00C4811F0FDFA7B6824331846F2
:100C20000EF0B0FE7B68012283F82020074811F007
:100C3000F1FA00BF1837BD46B0BD00BFF4350170F2
:100C4000450C0170010F017030360170543601708F
:100C500080B588B002AF78607B68DB687B617B68B9
:100C60001B693B617B685B69FB607B6803F1240067
:100C700007F10C0307F1100207F114010DF010FE4B
:100C80007B68DB68D9B27B68DB681B0ADAB27B68F9
:100C9000DB681B0CD8B27B68DB681B0E0093034635
:100CA000034811F047FA00BF1837BD4680BD00BFAA
:100CB0008C36017080B584B000AF78603960002355
:100CC000FB6019E07B682433184610F063F97B68F9
:100CD000243318460EF0E6FD0346002B14BF012313
:100CE0000023DBB2002B01D001230AE00A2007F029
:100CF000E5FCFB680A33FB60FA683B689A42E1D383
:100D0000002318461037BD4680BD000080B586B070
:100D100000AF78607B681B7A022B2ED17B689B69C1
:100D20001946594811F006FA7B689B69194678689C
:100D3000FFF7C0FF034683F00103DBB2002B12D0A4
:100D4000524811F067FA796851480FF089FF38610D
:100D50003B69002B03D039694E4811F0EBF9642050
:100D600007F0ACFC09E07B68283318460FF02EFD35
:100D700003461946484811F0DDF90023FB750123AD
:100D8000BB757B682433184610F004F97B681B7A26
:100D9000012B1ED1FB7D83F00103DBB2002B18D0A9
:100DA0007B68243318460EF07DFD0346002B14BFEC
:100DB00001230023DBB2002B0BD07B6828331846BD
:100DC0000FF004FD03461946334811F0B3F901232F
:100DD000FB757B685B681B6810331B687A68526818
:100DE000104698470346FB73BB7D002B10D0FB7B5E
:100DF00083F00103DBB2002B0AD0284811F00AFA75
:100E0000796827480FF02CFF0023FB750023BB7582
:100E1000BB7D83F00103DBB2002B30D0FB7B002BCA
:100E20002DD0204811F0F6F979681F480FF018FF0F
:100E30007B681B7A022B20D17B689B6919467868F6
:100E4000FFF738FF034683F00103DBB2002B0AD023
:100E50000E4811F0DFF979680D480FF001FF6420AA
:100E600007F02CFC09E07B68283318460FF0AEFC35
:100E700003461946084811F05DF90123BB750A20A5
:100E800007F01CFC7DE700BFB8360170F03601703A
:100E9000210900703037017070370170943701708C
:100EA00045090070B43701709909007080B584B0AD
:100EB00000AFF860B9607A60FB681846FFF7ACFDD8
:100EC000064AFB681A60FB68BA685A60FB687A6871
:100ED0009A60FB6818461037BD4680BDE43C01703F
:100EE00080B584B000AF78600023FB737B685B68DB
:100EF0001B6810331B687A68526810469847FB7B62
:100F000083F00103FB73FB7B002B04D04FF47A705A
:100F100001F0EEFEEAE74FF47A6001F0E9FEE5E762
:100F200080B400AF00BFBD465DF8047B704780B55C
:100F300086B000AF3B1D00221A605A609A60DA60EA
:100F400002F030F90023FB7506E0FB7D184602F045
:100F500047F9FB7D0133FB75FB7D0F2BF5D9012391
:100F60003B7100237B710023BB601F233B738723EE
:100F70007B730023BB730023FB7301233B740023AB
:100F80007B740023BB740023FB743B1D184602F0E6
:100F90003DF901237B714FF0E043BB601A233B73A3
:100FA00000237B730123BB730323FB7300233B7478
:100FB00000237B740123BB740123FB743B1D184683
:100FC00002F024F902237B714FF04053BB600E23E3
:100FD0003B7300237B730023BB730323FB73012349
:100FE0003B7400237B740023BB740023FB743B1D04
:100FF000184602F00BF9042002F0B2F800BF1837CF
:10100000BD4680BD80B588B000AF1B4BD3F84831DA
:10101000194A43F48023C2F84831174BD3F84831BA
:10102000BB60BB68144BD3F84031134A43F008034C
:10103000C2F84031104BD3F840317B607B6807F138
:101040000C0300221A605A609A60DA601A614FF449
:101050004073FB6002233B6100237B610023BB6183
:101060000723FB6107F10C031946044803F0CEFE89
:1010700000BF2037BD4680BD00440258000C025816
:1010800080B584B000AFFFF752FF434B5B6903F4B8
:101090000033002B14BF01230023DBB2002B1BD134
:1010A000BFF34F8F00BFBFF36F8F00BF3A4B0022DB
:1010B000C3F85022BFF34F8F00BFBFF36F8F00BF45
:1010C000354B5B69344A43F400335361BFF34F8FB0
:1010D00000BFBFF36F8F00E000BF2F4B5B6903F4CD
:1010E0008033002B14BF01230023DBB2002B42D13D
:1010F000294B0022C3F88420BFF34F8F00BF264B3B
:10110000D3F88030FB60FB685B0BC3F30E03BB605E
:10111000FB68DB08C3F309037B60BB685A0143F635
:10112000E07313407A6892071B491343C1F8603299
:101130007B685A1E7A60002B14BF01230023DBB2A8
:10114000002BEAD1BB685A1EBA60002B14BF0123E2
:101150000023DBB2002BDBD1BFF34F8F00BF0E4B60
:101160005B690D4A43F480335361BFF34F8F00BF77
:10117000BFF36F8F00E000BF01F001FEFFF7D0FE6C
:1011800000F0B6FAFFF73EFF044800F03DFD00BF57
:101190001037BD4680BD00BF00ED00E04C020024CA
:1011A00080B400AF024B1846BD465DF8047B704723
:1011B0004C02002480B586B000AF134BD3F8403109
:1011C000114A43F00803C2F840310F4BD3F84031C5
:1011D0003B603B683B1D00221A605A609A60DA60EF
:1011E0001A614FF480637B600123BB600023FB60C6
:1011F00000233B613B1D1946044803F007FE044BE6
:1012000018461837BD4680BD00440258000C0258ED
:10121000E402002480B483B000AF7860044A7B68A5
:101220001A607B6818460C37BD465DF8047B704732
:10123000F83C017080B582B000AF78607868FFF745
:10124000E9FF0421786810F038FC7B6818460837FD
:10125000BD4680BD80B582B000AF7860054A7B682E
:101260001A607B681846FFF7D5FF7B681846083779
:10127000BD4680BD503D017080B582B000AF786042
:101280007868FFF7E7FF9821786810F016FC7B6814
:1012900018460837BD4680BD80B483B000AF786083
:1012A000044A7B681A607B6818460C37BD465DF8B7
:1012B000047B7047103D017080B582B000AF78604C
:1012C0007868FFF7E9FF0421786810F0F6FB7B6887
:1012D00018460837BD4680BD80B582B000AF786043
:1012E000054A7B681A607B681846FFF7D5FF7B6864
:1012F00018460837BD4680BD303D017080B582B0CC
:1013000000AF78607868FFF7E7FF0C21786810F08D
:10131000D4FB7B6818460837BD4680BD80B500AF5A
:101320004FF4E1320A490B4800F032FC0A4A0B49FB
:10133000084810F0BDFB4FF480620949094800F0ED
:10134000B5FB054A0849074810F0B2FB00BF80BD55
:10135000004800404C020024000000245512007098
:10136000000C0258E4020024D912007080B500AFCE
:10137000FFF7D4FF80BD80B400AF00BFBD465DF86D
:10138000047B704780B5DAB000AF07F5B473A3F5FE
:10139000B273186007F5B473A3F5B2731B681B68CA
:1013A0008A4A934240F00C8107F5AA7300221A6022
:1013B0005A609A60DA601A6107F5B473A3F5B073E6
:1013C000184690231A46002111F06AF807F1980395
:1013D0009C220021184611F063F80023C7F89830CA
:1013E0000223C7F80C310023C7F810310423C7F8D3
:1013F00014311923C7F818310223C7F81C3102230E
:10140000C7F820310223C7F824310823C7F8283150
:101410000223C7F82C310023C7F8303107F19803B5
:10142000184603F061FF07F5B473A3F5B0714FF4EC
:10143000C0724FF00003C1E9002307F5B473A3F5B0
:10144000B07300225A6207F5B473A3F5B0734FF47A
:1014500080229A6207F10803184604F0EFFE5C4B05
:10146000D3F838315A4A43F40043C2F83831584B64
:10147000D3F83831C7F85031D7F85031544BD3F83E
:101480003831534A43F48033C2F83831504BD3F8E3
:101490003831C7F84C31D7F84C314D4BD3F838318F
:1014A0004B4A43F40033C2F83831494BD3F8383152
:1014B000C7F84831D7F84831454BD3F84031444A52
:1014C00043F00103C2F84031414BD3F84031C7F833
:1014D0004431D7F844313E4BD3F840313C4A43F0D5
:1014E0000203C2F840313A4BD3F84031C7F84031DB
:1014F000D7F84031364BD3F84031354A43F0080332
:10150000C2F84031324BD3F84031C7F83C31D7F8FC
:101510003C312F4BD3F840312D4A43F04003C2F801
:1015200040312B4BD3F84031C7F83831D7F8383138
:10153000274BD3F85431264A43F00203C2F8543102
:10154000234BD3F85431C7F83431D7F83431102352
:10155000C7F854310223C7F858310023C7F85C316B
:101560000223C7F860310B23C7F8643107F5AA736B
:101570001946184803F04AFC4023C7F8543107F5D0
:10158000AA731946144803F041FC43F67003C7F8E8
:10159000543107F5AA731946104803F037FC842329
:1015A000C7F8543107F5AA7319460D4803F02EFC0D
:1015B000002205215C2001F090FD5C2001F0A7FDD8
:1015C00000BF07F5B477BD4680BD00BF0080024074
:1015D00000440258000C0258000402580018025837
:1015E0000000025880B582B000AF78607B681B684D
:1015F000194A93422BD1194BD3F83831174A23F4A7
:101600000043C2F83831154BD3F83831134A23F46C
:101610008033C2F83831114BD3F838310F4A23F4F4
:101620000033C2F8383110210D4803F04FFD40213E
:101630000C4803F04BFD43F670010B4803F046FDE8
:1016400084210A4803F042FD5C2001F06EFD00BFDA
:101650000837BD4680BD00BF0080024000440258EC
:10166000000C0258000402580018025800000258EA
:101670000D48854600F026F80C480D490D4A002318
:1016800002E0D458C4500433C4188C42F9D30A4A37
:101690000A4C002301E013600432A242FBD310F095
:1016A0005DFFFEF7ABFFFEE7000001200000002415
:1016B00090000024205F017090000024E43C01248D
:1016C000FEE7000080B400AF074B084A9A60064B63
:1016D000D3F88830044A43F47003C2F8883000BF5E
:1016E000BD465DF8047B704700ED00E0000000702F
:1016F00080B489B000AF924B1B6903F03803182BFC
:1017000000F2FB8001A252F823F000BF71170070B5
:10171000FB180070FB180070FB180070FB180070BD
:10172000FB180070FB180070FB1800708517007024
:10173000FB180070FB180070FB180070FB1800709D
:10174000FB180070FB180070FB1800708B170070FE
:10175000FB180070FB180070FB180070FB1800707D
:10176000FB180070FB180070FB18007091170070D8
:10177000734B1B68DB0803F00303724A22FA03F37E
:10178000FB61C4E0704BFB61C1E0704BFB61BEE0EC
:101790006B4B9B6A03F003033B61694B9B6A1B091C
:1017A00003F03F03FB60664BDB6A03F00103002B91
:1017B0000BD0634B5B6BDB08C3F30C0307EE903A73
:1017C000F8EE677AC7ED067A02E04FF00003BB61DE
:1017D000FB68002B00F08E803B69012B24D03B6915
:1017E000022B43D1FB6807EE903AF8EE677ADFED03
:1017F000586A86EEA77A524B1B6BC3F3080307EEB9
:10180000903AF8EE676A97ED066ADFED525AC6EE37
:10181000257A76EEA77AF7EE006A77EEA67A67EE7B
:10182000277AC7ED057A4FE0FB6807EE903AF8EEAD
:10183000677ADFED496A86EEA77A414B1B6BC3F3EB
:10184000080307EE903AF8EE676A97ED066ADFED57
:10185000415AC6EE257A76EEA77AF7EE006A77EE61
:10186000A67A67EE277AC7ED057A2DE0344B1B6820
:10187000DB0803F00303334A22FA03F3BB60BB68BF
:1018800007EE903AF8EE676AFB6807EE903AF8EEDA
:10189000677A86EEA77A2A4B1B6BC3F3080307EE21
:1018A000903AF8EE676A97ED066ADFED2A5AC6EEBF
:1018B000257A76EEA77AF7EE006A77EEA67A67EEDB
:1018C000277AC7ED057A00BF1D4B1B6B5B0A03F03F
:1018D0007F0301337B607B6807EE903AB8EE677A4E
:1018E000D7ED056AC6EE877AFCEEE77A17EE903AF6
:1018F000FB610CE00023FB6109E0114B1B68DB0876
:1019000003F003030F4A22FA03F3FB6100BF0C4B01
:101910009B6903F00F033B603B68072B07D93B68CB
:10192000073BFA6922FA03F30C4A136002E00B4A00
:10193000FB69136000BF2437BD465DF8047B704728
:10194000004402580090D00300093D0000366E01AB
:10195000001BB74B000000460024744A1C00002402
:1019600080B500AF01F060FA07F01AFD0346012BC5
:1019700014BF01230023DBB2002B01D009F03CF897
:1019800000BF80BD80B58AB000AF78607B681B68FF
:101990007B627B685B683B627B689B68FB617B6802
:1019A000DB68BB617B681B697B617B685B693B6152
:1019B0007B689B69FB607B68DB69BB601C4810F03F
:1019C00029FC1C4810F026FCF9681B4810F0B2FBFB
:1019D00039691A4810F0AEFB3A6A796A184810F073
:1019E000A9FBBA69F969174810F0A4FBBA687969CC
:1019F000154810F09FFB154B9B6A1946144810F0D0
:101A000099FB124BDB6A1946124810F093FB0F4BFF
:101A10005B6B1946104810F08DFB0C4B9B6B194605
:101A20000E4810F087FB0E4810F0F4FB00BFFDE7F6
:101A3000D8370170043801702038017030380170D7
:101A400040380170603801708038017000ED00E0AE
:101A5000A0380170B8380170D0380170E8380170D2
:101A6000003901701EF0040F0CBFEFF30880EFF394
:101A70000980FFF787BF00BFFFF7F4FF00BFFFF744
:101A8000F1FF00BFFFF7EEFF00BF000080B483B09E
:101A900000AF7860044A7B681A607B6818460C3790
:101AA000BD465DF8047B7047103D017080B584B081
:101AB00000AFF860B9601346FB80FB681846FFF77B
:101AC000E5FF074AFB681A60FB68BA685A60FB6862
:101AD000FA881A81FB6818461037BD4680BD00BFE2
:101AE000303D017080B582B000AF78607B68586887
:101AF0007B681B890122194603F0C4FB00BF08372D
:101B0000BD4680BD80B582B000AF78607B68586804
:101B10007B681B890022194603F0B4FB00BF08371D
:101B2000BD4680BD80B582B000AF78607B685A68E2
:101B30007B681B891946104603F0BCFB00BF0837C1
:101B4000BD4680BD80B582B000AF78607B685A68C2
:101B50007B681B891946104603F07CFB0346012B6A
:101B60000CBF01230023DBB218460837BD4680BDF9
:101B700080B483B000AF7860044A7B681A607B68E9
:101B800018460C37BD465DF8047B7047F83C017081
:101B900080B584B000AFF860B9607A60FB68184621
:101BA000FFF7E6FF174AFB681A60FB6804339422CC
:101BB0000021184610F074FCFB68BA685A60FB6894
:101BC0007A689A60FB680022DA60FB6800221A617A
:101BD000FB6800225A61FB680C229A61FB680022B4
:101BE000DA61FB6800221A62FB6800225A62FB6815
:101BF00000229A62FB680022DA62FB6818461037FE
:101C0000BD4680BD503D017080B582B000AF7860A8
:101C10007B680433184605F003FC0346002B0CBF19
:101C200001230023DBB218460837BD4680BD80B5CE
:101C300084B000AFF860B9607A60FB68181D7B68FB
:101C40009AB24FF0FF33B96805F044FC0346002B0D
:101C50000CBF01230023DBB218461037BD4680BD00
:101C600080B584B000AFF860B9607A60FB68181D79
:101C70007B689AB24FF0FF33B96805F0C4FC0346A5
:101C8000002B0CBF01230023DBB218461037BD46E2
:101C900080BD000080B500AF0C4B1B68002B12D03C
:101CA0000A4B1B68184601F053FE084B1B681B6863
:101CB000064A1268126803F58053D3F8603102F5C2
:101CC0008052C2F8603100BF80BD00BFF002002426
:101CD00080B483B000AF786000BF0C37BD465DF8BC
:101CE000047B704780B483B000AF786000BF0C37CE
:101CF000BD465DF8047B704780B483B000AF786068
:101D000000BF0C37BD465DF8047B704780B483B0DC
:101D100000AF78600B4B1B6840F2DC5202FB03F310
:101D2000094A1A447B681A60064B1B68013303F0AA
:101D30000303044A136000BF0C37BD465DF8047B03
:101D4000704700BFF40200246000003080B58CB002
:101D500000AFF860B9607A607B807B887A68FA614E
:101D6000BB61BB69002B1DDDFB6903F01F02BB6972
:101D700013447B61FB693B61BFF34F8F00BF284A6F
:101D80003B69C2F85C323B6920333B617B69203B95
:101D90007B617B69002BF2DCBFF34F8F00BFBFF389
:101DA0006F8F00BF00BF7B884FF4C17219460020BF
:101DB00009F030F9B862BB6A002B05D07B881A465F
:101DC0007968B86A09F04AFBFB687B62BB683B62D2
:101DD000BB6A002B20D07B6A1B68002B03D17B6A77
:101DE000BA6A1A6003E03B6A1B68BA6A1A603B6A07
:101DF000BA6A1A607B6A1B68FB6209E0FB6A1A898F
:101E00007B8813449AB2FB6A1A81FB6A1B68FB62E7
:101E1000FB6A002BF2D100E000BF3037BD4680BD29
:101E200000ED00E080B483B000AF7860044A7B68C6
:101E30001A607B6818460C37BD465DF8047B704716
:101E4000B43D017080B483B000AF7860044A7B6811
:101E50001A607B6818460C37BD465DF8047B7047F6
:101E6000B43D017080B582B000AF78607868FFF74C
:101E7000E9FF042178680FF020FE7B6818460837D8
:101E8000BD4680BD80B483B000AF7860044A7B68F3
:101E90001A607B6818460C37BD465DF8047B7047B6
:101EA0009C3D017080B582B000AF78607868FFF724
:101EB000E9FF042178680FF000FE7B6818460837B8
:101EC000BD4680BD80B582B000AF7860054A7B68B2
:101ED0001A607B681846FFF7D5FF7B6818460837FD
:101EE000BD4680BDE83D017080B582B000AF78602E
:101EF0007868FFF7E7FF082178680FF0DEFD7B6860
:101F000018460837BD4680BD80B584B000AFF86084
:101F1000B9607A60FB681846FFF784FF104AFB68D7
:101F20001A60FB68BA68043307CA83E80700FB68D5
:101F30007A681A61FB6803F1C402FB68143319461E
:101F4000104600F01BFCFB680022C3F8CC20FB68A5
:101F50000022C3F8D020FB6818461037BD4680BD6C
:101F6000683D017080B582B000AF78600A4A7B6836
:101F70001A607B681433184601F08AFA7B68C43310
:101F80001846FFF79FFF7B681846FFF75BFF7B68EB
:101F900018460837BD4680BD683D017080B582B0E7
:101FA00000AF78607868FFF7DDFFD42178680FF024
:101FB00084FD7B6818460837BD4680BD80B58AB071
:101FC00000AF7860714BD3F83C31704A43F0005356
:101FD000C2F83C316D4BD3F83C31FB60FB686C4B75
:101FE0000022C3F88420BFF34F8F00BF684BD3F8A3
:101FF0008030BB61BB695B0BC3F30E037B61BB69C4
:10200000DB08C3F309033B617B695A0143F6E073C4
:1020100013403A6992075E491343C1F874323B6931
:102020005A1E3A61002B14BF01230023DBB2002BA0
:10203000EAD17B695A1E7A61002B14BF0123002369
:10204000DBB2002BDBD1BFF34F8F00BFBFF36F8F2D
:1020500000BF00BFBFF34F8F00BFBFF36F8F00BF44
:102060007B681433B0220021184610F019FA7B68FF
:10207000484A5A617B681A1D7B689A617B68DB68F5
:10208000DAB27B681A777B68434A1A627B68434AF4
:102090005A627B6840F2DC529A627B681433404A91
:1020A00013603B4B0022C3F88420BFF34F8F00BF67
:1020B000374BD3F880307B627B6A5B0BC3F30E0334
:1020C0003B627B6ADB08C3F30903FB613B6A5A018D
:1020D00043F6E0731340FA6992072D491343C1F8A0
:1020E0007432FB695A1EFA61002B14BF01230023CE
:1020F000DBB2002BEAD13B6A5A1E3A62002B14BFB6
:1021000001230023DBB2002BDBD1BFF34F8F00BFD5
:10211000BFF36F8F00BF00BF7B681433184601F018
:10212000BBF80346002B14BF01230023DBB2002BB6
:1021300004D01C4810F06EF8002322E05C2000F070
:10214000F4FF7B681B691B6808331B687A68106999
:102150007A68C432114698477B681B691B680C3348
:102160001B687A68126910469847034683F001039A
:10217000DBB2002B04D00C4810F04CF8002300E038
:10218000012318462837BD4680BD00BF00440258D1
:1021900000ED00E000800240E01700300000003059
:1021A000F00200245C3901707C39017080B5A6B062
:1021B00000AF7860396000F04BFEC7F890009DE0FA
:1021C0007B681B691B6810331B687A6812691046AC
:1021D00098470346002B00F08E807B681B691B68C4
:1021E00018331B687A68106907F1800207F18401CF
:1021F0009847D7F88430012B02D14FF4804300E098
:102200000023C7F88C30D7F88030012B02D14FF46F
:10221000005300E00023C7F888307B68143307F1CF
:1022200008021146184601F04FFD0346002B0CBF73
:1022300001230023DBB2002B0DD0D7F88C30FB61DB
:10224000D7F888303B627B68143307F108021146E7
:10225000184601F00DFF33480FF0DCFF0023C7F8EC
:1022600094301FE00023FB667B6803F11400D7F86D
:10227000942007F16C03002101F07DFC0346002B44
:102280000CBF01230023DBB2002B06D0FB6E1A46E5
:10229000D7F8941024480FF04DFFD7F8943001334D
:1022A000C7F89430D7F894301F2BDBDD1F480FF0B0
:1022B000B1FF7B681433184601F0FEF87B681433D5
:1022C00007F170021146184601F088FF0346002B03
:1022D0000CBF01230023DBB2002B0AD0012387F8B7
:1022E00070307B68143307F170021146184601F014
:1022F00029FF012312E00A2000F0B6FD00F0A8FD3E
:102300000246D7F89030D31A3A689A428CBF01231C
:102310000023DBB2002B7FF453AF0023184698371D
:10232000BD4680BD98390170BC390170DC3901703F
:1023300080B582B000AF78607B681B691B68103382
:102340001B687A6812691046984703461846083792
:10235000BD4680BD80B582B000AF78607B681B69E8
:102360001B6814331B687A68126910469847034645
:1023700018460837BD4680BD80B485B000AFF86010
:10238000B9607A60FB68BA68C3F8CC20FB687A68E9
:10239000C3F8D02000BF1437BD465DF8047B7047FA
:1023A00080B5A0B000AFF860B9601346FB80FB8831
:1023B00040F2DC52934202D8BB68002B01D10023CB
:1023C000A8E0564B1B6840F2DC5202FB03F3544A70
:1023D0001344FB67514B1B68013303F003034F4A5F
:1023E0001360FB881A46B968F86F10F0DEF8FB6FCF
:1023F00023F01F03BB67FA6FBB6FD21AFB8813442D
:102400001F3323F01F037B67BA6F7B6F3A66FB6550
:10241000FB6D002B1DDD3B6E03F01F02FB6D1344B3
:10242000BB653B6E7B65BFF34F8F00BF3D4A7B6D45
:10243000C2F868327B6D20337B65BB6D203BBB658A
:10244000BB6D002BF2DCBFF34F8F00BFBFF36F8F6C
:1024500000BF00BFFB6FBB64FB88FB6400233B65D0
:1024600007F1100338220021184610F019F8202334
:102470003B6100233B62FB887B6107F14803BB6142
:10248000294B3B676023FB66FB6E002B1DDD3B6F1A
:1024900003F01F02FB6E1344BB663B6F7B66BFF30A
:1024A0004F8F00BF1F4A7B6EC2F868327B6E2033AD
:1024B0007B66BB6E203BBB66BB6E002BF2DCBFF3C2
:1024C0004F8F00BFBFF36F8F00BF00BFFB8819465F
:1024D00016480FF02FFEFB68143307F11001642239
:1024E000184601F04BF80346002B14BF01230023CC
:1024F000DBB2002B0DD0FB68D3F89C10FB68D3F83F
:10250000A020FB68D3F8983009480FF013FE002391
:1025100000E0012318468037BD4680BDF802002444
:102520004018003000ED00E0E0170030003A017084
:102530001C3A017080B58CB000AF78600023FB605E
:102540003E4BFB626023BB62BB6A002B1DDDFB6A56
:1025500003F01F02BB6A13447B62FB6A3B62BFF35A
:102560004F8F00BF364A3B6AC2F85C323B6A203369
:102570003B627B6A203B7B627B6A002BF2DCBFF311
:102580004F8F00BFBFF36F8F00BF00BF41E0FB68FC
:10259000002B18D0FB681B8919462A480FF0CAFD8A
:1025A0007B68D3F8CC30002B09D07B68D3F8CC30D3
:1025B0007A68D2F8D020F9681046984703E0FB68A3
:1025C000184608F0DBFC1D4BFB616023BB61BB6957
:1025D000002B1DDDFB6903F01F02BB6913447B6107
:1025E000FB693B61BFF34F8F00BF154A3B69C2F8DF
:1025F0005C323B6920333B617B69203B7B617B69BB
:10260000002BF2DCBFF34F8F00BFBFF36F8F00BF13
:1026100000BF7B68143307F10C021146184601F025
:1026200044F80346002B0CBF01230023DBB2002B30
:10263000ADD100BF00BF3037BD4680BD00000030C7
:1026400000ED00E05C3A017080B485B000AF7860C6
:1026500039600023FB600BE0FB683A68134479683B
:10266000FA680A44043212781A70FB680133FB607E
:10267000FB68052BF0DD00BF00BF1437BD465DF8D9
:10268000047B704780B582B000AF786026480FF0B9
:10269000C1FD264BDB68194625480FF04BFD254A46
:1026A000224925480FF046FD7B685B691B68194687
:1026B00022480FF03FFD7B685B6903F58053D3F838
:1026C000603119461E480FF035FD7B685B69D3F811
:1026D000003719461B480FF02DFD7B685B69D3F866
:1026E0009437194618480FF025FD7B685B69D3F8CD
:1026F0009837194615480FF01DFD7B685B69D3F8C4
:10270000C437194612480FF015FD7B685B69D3F892
:10271000F83719460F480FF00DFD0F480FF07AFDFE
:1027200000BF0837BD4680BD783A01700000003018
:10273000983A017060000030B83A0170E03A0170D8
:10274000F83A0170103B0170283B0170483B017062
:10275000683B0170883B0170A83B017080B483B076
:1027600000AF7860044A7B681A607B6818460C37B3
:10277000BD465DF8047B70479C3D017080B582B01A
:1027800000AF786039607B681846FFF7E7FF054ABD
:102790007B681A607B683A685A607B68184608371D
:1027A000BD4680BDE83D017080B586B000AFF860E1
:1027B0007B600B46FB721346BB7200237B61FB6898
:1027C0005868F97ABA7A07F1140301F0D4F903468C
:1027D000002B14BF01230023DBB2002B01D0002308
:1027E00004E07B699AB27B681A8001231846183787
:1027F000BD4680BD80B582B000AF78600846114606
:102800001A460346FB700B46BB7013463B807B6841
:102810005868F978BA783B8801F002FA0346002B31
:102820000CBF01230023DBB218460837BD4680BD2C
:1028300080B483B000AF7860044A7B681A607B681C
:1028400018460C37BD465DF8047B7047983C017014
:1028500080B582B000AF78600B46FB707B6818468D
:10286000FFF7E6FF064A7B681A607B6800225A6021
:102870007B68FA781A727B6818460837BD4680BDB7
:10288000003E017080B483B000AF786039607B682F
:102890003A685A6000BF0C37BD465DF8047B70474C
:1028A00090B585B000AF78607B685B68002B01D184
:1028B000002369E000237B817B685B681B68083329
:1028C0001C687B6858687B68197A07F10A03002244
:1028D000A047034683F00103DBB2002B04D02C4851
:1028E0000FF098FC00234FE07A892A4B13439BB2E8
:1028F0007B817B685B681B680C331C687B6858684D
:102900007B68197A7B890022A04700F0A1FAF86061
:102910000A2000F0A9FA7B685B681B6808331C6812
:102920007B6858687B68197A07F10A030022A04780
:10293000034683F00103DBB2002B04D016480FF0EE
:1029400069FC002320E07B891BB2002B09DA00F030
:102950007FFA0246FB68D31AB3F5FA7F01D201234E
:1029600000E00023002BD3D17B891BB2002B04DABB
:102970000A480FF04FFC002306E07B681B7A1946DB
:1029800007480FF0D7FB012318461437BD4690BD0A
:10299000C83B01700080FFFFF03B0170183C0170E4
:1029A0003C3C017090B585B000AF78607B685B6897
:1029B000002B01D1002324E00023FB817B685B68AE
:1029C0001B6808331C687B6858687B68197A07F1B4
:1029D0000E030122A047034683F00103DBB2002B64
:1029E00001D000230DE0FB8903F00403002B06D087
:1029F000FB8903F02003002B01D0012300E000231A
:102A000000BF18461437BD4690BD90B585B000AFE5
:102A100078607B685B68002B02D14FF0FF3333E0B6
:102A20000023FB810023BB817B685B681B68083344
:102A30001C687B6858687B68197A07F10E030222CC
:102A4000A047034683F00103DBB2002B02D04FF016
:102A5000FF3319E07B685B681B6808331C687B6880
:102A600058687B68197A07F10C030322A0470346D4
:102A700083F00103DBB2002B02D04FF0FF3303E001
:102A8000FB891B04BA89134318461437BD4690BD11
:102A900090B587B000AFF860B9607A60FB685B689A
:102AA000002B01D1002341E00023BB82FB685B685F
:102AB0001B6808331C68FB685868FB68197A07F1C3
:102AC00014031F22A047034683F00103DBB2002B4F
:102AD00001D000232AE0BB8A03F01C03FB82FB8A9F
:102AE000182B06D0182B19DC082B09D0142B0ED06C
:102AF00014E0BB6801221A607B6801221A6014E0AE
:102B0000BB6801221A607B6800221A600DE0BB6876
:102B100000221A607B6801221A6006E0BB6800226E
:102B20001A607B6800221A6000BF012318461C3718
:102B3000BD4690BD80B483B000AF7860044A7B6826
:102B40001A607B6818460C37BD465DF8047B7047F9
:102B5000403E017080B483B000AF7860044A7B6867
:102B60001A607B6818460C37BD465DF8047B7047D9
:102B7000403E017080B582B000AF78607868FFF7A2
:102B8000E9FF042178680EF098FF7B681846083743
:102B9000BD4680BD80B584B000AFF860B9607A6092
:102BA0007B80FB681846FFF7C5FF0B4AFB681A607D
:102BB000FB68BA685A60FB6800229A60FB687A6812
:102BC000DA60FB687A881A82FB68BA695A61FB6826
:102BD00018461037BD4680BD243E017080B582B0D6
:102BE00000AF78600A4A7B681A607B689B68002B9C
:102BF00004D07B689B68184605F0ECFC7B6818469F
:102C0000FFF7A8FF7B6818460837BD4680BD00BFA8
:102C1000243E017080B582B000AF78607868FFF71D
:102C2000DDFF182178680EF048FF7B6818460837EA
:102C3000BD4680BD80B586B002AF78607B689B687A
:102C4000002B01D0002315E07B68D9687B68188AC7
:102C50007B685B697A680832019200937B68024660
:102C6000064805F094FBF860FB68012B0CBF0123BC
:102C70000023DBB218461037BD4680BDC52C00705E
:102C800080B582B000AF78607B689B68002B04D071
:102C90007B689B68184605F035FD00BF0837BD46C8
:102CA00080BD80B582B000AF78607B689B68002BE8
:102CB00004D07B689B68184605F0D0FD00BF08373C
:102CC000BD4680BD80B584B000AF78607B68FB6096
:102CD000FB685B681B6808331B68FA68526810461B
:102CE0009847002005F076FC00BF1037BD4680BD38
:102CF0002DE9B04F82B000AF7860796800200C46B3
:102D00000546204629464FF0000A4FF0000B4FEAD7
:102D1000411B4BEAD06B4FEA401A50465946021B02
:102D200061EB05034FF000004FF00001990041EA0C
:102D30009271900002460B4612EB040843EB050922
:102D40004FF000024FF000034FEAC90343EA587303
:102D50004FEAC80290469946404649464FF47A7277
:102D60004FF00003FDF7A4FA02460B46134618463F
:102D700005F0A4FC00BF0837BD46BDE8B08F80B5A4
:102D800082B000AF0023FB71032000F09BF90F20FD
:102D900000F00EF80346002B02D00123FB7101E086
:102DA000FEF7E9FAFB7918460837BD4680BD0000FA
:102DB00080B584B000AF78600023FB73174B1B789D
:102DC000002B23D0164B1A68144B1B7819464FF46E
:102DD0007A73B3FBF1F3B2FBF3F3184600F0B3F9E7
:102DE0000346002B0FD17B680F2B09D8002279688E
:102DF0004FF0FF3000F071F90A4A7B68136007E07A
:102E00000123FB7304E00123FB7301E00123FB7347
:102E1000FB7B18461037BD4680BD00BF2400002450
:102E20001C0000242000002480B400AF064B1B7857
:102E30001A46064B1B681344044A136000BFBD4684
:102E40005DF8047B704700BF24000024FC020024CE
:102E500080B400AF034B1B681846BD465DF8047B89
:102E6000704700BFFC02002480B584B000AF7860DA
:102E7000FFF7EEFFB8607B68FB60FB68B3F1FF3FD4
:102E800005D00A4B1B781A46FB681344FB6000BF51
:102E9000FFF7DEFF0246BB68D31AFA689A42F7D8FA
:102EA00000BF00BF1037BD4680BD00BF2400002416
:102EB00080B483B000AF7860074BD3F8003123F4BF
:102EC000600205497B681343C1F8003100BF0C372D
:102ED000BD465DF8047B70470004005880B485B09F
:102EE00000AF78607B6803F00703FB600B4BDB6887
:102EF000BB60BA684FF6FF031340BB60FB681A0261
:102F0000BB681A43064B1343BB60044ABB68D360DB
:102F100000BF1437BD465DF8047B704700ED00E04C
:102F20000000FA0580B400AF044BDB681B0A03F015
:102F300007031846BD465DF8047B704700ED00E0CE
:102F400080B483B000AF0346FB80B7F90630002B96
:102F50000BDBFB8803F01F020749B7F906305B095A
:102F6000012000FA02F241F8232000BF0C37BD46D1
:102F70005DF8047B704700BF00E100E080B483B0DF
:102F800000AF0346FB80B7F90630002B12DBFB884D
:102F900003F01F020A49B7F906305B09012000FA65
:102FA00002F2203341F82320BFF34F8F00BFBFF35D
:102FB0006F8F00BF00BF0C37BD465DF8047B7047C4
:102FC00000E100E080B483B000AF03463960FB80CD
:102FD000B7F90630002B0ADB3B68DAB20C49B7F9C7
:102FE00006301201D2B20B4483F800230AE03B689A
:102FF000DAB20849FB8803F00F03043B1201D2B296
:103000000B441A7600BF0C37BD465DF8047B704751
:1030100000E100E000ED00E080B489B000AFF860AE
:10302000B9607A60FB6803F00703FB61FB69C3F1D9
:103030000703042B28BF0423BB61FB690433062B61
:1030400002D9FB69033B00E000237B614FF0FF32B4
:10305000BB6902FA03F3DA43BB681A407B699A4002
:103060004FF0FF317B6901FA03F3D9437B680B40D2
:10307000134318462437BD465DF8047B70470000B3
:1030800080B582B000AF78607B68013BB3F1807F90
:1030900001D301230FE00A4A7B68013B53600F21F3
:1030A0004FF0FF30FFF78EFF054B00229A60044B74
:1030B00007221A60002318460837BD4680BD00BFAE
:1030C00010E000E080B582B000AF78607868FFF76C
:1030D00005FF00BF0837BD4680BD80B586B000AF94
:1030E0000346B9607A60FB81FFF71CFF78617A685C
:1030F000B9687869FFF790FF0246B7F90E301146BC
:103100001846FFF75FFF00BF1837BD4680BD80B58A
:1031100082B000AF0346FB80B7F906301846FFF7D0
:103120000FFF00BF0837BD4680BD80B582B000AF3D
:103130000346FB80B7F906301846FFF71FFF00BFB4
:103140000837BD4680BD80B582B000AF7860786832
:10315000FFF796FF034618460837BD4680BD0000BE
:1031600080B483B000AF7860BFF35F8F00BF0B4ABD
:103170007B6843F001035360094B5B6A084A43F4E0
:1031800080335362BFF34F8F00BFBFF36F8F00BF19
:1031900000BF0C37BD465DF8047B704790ED00E042
:1031A00000ED00E080B400AFBFF35F8F00BF0A4BBB
:1031B0005B6A094A23F480335362084B00225A6049
:1031C000BFF34F8F00BFBFF36F8F00BF00BFBD467F
:1031D0005DF8047B704700BF00ED00E090ED00E07B
:1031E00080B483B000AF7860074A7B689360064B79
:1031F0001B69054A23F00103136100BF0C37BD466C
:103200005DF8047B704700BF90ED00E080B483B0B0
:1032100000AF78607B685A781E4B9A601D4B1B6923
:103220001C4A23F0010313611A4B1B69194A23F04E
:1032300001031361174A7B685B68D3607B681B7B63
:103240001A077B68DB7A1B061A437B689B7ADB04D0
:103250001A437B685B7B9B041A437B689B7B5B0404
:103260001A437B68DB7B1B041A437B685B7A1B0277
:103270001A437B681B7A5B0013437A681278114605
:10328000044A0B43136100BF0C37BD465DF8047B55
:10329000704700BF90ED00E080B584B000AF78606B
:1032A0007B68002B01D10123E2E07B68D3F88430F6
:1032B000002B06D17B682022C3F884207868FEF7B3
:1032C00061F86D4BD3F854316B4A43F00203C2F8F6
:1032D0005431694BD3F85431BB60BB687B681B7AAF
:1032E000002B03D10020FFF7E3FD03E04FF40000C3
:1032F000FFF7DEFD614BD3F800317B681B6803F5F7
:1033000080531B687A68126843F0010302F580520B
:103310001360FFF79DFDF86011E0FFF799FD02468D
:10332000FB68D31AB3F5FA7F09D97B680422C3F886
:1033300088207B68E022C3F88420012398E07B6822
:103340001B6803F580531B6803F00103002BE4D1D5
:10335000786800F0A7FE02F067FC0346484AA2FB2B
:1033600003239A0C7B681B68013AC3F8DC20786859
:1033700001F06CF97B681B6803F58053D3F80031CA
:1033800023F4E0137A68126843F4002302F58052B4
:10339000C2F800317B685B6903F00303002B09D09E
:1033A0007B680122C3F888207B68E022C3F8842070
:1033B00001235DE07B681B6803F58053D3F8082187
:1033C000304B13407A68526951007A6812680B4397
:1033D00002F58052C2F80831786801F0D4F97868B3
:1033E00001F01AFA7B685B6805331B781A027B6868
:1033F0005B6804331B7819467B681B680A43C3F873
:1034000000237B685B6803331B781A067B685B6864
:1034100002331B781B041A437B685B6801331B78FB
:103420001B021A437B685B681B7819467B681B6824
:103430000A43C3F804237B681B68D3F80C177B6826
:103440001A68114B0B43C2F80C377B681B68D3F822
:1034500010177B681A680D4B0B43C2F810377B6856
:103460000022C3F888207B681022C3F88420002340
:1034700018461037BD4680BD00440258000400586D
:1034800083DE1B430180FFFF6000020C00C0200CA4
:1034900080B582B000AF78607B682022C3F88420BA
:1034A0007868FEF79FF87B680022C3F88420002329
:1034B00018460837BD4680BD80B582B000AF786041
:1034C0007B68D3F88430102B53D17B682022C3F85B
:1034D00084207B680422DA66786800F0BBF97B6898
:1034E0001B681A687B681B6842F002021A607B68DE
:1034F0001B681A687B681B6842F001021A607B68CF
:103500001B68D3F8002D7B681B6842F00102C3F8EA
:10351000002D7B681B6803F58053D3F804317A686B
:10352000126843F0010302F58052C2F804317B684F
:103530001B6803F58053D3F808317A68126843F0AA
:10354000010302F58052C2F808317B681B6803F55D
:103550008053D3F860317A68126843F4817302F5BE
:103560008052C2F860317B684022C3F88420002377
:1035700000E0012318460837BD4680BD80B586B0FF
:1035800000AFF860B9607A60BB68002B09D1FB68B6
:10359000D3F8883043F00102FB68C3F88820012388
:1035A0007FE0FB68D3F88430402B79D10022B968E2
:1035B000F86801F08FF90346002B09D0FB68D3F8B7
:1035C000883043F00202FB68C3F88820012368E0DA
:1035D000BFF34F8F00BFFB689A6AFB68063253F84F
:1035E00022307B61FB689B6A5A1CFB689A62FB680D
:1035F0009B6A032B04D9FB689B6A1A1FFB689A62BB
:10360000FB68996AFB681A68FB68063153F8213039
:1036100002F58052C2F82031FFF71AFC386139E018
:10362000FB681B6803F58053D3F8603103F48053C3
:10363000002B12D0FB68D3F8883043F00802FB68F7
:10364000C3F88820FB681B6803F58053D3F860211A
:10365000FB68C3F88C20012323E07B68B3F1FF3FB4
:1036600018D0FFF7F5FB02463B69D31A7A689A42F5
:1036700002D37B68002B0DD1FB68D3F8883043F070
:103680000402FB68C3F888207B694FF04052DA607F
:10369000012306E07B69DB68002BC1DB002300E02F
:1036A000012318461837BD4680BD80B58AB000AFEB
:1036B000786039600023BB610023FB753B68002BF9
:1036C00009D17B68D3F8883043F001027B68C3F8E6
:1036D00088200123BAE07B68D3F88430402B01D0E6
:1036E0000123B3E07B68DB6D7B627B687A6A123210
:1036F00053F82230FB617B68DB6EC3F104033B614E
:103700007BE0FB69DB6803F00053002B03D17B688F
:10371000DB6F002B5FD0FB69DB6803F00053002BED
:1037200005D07B6800221A667B6800225A66FB6916
:10373000DB68C3F30E027B685B6ED31AFB60FB6928
:10374000DB6803F08053002B2AD0FB69DA687B68C2
:103750001A670123FB75FB695B6803F48043002B48
:103760001ED07B6A3B623B6A01333B623B6A032BA0
:1037700002D93B6A043B3B627B683A6A123253F8D7
:103780002230BB60BB68DB6803F08043002B07D0AE
:10379000BB685A687B689A67BB681A687B685A6717
:1037A0007B6803F17C007B6803F18001FB691B6986
:1037B0001A46FB689BB2FEF7C9FA7B681B6E5A1C5F
:1037C0007B681A667B685A6EFB681A447B685A6687
:1037D000FB6900221A617B6A01337B627B6A032BDF
:1037E00002D97B6A043B7B627B687A6A123253F8A7
:1037F0002230FB61BB690133BB61FB69DB68002BD5
:1038000007DBBA693B699A4203D2FB7D002B3FF488
:1038100078AF7B68DA6EBB691A447B68DA667B68CE
:10382000DB6E002B02D0786800F014F87B687A6AAF
:10383000DA65FB7D012B08D17B68DA6F3B681A6083
:103840007B680022DA67002300E00123184628374E
:10385000BD4680BD80B588B000AF78600023BB60F6
:103860000123FB747B689B6EFB617B68FA691232F3
:1038700053F822307B617B68DB6EBB613DE07B6986
:103880001B69002B13D107F108031846FEF73EFA17
:10389000BB68002B02D10023FB740CE0BB681A4606
:1038A0007B691A61BB681A467B691A6003E07B6911
:1038B0001A697B691A60FB7C002B1ED07B689B6DAC
:1038C000002B04D07B694FF04142DA6003E07B6952
:1038D0004FF00142DA60FB690133FB61FB69032BA6
:1038E00002D9FB69043BFB617B68FA69123253F829
:1038F00022307B61BB69013BBB61BB69002B02D0FD
:10390000FB7C002BBBD17B68DB6EBA699A421BD073
:10391000FB69033303F00303FB60BFF35F8F00BF5A
:103920007B681969FA6813465B001344DB00CA1808
:103930007B681B6803F58053C3F828217B68FA690C
:103940009A667B68BA69DA6600BF2037BD4680BDDB
:1039500080B586B000AF78607B681B68D3F8B03064
:103960007B617B681B6803F58053D3F860313B6152
:103970007B681B6803F58053D3F83431FB604FF04C
:10398000B043D3F89830BB603B6903F04003002B91
:1039900010D0FB6803F04003002B0BD07B681B6842
:1039A00003F580531A4648F24003C2F86031786844
:1039B000FEF798F93B6903F00103002B10D0FB6878
:1039C00003F00103002B0BD07B681B6803F58053C9
:1039D0001A4648F20103C2F860317868FEF778F9B8
:1039E0003B6903F48043002B47D0FB6803F480431A
:1039F000002B42D07B68D3F8883043F008027B6804
:103A0000C3F888203B6903F48053002B1ED07B68E9
:103A10001B6803F58053D3F8602141F20213134071
:103A20007A68C2F88C307B681B6803F58053D3F842
:103A300034317A68126823F4404302F58052C2F8A8
:103A400034317B68E022C3F8842013E07B681B6874
:103A500003F58053D3F8603103F4CD427B68C3F89B
:103A60008C207B681B6803F580531A464FF4CD43C6
:103A7000C2F860317868FEF73FF97B6903F4804350
:103A8000002B04D17B6903F40053002B19D07B6811
:103A9000D3F8883043F010027B68C3F888207B6835
:103AA0001B68D3F8B8207B68C3F890207B68E022BD
:103AB000C3F884207868FEF71FF97B680022C3F8FA
:103AC00090207B6903F01003002B0FD07B681B68EC
:103AD000D3F8C03003F060027B68C3F894207868A4
:103AE00000F02BF87B680022C3F894207B6903F078
:103AF0002003002B0FD07B681B68D3F8D03003F075
:103B00000F027B68C3F89820786800F020F87B6883
:103B10000022C3F89820BB6803F48043002B08D030
:103B20004FF0B0434FF48042C3F89820786800F01B
:103B300018F800BF1837BD4680BD80B483B000AF11
:103B4000786000BF0C37BD465DF8047B704780B4D9
:103B500083B000AF786000BF0C37BD465DF8047BD2
:103B6000704780B483B000AF786000BF0C37BD46AB
:103B70005DF8047B704780B586B000AFF860B9602F
:103B80007A603B60FB681B68D3F8003203F00103E6
:103B9000002B01D001233EE0FB681B68D3F8003204
:103BA0007B617B6923F07872BB685B0513437B61A3
:103BB0007B6923F4F8127B681B0413437B617B69E8
:103BC00043F00C037B617B6943F001037B61FB687D
:103BD0001B687A69C3F80022FFF73AF9386109E0F7
:103BE000FFF736F902463B69D31AB3F57A7F01D95C
:103BF000012310E0FB681B68D3F8003203F00103D7
:103C0000002BEDD1FB681B68D3F804329BB21A4637
:103C10003B681A60002318461837BD4680BD000077
:103C200080B586B000AFF860B9607A603B60FB6831
:103C30001B68D3F8003203F00103002B01D00123ED
:103C40003CE0FB681B68D3F800327B617B6923F0A2
:103C50007872BB685B0513437B617B6923F4F812C0
:103C60007B681B0413437B617B6923F00C0343F0E7
:103C700004037B617B6943F001037B613B689AB27B
:103C8000104BC3F804220F4A7B69C2F80032FFF7D9
:103C9000DFF8386109E0FFF7DBF802463B69D31A29
:103CA000B3F57A7F01D9012308E0FB681B68D3F8DC
:103CB000003203F00103002BEDD100231846183722
:103CC000BD4680BD0080024080B483B000AF786004
:103CD00039603B68002B01D10123C3E17B681B687D
:103CE0001B6803F00C023B68DA627B681B681B6888
:103CF00003F01003002B14BF01230023DBB21A468C
:103D00003B6883F828207B681B681B6803F060020F
:103D10003B685A627B681B681B6803F48073002B46
:103D20000CBF01230023DBB21A463B6883F8202036
:103D30007B681B681B6803F40073002B14BF01230E
:103D40000023DBB21A463B68DA777B681B681B6886
:103D500003F48063002B0CBF01230023DBB21A465F
:103D60003B689A777B681B681B6803F40063002B31
:103D700014BF01230023DBB21A463B685A777B68E5
:103D80001B681B6803F48053002B14BF012300231E
:103D9000DBB21A463B681A777B681B681B6803F422
:103DA00000523B689A617B681B681B6803F4804281
:103DB0003B685A617B681B681B6803F48033002BE7
:103DC00014BF01230023DBB21A463B689A747B6858
:103DD0001B681B6803F40033002B0CBF0123002376
:103DE000DBB21A463B685A747B681B681B6803F495
:103DF0000023002B0CBF01230023DBB21A463B68D3
:103E00001A747B681B681B6803F48013002B14BFB3
:103E100001230023DBB21A463B68DA737B681B6818
:103E20001B6803F40013002B14BF01230023DBB233
:103E30001A463B689A737B681B681B6803F480030F
:103E4000002B14BF01230023DBB21A463B685A73D0
:103E50007B681B681B6803F40003002B14BF01235D
:103E60000023DBB21A463B681A737B681B681B6829
:103E700003F0E0623B689A607B681B681B6803F094
:103E80000063002B14BF01230023DBB21A463B68FA
:103E90001A717B681B681B6803F0E0423B681A607C
:103EA0007B681B685B68C3F30D023B685A637B68E1
:103EB0001B685B6803F48033002B0CBF01230023D5
:103EC000DBB21A463B6883F832207B681B685B686C
:103ED00003F40033002B14BF01230023DBB21A4686
:103EE0003B6883F831207B681B685B6803F48023A0
:103EF000002B14BF01230023DBB21A463B6883F872
:103F000030207B681B685B6803F08073002B14BF54
:103F100001230023DBB21A463B6883F838207B6814
:103F20001B685B685B0E03F01F023B68DA637B680B
:103F30001B68DB6803F48073002B14BF012300238C
:103F4000DBB21A463B6883F840207B681B68DB685D
:103F500003F00F023B685A647B681B681B6F03F019
:103F60000203002B14BF01230023DBB21A463B6877
:103F700083F854207B681B681B6F03F08003002BC1
:103F80000CBF01230023DBB21A463B6883F84C20A8
:103F90007B681B681B6F03F070023B681A657B68C7
:103FA0001B681B6F1B0C9AB23B689A647B681B688A
:103FB000D3F8903003F00103002B14BF012300233A
:103FC000DBB21A463B6883F856207B681B68D3F83F
:103FD000903003F00203002B14BF01230023DBB257
:103FE0001A463B6883F855207B681B68D3F8003D70
:103FF00003F072023B689A657B681B68D3F8303D1A
:1040000003F023023B68DA657B681B68D3F8303D18
:1040100003F00803002B14BF01230023DBB21A4670
:104020003B6883F862207B681B68D3F8303D03F05F
:104030001003002B14BF01230023DBB21A463B6898
:1040400083F861207B681B68D3F8303D03F04003A0
:10405000002B0CBF01230023DBB21A463B6883F818
:104060006020002318460C37BD465DF8047B70477E
:1040700080B582B000AF786039603B68002B01D119
:1040800001230BE07B68D3F88430102B05D139680D
:10409000786800F039F9002300E00123184608375A
:1040A000BD4680BD80B584B000AF78607B681B687A
:1040B000D3F80032FB60FB6823F47063FB6001F00F
:1040C000B3FDB860BB681A4A934204D8FB6843F456
:1040D0000073FB6022E0BB68164A934204D2FB687F
:1040E00043F44073FB6019E0BB68134A934215D94F
:1040F000BB68124A934204D8FB6843F48073FB60A8
:104100000CE0BB680E4A934204D8FB6843F480631A
:10411000FB6003E0FB6843F4A063FB607B681B6803
:10412000FA68C3F8002200BF1037BD4680BD00BF4B
:10413000BF0E160200879303FFE0F5057FD1F0085C
:104140007FB2E60E80B485B000AF786039603B681E
:10415000002B01D1012339E03B681B781A463B68EC
:10416000DB785B001A433B681B799B001A433B6872
:104170001B7ADB001A433B685B791B0113433A68E7
:10418000527A012A01D1202200E000221A433B6822
:10419000DB791B021A433B689B795B021A433B683D
:1041A0009B789B021A433B685B78DB071A433B68AA
:1041B000DB681343FB607B681B689A68064B1340FF
:1041C0007A681268F9680B43936000231846143725
:1041D000BD465DF8047B704700F8FF7F80B483B074
:1041E00000AF786039603B68002B01D1012384E087
:1041F0007B681B689B6803F00103002B14BF01233D
:104200000023DBB21A463B681A707B681B689B6808
:1042100003F00203002B14BF01230023DBB21A4674
:104220003B68DA707B681B689B6803F00403002B13
:1042300014BF01230023DBB21A463B681A717B6866
:104240001B689B6803F00803002B14BF01230023A5
:10425000DBB21A463B681A727B681B689B6803F0E6
:104260001003002B14BF01230023DBB21A463B6866
:104270005A717B681B689B6803F02003002B14BFF6
:1042800001230023DBB21A463B685A727B681B6825
:104290009B6803F0C0023B68DA607B681B689B6820
:1042A00003F48073002B14BF01230023DBB21A46F2
:1042B0003B68DA717B681B689B6803F40073002B12
:1042C00014BF01230023DBB21A463B689A717B6856
:1042D0001B689B6803F48063002B14BF0123002339
:1042E000DBB21A463B689A707B681B689B68DB0FE1
:1042F000DBB21A463B685A70002318460C37BD469D
:104300005DF8047B7047000080B485B000AF786032
:1043100039603B689A683B681B681A433B681B79A5
:10432000DB061A433B681B7BDB051A433B685B7B60
:104330009B051A433B689B7B5B051A433B68DB7B11
:104340001B0513433A68127C002A02D14FF4002265
:1043500000E0002213433A68527C002A02D14FF455
:10436000003200E000221A433B689B7C1B041A4386
:104370003B685B691A433B689B691A433B681B7F38
:104380001B031A433B685B7FDB0213433A68927F4F
:10439000002A02D14FF4806200E000221A433B68F9
:1043A000DB7F5B0213433A6892F82020002A02D197
:1043B0004FF4807200E000221A433B685B6A1A43A4
:1043C0003B6893F828301B011A433B68DB6A1343B0
:1043D000FB607B681B681A68564B13407A6812684A
:1043E000F9680B4313603B68DB6B5A063B6893F834
:1043F00038301B061A433B6893F830309B041A434D
:104400003B6893F831305B0413433A6892F83220EA
:10441000002A02D14FF4803200E000221A433B68A8
:104420005B6B1343FB607B681B685A68424B13400D
:104430007A681268F9680B4353603B6893F8403020
:104440001A023B685B6C1343FB607B681B68DA688D
:104450003A4B13407A681268F9680B43D3603B68A3
:1044600093F854305A003B681B6D13433A6892F836
:104470004C20002A01D1802200E000221A433B6830
:104480009B6C1B041343FB607B681B681A6F4FF621
:104490000D7313407A681268F9680B4313673B6821
:1044A00093F856301A463B6893F855305B00134337
:1044B000FB607B681B68D3F8903023F003017B68B6
:1044C0001B68FA680A43C3F890207B681B68D3F81E
:1044D000003D23F072013B689A6D7B681B680A43BC
:1044E000C3F8002D3B68DB6D3A6892F86020002A23
:1044F00001D1402200E000221A433B6893F861306A
:104500001B011A433B6893F86230DB001343FB60E6
:104510007B681B68D3F8303D23F07B017B681B6808
:10452000FA680A43C3F8302D00BF1437BD465DF862
:10453000047B7047838004000080F8C0F0FEFFFF1A
:1045400080B485B000AF786039607B681B6803F584
:1045500080531A68384B13403A6811687A681268B9
:104560000B4302F5805213603B681B791A033B68CA
:104570009B681A433B681B7BDB031343FB607B6830
:104580001B6803F580535A682C4B13407A681268F5
:10459000F9680B4302F5805253603B685B7B1A0459
:1045A0003B681B6A1343FB607B681B6803F5805301
:1045B000D3F80021224B13407A681268F9680B4344
:1045C00002F58052C2F800313B681A693B681B7DD6
:1045D0001B011A433B685B7F1B031343FB607B6833
:1045E0001B6803F58053D3F80421164B13407A68F7
:1045F0001268F9680B4302F58052C2F804313B6837
:104600001B7FDA073B689B691343FB607B681B6871
:1046100003F58053D3F808210B4B13407A681268D6
:10462000F9680B4302F58052C2F8083100BF143715
:10463000BD465DF8047B7047FD87FFFFFE2FFFFF3F
:1046400000C0FEFFEFEFC0FFFFFFC07F80B5A4B04A
:1046500000AF7860012387F83B3000233B650023DF
:1046600087F84930002387F84B30012387F8303032
:10467000012387F85E30012387F83A30002387F85A
:104680005430012387F88C304FF400537B640023AF
:1046900087F864300023BB66002387F88D30002341
:1046A00087F88E304FF4C3633B66002387F83830B9
:1046B00000237B63012387F83D30002387F83E30D9
:1046C000002387F848300023FB6700237B67002323
:1046D000BB65002387F86C30002387F88230012304
:1046E00087F84A302023C7F88830012387F84C30F8
:1046F000002387F85D304FF04053FB624FF4804356
:104700003B64002387F839300223C7F88430002344
:1047100087F88030002387F88130002387F85C30E9
:10472000012387F83C3000233B67012387F878306A
:1047300007F12C0319467868FFF7E6FD01233B7368
:1047400001233B610023BB60002387F82430002352
:104750007B7500233B754FF400133B6200233B77CE
:104760004FF40013BB61002387F825304FF4067324
:10477000BB6207F1080319467868FFF7E1FE00BF46
:104780009037BD4680BD80B485B000AF786000230F
:10479000FB601DE07B68D968FA6813465B00134430
:1047A000DB000B44BB60BB6800221A60BB680022C0
:1047B0005A60BB6800229A60BB680022DA60B96860
:1047C0007B68FA68063243F82210FB680133FB600D
:1047D000FB68032BDED97B6800229A627B681B682A
:1047E00003F580531A460323C2F82C317B68DA683C
:1047F0007B681B6803F58053C3F814217B68DA6873
:104800007B681B6803F58053C3F8202100BF143771
:10481000BD465DF8047B704780B485B000AF78601A
:104820000023FB6023E07B681969FA6813465B008C
:104830001344DB000B44BB60BB6800221A60BB68FA
:1048400000225A60BB6800229A60BB680022DA60CE
:10485000BB6800221A61BB6800225A61B9687B6894
:10486000FA68123243F82210FB680133FB60FB68E0
:10487000032BD8D97B680022DA657B6800221A6690
:104880007B6800229A667B680022DA667B680022D9
:104890009A657B681B6803F580531A460323C2F8A8
:1048A00030317B681A697B681B6803F58053C3F855
:1048B0001C217B681B6903F148027B681B6803F5B8
:1048C0008053C3F8282100BF1437BD465DF8047B30
:1048D0007047000080B491B000AFF860B9607A60B2
:1048E000FB6818337B627B6A1B69FB637B6A1B690D
:1048F0003B6200237B637B6AFA6B53F822303B6395
:10490000BB689B68FB620023BB623B6BDB6803F008
:104910000043B3F1004F07D07A6AFB6B04339B006E
:1049200013445B68002B01D0022366E2BB681B685E
:1049300003F00403002B44D03B6BDA68754B134043
:10494000BA68526A1A433B6BDA603B6BDB6843F42C
:1049500080323B6BDA60FB681B681A6EFB681B6871
:1049600042F480121A66BB681B6803F00803002B30
:1049700027D03B6B9B689AB2BB68DB6A1B041A4367
:104980003B6B9A603B6BDB6843F400323B6BDA6055
:104990003B6BDB6823F44022BB681B6B1A433B6B09
:1049A000DA60FB681B685A6EFB681B6842F4801271
:1049B0005A66FB681B681A6DFB681B6842F08062D0
:1049C0001A65BB681B6803F01003002B0ED03B6B0D
:1049D0009A68514B1340BA6892691A433B6B9A60CC
:1049E0003B6BDB6843F080623B6BDA60BB681B6843
:1049F00003F00403002B05D1BB681B6803F0100310
:104A0000002B36D03B6BDB6843F080423B6BDA60B7
:104A1000BFF35F8F00BF3B6BDB6843F000423B6B33
:104A2000DA60FB6B0133FB63FB6B032B02D9FB6B7F
:104A3000043BFB637B6AFA6B53F822303B637B6B6E
:104A400001337B633B6BDB6803F00043B3F1004F42
:104A50000FD17B6A3A6A53F822303B63BFF35F8F12
:104A600000BF3B6BDB6823F000423B6BDA60022344
:104A7000C3E17B6B01337B63FB6A1B681A463B6BAC
:104A80001A603B6B9A68244B1340FA6A52681A43C7
:104A90003B6B9A60FB6A9B68002B12D0FB6A9B6899
:104AA000FB62FB6A1B681A463B6B5A603B6B9A6859
:104AB0001A4B1340FA6A526812041A433B6B9A600D
:104AC00008E03B6B00225A603B6B9A68134B134023
:104AD0003A6B9360BB681B6803F01003002B21D076
:104AE0003B6BDB6823F4F002BB681B6ADB041A43F0
:104AF0003B6BDA603B6BDA68094B1340BA68D269EA
:104B00001A433B6BDA603B6BDB6843F480223B6B00
:104B1000DA602EE00000FFFF00C0FFFFFFFF00C0D3
:104B20000000FCFF3B6BDA687B4B1340BA685268AD
:104B30001A433B6BDA60BB681B6803F00103002B70
:104B400008D03B6BDB6823F44032BB685B691A43D7
:104B50003B6BDA60BB681B6803F02003002B08D0B6
:104B60003B6BDB6823F04062BB681B691A433B6BFD
:104B7000DA60BB681B6803F00403002B08D03B6BB2
:104B80009B6823F44042BB689B6A1A433B6B9A6064
:104B90003B6BDB6843F000523B6BDA603B6BDB68DE
:104BA00023F080423B6BDA60BFF35F8F00BF3B6B4B
:104BB000DB6843F000423B6BDA60BB681B6803F0C4
:104BC0000203002B00F0DA803B6BDB6823F060729D
:104BD000BB68DB681A433B6BDA60CFE03B6BDB689A
:104BE00023F080523B6BDA60FB6B0133FB63FB6BA2
:104BF000032B02D9FB6B043BFB637B6AFA6B53F814
:104C000022303B633B6BDB6823F000523B6BDA6086
:104C10003B6BDB6803F00043B3F1004F07D07A6AC7
:104C2000FB6B04339B0013445B68002B29D03B6A69
:104C3000FB637B6AFA6B53F822303B630023BB6350
:104C400019E0BFF35F8F00BF3B6BDB6823F00042CE
:104C50003B6BDA60FB6B0133FB63FB6B032B02D90D
:104C6000FB6B043BFB637B6AFA6B53F822303B63BC
:104C7000BB6B0133BB63BA6B7B6B9A42E1D30223FC
:104C8000BBE07B6B01337B63FB6A9B68FB62FB6A67
:104C90001B681A463B6B1A603B6B9A681F4B1340AC
:104CA000FA6A52681A433B6B9A60FB6A9B68002B56
:104CB00012D0FB6A9B68FB62FB6A1B681A463B6B5F
:104CC0005A603B6B9A68164B1340FA6A526812049A
:104CD0001A433B6B9A6008E03B6B00225A603B6BC7
:104CE0009A680F4B13403A6B9360BB681B6803F0E4
:104CF0001003002B18D03B6BDA680A4B1340BA68DC
:104D0000D2691A433B6BDA603B6BDB6843F4802269
:104D10003B6BDA6020E000BF0080FFFF00C0FFFFB8
:104D2000FFFF00C00000FCFF3B6BDA68364B13400E
:104D3000BA6852681A433B6BDA60BB681B6803F0C1
:104D40000103002B08D03B6BDB6823F44032BB68C7
:104D50005B691A433B6BDA60BB6A0133BB62BFF32A
:104D60005F8F00BF3B6BDB6843F000423B6BDA6058
:104D70003B6BDB6823F080423B6BDA60FB6A9B682D
:104D8000002B7FF42BAF7B68002B06D03B6B9B681E
:104D900043F000423B6B9A6005E03B6B9B6823F05D
:104DA00000423B6B9A603B6BDB6843F080523B6B8D
:104DB000DA607B6A5A6A796AFB6B04339B000B44A6
:104DC0005A607B6AFA6B1A61EFF31083BB61BB69AF
:104DD000FB6101237B617B6983F3108800BF7B6AE1
:104DE0009A6ABB6A13445A1C7B6A9A62FB693B61EC
:104DF0003B6983F3108800BF002318464437BD4643
:104E00005DF8047B704700BF0080FFFF80B487B06F
:104E100000AF7860396000237B6143E13B681A682A
:104E200001217B6901FA03F31340FB60FB68002B4F
:104E300000F035813B685B6803F00303012B05D06C
:104E40003B685B6803F00303022B30D17B689B68EF
:104E50003B617B695B00032202FA03F3DB433A699F
:104E600013403B613B68DA687B695B0002FA03F33D
:104E70003A6913433B617B683A699A607B685B6877
:104E80003B6101227B6902FA03F3DB433A69134079
:104E90003B613B685B681B0903F001027B6902FA16
:104EA00003F33A6913433B617B683A695A603B6894
:104EB0005B6803F00303032B09D13B685B6803F0D5
:104EC0000303032B1BD13B689B68012B17D07B6826
:104ED000DB683B617B695B00032202FA03F3DB437F
:104EE0003A6913403B613B689A687B695B0002FA50
:104EF00003F33A6913433B617B683A69DA603B68C4
:104F00005B6803F00303022B23D17B69DA087B681B
:104F1000083253F822303B617B6903F007039B00A2
:104F20000F2202FA03F3DB433A6913403B613B680B
:104F30001A697B6903F007039B0002FA03F33A69DD
:104F400013433B617B69DA087B680832396943F8AF
:104F500022107B681B683B617B695B00032202FABD
:104F600003F3DB433A6913403B613B685B6803F042
:104F700003027B695B0002FA03F33A6913433B6166
:104F80007B683A691A603B685B6803F44033002B26
:104F900000F085804B4A7B699B084C3352F82330E4
:104FA0003B617B6903F003039B000F2202FA03F3CA
:104FB000DB433A6913403B617B689A0A424B1340DA
:104FC0007A6902F00302920093403A6913433B610D
:104FD0003C497B699B084C333A6941F823204FF0E8
:104FE000B0431B683B61FB68DB433A6913403B619C
:104FF0003B685B6803F48013002B03D03A69FB68BD
:1050000013433B614FF0B0423B6913604FF0B04334
:105010005B683B61FB68DB433A6913403B613B687B
:105020005B6803F40013002B03D03A69FB68134359
:105030003B614FF0B0423B6953604FF0B043D3F84F
:1050400084303B61FB68DB433A6913403B613B685A
:105050005B6803F40033002B03D03A69FB68134309
:105060003B614FF0B0423B69C2F884304FF0B0432F
:10507000D3F880303B61FB68DB433A6913403B6106
:105080003B685B6803F48033002B03D03A69FB680C
:1050900013433B614FF0B0423B69C2F880307B69FB
:1050A00001337B613B681A687B6922FA03F3002BAA
:1050B0007FF4B4AE00BF00BF1C37BD465DF8047B73
:1050C000704700BF000400587FFF290080B487B0FC
:1050D00000AF7860396000237B61A8E001227B6922
:1050E00002FA03F33A6813403B613B69002B00F07E
:1050F0009B80564A7B699B084C3352F82330FB60F7
:105100007B6903F003039B000F2202FA03F3FA68A2
:105110001340FB607B689A0A4D4B13407A6902F09A
:10512000030292009340FA689A423ED14FF0B04396
:10513000D3F880203B69DB434FF0B0411340C1F806
:1051400080304FF0B043D3F884203B69DB434FF00D
:10515000B0411340C1F884304FF0B0435A683B6906
:10516000DB434FF0B04113404B604FF0B0431A683F
:105170003B69DB434FF0B04113400B607B6903F0A8
:1051800003039B000F2202FA03F3FB602F4A7B69A3
:105190009B084C3352F82310FB68DA432B487B6999
:1051A0009B080A404C3340F823207B681A687B69CF
:1051B0005B00032101FA03F31A437B681A607B69E1
:1051C000DA087B68083253F822107B6903F0070382
:1051D0009B000F2202FA03F3DB437A69D2081940DD
:1051E0007B68083243F822107B689A687B695B0011
:1051F000032101FA03F3DB431A407B689A607B6862
:105200005A6801217B6901FA03F3DB431A407B688A
:105210005A607B68DA687B695B00032101FA03F35B
:10522000DB431A407B68DA607B6901337B613A6853
:105230007B6922FA03F3002B7FF450AF00BF00BF5D
:105240001C37BD465DF8047B704700BF0004005862
:105250007FFF290080B485B000AF78600B467B806B
:105260007B681A697B881340002B02D00123FB73F3
:1052700001E00023FB73FB7B18461437BD465DF845
:10528000047B704780B483B000AF78600B467B80AE
:1052900013467B707B78002B03D07A887B689A61F9
:1052A00002E07A887B689A6200BF0C37BD465DF8E1
:1052B000047B704780B485B000AF78600B467B807C
:1052C0007B685B69FB607A88FB6813401A04FB68A3
:1052D000D9437B880B401A437B689A6100BF14371F
:1052E000BD465DF8047B704780B588B000AF78603C
:1052F0007B68002B01D1012328E3974B1B6903F046
:105300003803FB61944B9B6A03F00303BB61924B30
:105310001B6803F028537B617B681B6803F0010363
:10532000002B00F09C80FB69102B05D07B69002BC3
:1053300009D0BB69022B06D17B685B68002B40F06B
:105340008E80012302E37B685B68B3F5803F06D162
:10535000814B1B68804A43F48033136058E07B68BC
:105360005B68002B12D17C4B1B687B4A23F4803393
:105370001360794B1B68784A23F400231360764B43
:105380001B68754A23F48023136041E07B685B68E7
:10539000B3F5A02F12D1704B1B686F4A43F48023E2
:1053A00013606D4B1B686C4A23F4002313606A4B37
:1053B0001B68694A43F48033136029E07B685B68AB
:1053C000B3F5502F12D1644B1B68634A43F480231A
:1053D0001360614B1B68604A43F4002313605E4B0B
:1053E0001B685D4A43F48033136011E05A4B1B681D
:1053F000594A23F480331360574B1B68564A23F4F1
:1054000080231360544B1B68534A23F4002313601A
:10541000FDF71EFD38617B685B68002B19D008E042
:10542000FDF716FD02463B69D31A642B01D903230D
:105430008CE2494B1B6803F40033002BF0D00EE0E4
:10544000FDF706FD02463B69D31A642B01D90323FD
:105450007CE2414B1B6803F40033002BF0D17B68E6
:105460001B6803F00203002B00F09E80FB69002BF9
:1054700005D07B69002B47D0BB69002B44D17B68EA
:10548000DB68002B01D1012360E2334B1B6803F082
:105490001803FB60BB69002B09D17B69002B06D088
:1054A0007B681B69FA689A4201D001234EE22A4BBD
:1054B0001B6823F019027B681B691343264A43F0DB
:1054C00001031360FB69002B09D1234B1B68DB0828
:1054D00003F00303214A22FA03F3214A1360214B0C
:1054E0001B681846FDF764FC0346002B01D001231E
:1054F0002CE2194B5B6823F0FE427B685B691B065C
:10550000154913434B604FE07B68DB68002B32D0BA
:10551000114B1B6823F019027B68D9687B681B69F3
:105520000B430D4913430B600B4B5B6823F0FE42AA
:105530007B685B691B06084913434B60FDF788FCD9
:10554000386111E0FDF784FC02463B69D31A012B58
:105550000AD90323FAE100BF004402580090D003A7
:105560001C00002420000024954B1B6803F004035A
:10557000002BE7D018E0924B1B68914A23F00103FF
:105580001360FDF765FC386108E0FDF761FC024639
:105590003B69D31A012B01D90323D7E1884B1B6840
:1055A00003F00403002BF0D17B681B6803F01003A9
:1055B000002B45D0FB69082B05D07B69002B08D058
:1055C000BB69012B05D17B681B6A002B38D10123F5
:1055D000BCE17B681B6A002B19D0794B1B68784AA9
:1055E00043F080031360FDF733FC386108E0FDF7FA
:1055F0002FFC02463B69D31A012B01D90323A5E1F5
:105600006F4B1B6803F48073002BF0D018E06C4BD9
:105610001B686B4A23F080031360FDF719FC3861A7
:1056200008E0FDF715FC02463B69D31A012B01D9AE
:1056300003238BE1624B1B6803F48073002BF0D1D2
:105640007B681B6803F00803002B36D07B689B69DE
:10565000002B19D05A4B5B6F594A43F00103536733
:10566000FDF7F6FB386108E0FDF7F2FB02463B6907
:10567000D31A012B01D9032368E1514B5B6F03F06F
:105680000203002BF0D018E04D4B5B6F4C4A23F027
:1056900001035367FDF7DCFB386108E0FDF7D8FB39
:1056A00002463B69D31A012B01D903234EE1444B37
:1056B0005B6F03F00203002BF0D17B681B6803F0E3
:1056C0002003002B36D07B68DB69002B19D03C4BC4
:1056D0001B683B4A43F480531360FDF7B9FB386104
:1056E00008E0FDF7B5FB02463B69D31A012B01D94F
:1056F00003232BE1324B1B6803F40053002BF0D043
:1057000018E02F4B1B682E4A23F480531360FDF7DB
:105710009FFB386108E0FDF79BFB02463B69D31A0B
:10572000012B01D9032311E1254B1B6803F400531E
:10573000002BF0D17B681B6803F00403002B00F002
:105740009B80204B1B681F4A43F4807313607B6867
:105750009B68012B06D11A4B1B6F194A43F00103BA
:1057600013675AE07B689B68002B12D1144B1B6FA8
:10577000134A23F001031367114B1B6F104A23F0E8
:10578000800313670E4B1B6F0D4A23F0040313674E
:1057900043E07B689B68052B16D1094B1B6F084AB9
:1057A00043F004031367064B1B6F054A23F0800385
:1057B0001367034B1B6F024A43F0010313672CE08E
:1057C00000440258004802587B689B68852B12D120
:1057D000604B1B6F5F4A43F0040313675D4B1B6F05
:1057E0005C4A43F0800313675A4B1B6F594A43F0DE
:1057F0000103136711E0574B1B6F564A23F0010357
:105800001367544B1B6F534A23F004031367514B28
:105810001B6F504A23F0800313677B689B68002B43
:1058200015D0FDF715FB38610AE0FDF711FB0246C4
:105830003B69D31A41F28832934201D9032385E0B0
:10584000444B1B6F03F00203002BEED014E0FDF776
:10585000FFFA38610AE0FDF7FBFA02463B69D31A0A
:1058600041F28832934201D903236FE0394B1B6F19
:1058700003F00203002BEED17B685B6A002B42D061
:10588000FB69182B31D17B685B6A012B01D10123A5
:105890005CE0304B5B6BDB08C3F30C03FB607B68A5
:1058A0009B6CFA689A422ED02A4BDB6A294A23F075
:1058B0000103D362FDF7CCFA386100BFFDF7C8FAE7
:1058C00002463B699342F9D0224B5A6B224B13405C
:1058D0007A68926CD2001F4913434B631D4BDB6AFD
:1058E0001C4A43F00103D3620DE07B6801225A6435
:1058F0007B6824331946002000F03EFA0346002B53
:1059000001D0012322E07B68DB6C002B0AD07B688E
:105910004C331946012000F02FFA0346002B01D02A
:10592000012313E07B685B6F002B0ED07B680122A4
:10593000C3F894207B6874331946022000F01CFAE7
:105940000346002B01D0012300E000231846203736
:10595000BD4680BD004402580700FFFF80B48BB0F5
:1059600000AFAA4B1B6903F03803182B00F23681F5
:1059700001A252F823F000BFDD590070DD5B00701A
:10598000DD5B0070DD5B0070DD5B0070DD5B007077
:10599000DD5B0070DD5B0070035A0070DD5B007042
:1059A000DD5B0070DD5B0070DD5B0070DD5B007057
:1059B000DD5B0070DD5B0070095A0070DD5B00701C
:1059C000DD5B0070DD5B0070DD5B0070DD5B007037
:1059D000DD5B0070DD5B00700F5A00708B4B1B6845
:1059E00003F02003002B09D0884B1B68DB0803F071
:1059F0000303874A22FA03F33B62F2E000233B628F
:105A0000EFE0844B3B62ECE0834B3B62E9E07F4B91
:105A10009B6A03F00303FB617C4B9B6A1B0903F049
:105A20003F03BB61794BDB6A03F001037B61774B7A
:105A30005B6BDB08C3F30C037A6902FB03F307EE2D
:105A4000903AF8EE677AC7ED047ABB69002B00F054
:105A5000C280FB69022B64D0FB69022B00F28380B9
:105A6000FB69002B03D0FB69012B38D07BE0674B2F
:105A70001B6803F02003002B2DD0644B1B68DB0850
:105A800003F00303624A22FA03F3FB60FB6807EEAC
:105A9000903AF8EE676ABB6907EE903AF8EE677ADB
:105AA00086EEA77A594B1B6BC3F3080307EE903AB7
:105AB000F8EE676A97ED046ADFED585AC6EE257A6C
:105AC00076EEA77AF7EE006A77EEA67A67EE277A87
:105AD000C7ED097A69E04FF000037B6265E0BB69BE
:105AE00007EE903AF8EE677ADFED4D6A86EEA77A18
:105AF000464B1B6BC3F3080307EE903AF8EE676A58
:105B000097ED046ADFED455AC6EE257A76EEA77A60
:105B1000F7EE006A77EEA67A67EE277AC7ED097A84
:105B200043E0BB6907EE903AF8EE677ADFED3D6A35
:105B300086EEA77A354B1B6BC3F3080307EE903A4A
:105B4000F8EE676A97ED046ADFED345AC6EE257AFF
:105B500076EEA77AF7EE006A77EEA67A67EE277AF6
:105B6000C7ED097A21E0BB6907EE903AF8EE677A53
:105B7000DFED2B6A86EEA77A244B1B6BC3F3080379
:105B800007EE903AF8EE676A97ED046ADFED235A64
:105B9000C6EE257A76EEA77AF7EE006A77EEA67A59
:105BA00067EE277AC7ED097A00BF184B1B6B5B0ABB
:105BB00003F07F030133BB60BB6807EE903AB8EE99
:105BC000677AD7ED096AC6EE877AFCEEE77A17EEB8
:105BD000903A3B6205E000233B6202E00D4B3B62E2
:105BE00000BF0A4B9B6903F00F037B607B68072BA8
:105BF00005D97B68073B3A6A22FA03F33B623B6AAA
:105C000018462C37BD465DF8047B704700440258A7
:105C10000090D00300093D0000366E0100000046F0
:105C20000024744A001BB74B80B584B000AF104A03
:105C30003B4692E8030083E80300FFF78FFEF8601D
:105C40000C4BDB6903F00F03BB60BB68072B09D962
:105C5000BB68083B10333B4413F8103C1A46FB6802
:105C6000D340FB60FB6818461037BD4680BD00BFBF
:105C7000643C01700044025880B582B000AFFFF769
:105C8000D3FF7860094B1B6A03F007033B603B6856
:105C9000032B05D93B68033B7A6822FA03F37B6048
:105CA0007B6818460837BD4680BD00BF00440258D7
:105CB00080B582B000AFFFF7B7FF7860094B1B6A71
:105CC0001B0903F007033B603B68032B05D93B68C6
:105CD000033B7A6822FA03F37B607B681846083737
:105CE000BD4680BD0044025880B582B000AFFFF7CA
:105CF0009BFF7860094B1B6A1B0A03F007033B609C
:105D00003B68032B05D93B68033B7A6822FA03F30F
:105D10007B607B6818460837BD4680BD004402584A
:105D200080B582B000AF084B9B6B1B0C03F07F0368
:105D300001337B6000F076F902467B68B2FBF3F337
:105D400018460837BD4680BD0044025880B582B071
:105D500000AF084B1B6C1B0C03F07F0301337B600F
:105D600000F0E6F902467B68B2FBF3F31846083709
:105D7000BD4680BD0044025880B58AB000AF78604F
:105D80003960002387F823307B68DA009A4B13448C
:105D9000FB617B689A00994B1344BB61984BD96AAD
:105DA0007A6813469B0013445B0013444FF47872E7
:105DB00002FA03F3DB43924A0B40D362904B1A681A
:105DC0007B685B004FF0807101FA03F3DB438C4981
:105DD00013400B60FDF73CF8786108E0FDF738F8F8
:105DE00002467B69D31A322B01D90323FFE0844B8F
:105DF0001A687B685B004FF0007101FA03F31340EF
:105E0000002BEBD13B681B68022B40F0DD803B6828
:105E10005B683B613B69002B09D1794B1B68DB0850
:105E200003F00303774A22FA03F37B6207E03B693E
:105E3000022B02D1744B7B6201E0744B7B623B68A6
:105E40009B687A6AB2FBF3F37B627B6A704A934287
:105E500002D318237B620FE07B6A6E4A934202D919
:105E600010237B6208E07B6A6B4A934202D90823C5
:105E70007B6201E002237B627A6813469B00134435
:105E80005B0013447A6A02FA03F37B625C4B9A6A02
:105E90007B68DB004FF47C7101FA03F343F00303EA
:105EA000DB431A403B6899687B68DB000433994008
:105EB0003B690B43524913438B62514B9B6A03F07E
:105EC00003033A699A4201D0012390E04C4BD96A0E
:105ED0007A6813469B0013445B0013441B2202FAAA
:105EE00003F3DB4301EA030245497B6A1343CB62B8
:105EF0003B68DB685A1E3B681B69013B5B021A4327
:105F00003B685B69013B1B041A433B689B69013B8F
:105F10001B061A43FB691A603B68DB695A1E3B6823
:105F20001B6A013B1B021A43BB691A607B68002B8A
:105F300005D1334BDB6A324A43F02003D3623B681E
:105F40005B6A002B1CD07B68DA00344B1344FB6087
:105F5000FB681A68324B13403A68526AD2001A43FF
:105F6000FB681A60264BD96A7A6813469B00134473
:105F70005B001344012202FA03F3214A0B43D3626C
:105F80001F4B1A687B685B004FF0807101FA03F3C6
:105F90001B4913430B60FCF75BFF786108E0FCF7DB
:105FA00057FF02467B69D31A322B01D903231EE027
:105FB000134B1A687B685B004FF0007101FA03F322
:105FC0001340002BEBD010E00D4B9A6A7B68DB008E
:105FD00004334FF47C7101FA03F343F00303DB4312
:105FE0001340074A43F00303936297F8233018469F
:105FF0002837BD4680BD00BF30440258C044025817
:10600000004402580090D00300366E0100093D00A4
:1060100000127A00FF083D007F841E0034440258BD
:106020000700FFFF80B489B000AF3C4B9B6A7B61E7
:106030003A4B9B6B3B617B691B0B03F03F03FB609F
:106040003B69C3F308030133BB60FB68002B01D13C
:1060500000235CE0314BDB6A03F40063002B06D0C5
:106060002E4BDB6BDB08C3F30C03BB6101E00023A9
:10607000BB617B6903F00303022B19D0022B1DD8EF
:10608000002B02D0012B16D018E0244B1B6803F024
:106090002003002B09D0214B1B68DB0803F003030E
:1060A0001F4A22FA03F3FB610BE00023FB6108E0C7
:1060B0001C4BFB6105E01C4BFB6102E00023FB6114
:1060C00000BFFB6907EE903AF8EE676AFB6807EEDF
:1060D000903AF8EE677A86EEA77ABB6807EE903AB8
:1060E000F8EE676ABB6907EE903AB8EE676ADFEDD3
:1060F0000F5AC6EE257A76EEA77A67EE277AC7EDB5
:10610000017AD7ED017AFCEEE77A17EE903A18465D
:106110002437BD465DF8047B704700BF0044025839
:106120000090D00300366E0100093D0000000046DB
:1061300080B489B000AF3C4B9B6A7B613A4B1B6CCF
:106140003B617B691B0D03F03F03FB603B69C3F3BD
:1061500008030133BB60FB68002B01D100235CE026
:10616000314BDB6A03F48003002B06D02E4B5B6CB3
:10617000DB08C3F30C03BB6101E00023BB617B6957
:1061800003F00303022B19D0022B1DD8002B02D0E1
:10619000012B16D018E0244B1B6803F02003002BC2
:1061A00009D0214B1B68DB0803F003031F4A22FAC6
:1061B00003F3FB610BE00023FB6108E01C4BFB6178
:1061C00005E01C4BFB6102E00023FB6100BFFB69A3
:1061D00007EE903AF8EE676AFB6807EE903AF8EE41
:1061E000677A86EEA77ABB6807EE903AF8EE676AA0
:1061F000BB6907EE903AB8EE676ADFED0F5AC6EE5C
:10620000257A76EEA77A67EE277AC7ED017AD7ED81
:10621000017AFCEEE77A17EE903A18462437BD462D
:106220005DF8047B704700BF004402580090D00323
:1062300000366E0100093D00000000462DE9B04F18
:10624000C2B000AFC7F8F400002387F8073100237D
:1062500087F80631D7F8F430D3E9002302F480241C
:10626000002554EA050300F09A80AA4B1B6F03F443
:106270004073C7F80031D7F80031002B2FD0D7F882
:10628000F430D3F8843003F44072D7F800319342ED
:1062900025D0A14B1B68A04A43F4807313609E4B2A
:1062A0001B6803F48073002B03D1012387F80731A7
:1062B00015E0984B1B6F23F44073C7F80031954BE2
:1062C0001B6F944A43F480331367924B1B6F914AC0
:1062D00023F4803313678F4AD7F80031136797F898
:1062E0000731002B57D1D7F8F430D3F88430B3F509
:1062F000807F18D1FCF7ACFDC7F8FC000DE0FCF77F
:10630000A7FD0246D7F8FC30D21A41F288339A42F0
:1063100003D9032387F8073105E07E4B1B6F03F099
:106320000203002BEBD097F80731002B2ED1D7F8C2
:10633000F430D3F8843003F47C33002B0ED0754B4B
:106340001B6923F47C51D7F8F430D3F884301A0950
:10635000724B13406F4A0B43136105E06D4B1B6991
:106360006C4A23F47C5313616A4B196FD7F8F430ED
:10637000D3F8843003F44073664A0B431367654BCC
:106380001B6F644A43F40043136708E097F8073132
:1063900087F8063103E097F8073187F80631D7F818
:1063A000F430D3E9002302F001084FF0000958EA65
:1063B000090335D0D7F8F4309B68032B18D801A215
:1063C00052F823F0F9630070D5630070E363007046
:1063D000F96300704F4BDB6A4E4A43F04003D362CF
:1063E0000BE04C4BDB6A4B4A43F48023D36204E05E
:1063F000012387F8073100E000BF97F80731002B31
:106400000AD1444BDB6C23F00301D7F8F4309B68CE
:10641000404A0B43D36403E097F8073187F806310D
:10642000D7F8F430D3E9002302F0020A4FF0000B52
:106430005AEA0B0330D0D7F8F430DB68202B0CD0AD
:10644000202B11D8002B13D0102B0DD1314BDB6A30
:10645000304A43F40023D3620BE02E4BDB6A2D4A13
:1064600043F48013D36204E0012387F8073100E08E
:1064700000BF97F80731002B0AD1264BDB6C23F0C5
:106480003001D7F8F430DB68224A0B43D36403E0D1
:1064900097F8073187F80631D7F8F430D3E90023AD
:1064A00002F00403C7F8E8300023C7F8EC30D7E95E
:1064B0003A120B46134337D0D7F8F4301B69802BC0
:1064C0000CD0802B11D8002B13D0402B0DD1114BA9
:1064D000DB6A104A43F40023D3620BE00D4BDB6A06
:1064E0000C4A43F48013D36204E0012387F8073198
:1064F00000E000BF97F80731002B11D1054BDB6C92
:1065000023F0C001D7F8F4301B69024A0B43D3646F
:106510000AE000BF0044025800480258CFFFFF0FB6
:1065200097F8073187F80631D7F8F430D3E900231C
:1065300002F00803C7F8E0300023C7F8E430D7E9D9
:1065400038120B46134309D0A44BDB6C23F04051A7
:10655000D7F8F4305B69A14A0B43D364D7F8F43021
:10656000D3E9002302F40013C7F8D8300023C7F89A
:10657000DC30D7E936120B4613432CD0D7F8F43071
:106580009B6D002B02D0042B07D00DE0934BDB6AF0
:10659000924A43F40023D3620AE0904BDB6A8F4AAD
:1065A00043F48013D36203E0012387F8073100BF6F
:1065B00097F80731002B0AD1884BDB6C23F00401DC
:1065C000D7F8F4309B6D854A0B43D36403E097F80A
:1065D000073187F80631D7F8F430D3E9002302F009
:1065E0001003C7F8D0300023C7F8D430D7E93412ED
:1065F0000B46134334D0D7F8F4309B69B3F1007FD6
:106600001AD0B3F1007F13D8002B03D0B3F1807FF1
:1066100007D00DE0714BDB6A704A43F48033D362DC
:106620000BE06E4BDB6A6D4A43F00053D36204E02B
:10663000012387F8073100E000BF97F80731002BEE
:106640000AD1664BDB6C23F04071D7F8F4309B69BC
:10665000624A0B43D36403E097F8073187F80631A9
:10666000D7F8F430D3E9002302F02003C7F8C8308C
:106670000023C7F8CC30D7E932120B46134345D07C
:10668000D7F8F430DB69B3F5A00F2BD0B3F5A00F2A
:1066900024D8B3F5800F25D0B3F5800F1ED8B3F5FD
:1066A000401F1FD0B3F5401F18D8B3F5001F0ED000
:1066B000B3F5001F12D8002B14D0B3F5801F0DD1F5
:1066C000464BDB6A454A43F48033D3620BE0434BCD
:1066D000DB6A424A43F00063D36204E0012387F897
:1066E000073100E000BF97F80731002B0AD13B4B80
:1066F000DB6C23F4E001D7F8F430DB69374A0B4355
:10670000D36403E097F8073187F80631D7F8F430FF
:10671000D3E9002302F04003C7F8C0300023C7F8D4
:10672000C430D7E930120B46134309D02B4B1B6DF5
:1067300023F04051D7F8F4301B6A284A0B43136505
:10674000D7F8F430D3E9002302F08003C7F8B8305B
:106750000023C7F8BC30D7E92E120B46134309D0EB
:106760001E4BDB6C23F44031D7F8F4305B6A1B4AD4
:106770000B43D364D7F8F430D3E9002302F48073D9
:10678000C7F8B0300023C7F8B430D7E92C120B4655
:10679000134329D0D7F8F4309B6A002B0DD0B3F502
:1067A000802F06D10D4BDB6A0C4A43F08043D36245
:1067B00004E0012387F8073100E000BF97F80731B4
:1067C000002B0DD1054BDB6C23F48021D7F8F4307E
:1067D0009B6A024A0B43D36406E000BF00440258A0
:1067E00097F8073187F80631D7F8F430D3E900235A
:1067F00002F40073C7F8A8300023C7F8AC30D7E91B
:106800002A120B46134333D0D7F8F430DB6AB3F5C2
:10681000000F0ED0B3F5000F12D8002B14D0B3F533
:10682000800F0DD1A74BDB6AA64A43F04003D36229
:106830000BE0A44BDB6AA34A43F48033D36204E049
:10684000012387F8073100E000BF97F80731002BDC
:106850000AD19C4B1B6D23F44001D7F8F430DB6A5E
:10686000984A0B43136503E097F8073187F8063120
:10687000D7F8F430D3E9002302F40063C7F8A0305E
:106880000023C7F8A430D7E928120B46134332D0AF
:10689000D7F8F4301B6BB3F5405F18D0B3F5405F09
:1068A00011D8B3F5005F12D0B3F5005F0BD8002B01
:1068B0000DD0B3F5805F06D1824BDB6A814A43F08D
:1068C0000053D36204E0012387F8073100E000BFE2
:1068D00097F80731002B0AD17A4B1B6D23F44051F6
:1068E000D7F8F4301B6B774A0B43136503E097F836
:1068F000073187F80631D7F8F430D3E9002302F4E2
:106900008063C7F898300023C7F89C30D7E9261277
:106910000B46134332D0D7F8F4305B6BB3F5407FAE
:1069200018D0B3F5407F11D8B3F5007F12D0B3F57E
:10693000007F0BD8002B0DD0B3F5807F06D1614BC3
:10694000DB6A604A43F00053D36204E0012387F816
:10695000073100E000BF97F80731002B0AD1594BEF
:106960001B6D23F44071D7F8F4305B6B554A0B4331
:10697000136503E097F8073187F80631D7F8F4304C
:10698000D3E9002302F48053C7F890300023C7F8FE
:106990009430D7E924120B4613434BD0D7F8F43088
:1069A0009B6BB3F5A02F2BD0B3F5A02F24D8B3F554
:1069B000802F27D0B3F5802F1ED8B3F5403F23D0CA
:1069C000B3F5403F18D8B3F5003F0ED0B3F5003F04
:1069D00012D8002B1AD0B3F5803F0DD1394BDB6AAA
:1069E000384A43F48033D36211E0364BDB6A354AD0
:1069F00043F00053D3620AE0012387F8073106E031
:106A000000BF04E000BF02E000BF00E000BF97F855
:106A10000731002B0AD12B4B1B6D23F4E021D7F853
:106A2000F4309B6B274A0B43136503E097F807315B
:106A300087F80631D7F8F430D3E9002302F4005385
:106A4000C7F888300023C7F88C30D7E922120B46EC
:106A500013434DD0D7F8F430DB6BB3F5A06F2BD0D8
:106A6000B3F5A06F24D8B3F5806F27D0B3F5806F4E
:106A70001ED8B3F5407F23D0B3F5407F18D8B3F5C7
:106A8000007F0ED0B3F5007F12D8002B1CD0B3F5D9
:106A9000807F0DD10B4BDB6A0A4A43F48033D3620B
:106AA00013E0084BDB6A074A43F00053D3620CE063
:106AB000012387F8073108E000BF06E000BF04E0CB
:106AC00000BF02E00044025800BF97F80731002BD6
:106AD0000AD1A84B9B6D23F4E061D7F8F430DB6B4F
:106AE000A44A0B43936503E097F8073187F8063112
:106AF000D7F8F430D3E9002302F48043C7F880309C
:106B00000023C7F88430D7E920120B4613434BD03B
:106B1000D7F8F4301B6CB3F5A04F2BD0B3F5A04FD2
:106B200024D8B3F5804F27D0B3F5804F1ED8B3F5E6
:106B3000405F23D0B3F5405F18D8B3F5005F0ED0A7
:106B4000B3F5005F12D8002B1AD0B3F5805F0DD1DA
:106B5000884BDB6A874A43F48033D36211E0854B6C
:106B6000DB6A844A43F00053D3620AE0012387F8CA
:106B7000073106E000BF04E000BF02E000BF00E014
:106B800000BF97F80731002B0AD17A4B9B6D23F495
:106B9000E041D7F8F4301B6C764A0B43936503E071
:106BA00097F8073187F80631D7F8F430D3E9002396
:106BB00002F40043BB670023FB67D7E91E120B46B4
:106BC000134339D0D7F8F4305B6C052B1CD801A2E5
:106BD00052F823F0116C0070ED6B0070FB6B0070CD
:106BE000116C0070116C0070116C0070614BDB6AED
:106BF000604A43F40033D3620BE05E4BDB6A5D4ACC
:106C000043F08053D36204E0012387F8073100E0AA
:106C100000BF97F80731002B0AD1564B9B6D23F02C
:106C20000701D7F8F4305B6C524A0B43936503E0DD
:106C300097F8073187F80631D7F8F430D3E9002305
:106C400002F480333B6700237B67D7E91C120B46B5
:106C5000134305D0474BDB6A464A43F00053D362E7
:106C6000D7F8F430D3E9002302F40033BB660023E5
:106C7000FB66D7E91A120B46134327D0D7F8F43036
:106C8000DB6C002B03D0B3F1006F0BD006E0394B67
:106C9000DB6A384A43F00053D36204E0012387F8EB
:106CA000073100E000BF97F80731002B0AD1314BC4
:106CB000DB6C23F00061D7F8F430DB6C2D4A0B431A
:106CC000D36403E097F8073187F80631D7F8F4303A
:106CD000D3E9002302F400233B6600237B66D7E957
:106CE00018120B4613434BD0D7F8F4301B6DB3F595
:106CF000802F2DD0B3F5802F26D8B3F5403F29D073
:106D0000B3F5403F20D8B3F5003F16D0B3F5003FB0
:106D10001AD8002B03D0B3F5803F07D014E0154BF1
:106D2000DB6A144A43F04003D36214E0114BDB6A80
:106D3000104A43F48033D3620DE00E4BDB6A0D4AF8
:106D400043F00063D36206E0012387F8073102E0D5
:106D500000BF00E000BF97F80731002B0CD1054BB6
:106D60005B6D23F4E021D7F8F4301B6D014A0B432F
:106D7000536505E00044025897F8073187F806315B
:106D8000D7F8F430D3E9002302F48013BB65002365
:106D9000FB65D7E916120B46134351D0D7F8F430F0
:106DA0005B6DB3F5A00F33D0B3F5A00F2CD8B3F5BE
:106DB000800F2FD0B3F5800F26D8B3F5401F2BD00E
:106DC000B3F5401F20D8B3F5001F16D0B3F5001F50
:106DD0001AD8002B03D0B3F5801F07D014E0934BD3
:106DE000DB6A924A43F04003D36216E08F4BDB6AC2
:106DF0008E4A43F48033D3620FE08C4BDB6A8B4ABC
:106E000043F00063D36208E0012387F8073104E010
:106E100000BF02E000BF00E000BF97F80731002B81
:106E20000AD1824B5B6D23F4E001D7F8F4305B6D3F
:106E30007E4A0B43536503E097F8073187F8063124
:106E4000D7F8F430D3E9002302F480033B65002334
:106E50007B65D7E914120B46134341D0D7F8F430C1
:106E6000DB6EB3F1407F27D0B3F1407F20D8B3F180
:106E7000007F16D0B3F1007F1AD8002B03D0B3F1F6
:106E8000807F07D014E0694BDB6A684A43F0400317
:106E9000D36212E0654BDB6A644A43F48023D36219
:106EA0000BE0624BDB6A614A43F00053D36204E0BB
:106EB000012387F8073100E000BF97F80731002B66
:106EC0000AD15A4B1B6D23F04071D7F8F430DB6EBA
:106ED000564A0B43136503E097F8073187F80631EC
:106EE000D7F8F430D3E9002302F40003BB64002395
:106EF000FB64D7E912120B46134349D0D7F8F4309C
:106F0000DB6DB3F5806F2DD0B3F5806F26D8B3F568
:106F1000407F29D0B3F5407F20D8B3F5007F16D04D
:106F2000B3F5007F1AD8002B03D0B3F5807F07D0CC
:106F300014E03E4BDB6A3D4A43F04003D36214E069
:106F40003A4BDB6A394A43F48033D3620DE0374B66
:106F5000DB6A364A43F00063D36206E0012387F818
:106F6000073102E000BF00E000BF97F80731002BB7
:106F70000AD12E4B5B6D23F4E061D7F8F430DB6D62
:106F80002A4A0B43536503E097F8073187F8063127
:106F9000D7F8F430D3E9002302F080733B64002378
:106FA0007B64D7E910120B46134345D0D7F8F43071
:106FB0001B6E402B27D0402B21D8302B25D0302BD7
:106FC0001DD8202B14D0202B19D8002B02D0102B29
:106FD00007D014E0154BDB6A144A43F04003D36238
:106FE00014E0124BDB6A114A43F48033D3620DE0A4
:106FF0000E4BDB6A0D4A43F00063D36206E00123C7
:1070000087F8073102E000BF00E000BF97F80731C2
:10701000002B0DD1054B1B6D23F07001D7F8F43018
:107020001B6E024A0B43136506E000BF0044025882
:1070300097F8073187F80631D7F8F430D3E9002301
:1070400002F00073BB630023FB63D7E90E120B460B
:10705000134342D0D7F8F4305B6E502B23D0502B23
:107060001DD8402B21D0402B19D8302B1FD0302BCE
:1070700015D8202B0CD0202B11D8002B19D0102B79
:107080000DD1A24BDB6AA14A43F40033D36211E075
:107090009E4BDB6A9D4A43F08053D3620AE0012392
:1070A00087F8073106E000BF04E000BF02E000BF40
:1070B00000E000BF97F80731002B0AD1934B5B6DBE
:1070C00023F07001D7F8F4305B6E904A0B435365A0
:1070D00003E097F8073187F80631D7F8F430D3E9A1
:1070E000002302F080633B6300237B63D7E90C122B
:1070F0000B46134342D0D7F8F4309B6E502B23D06D
:10710000502B1DD8402B21D0402B19D8302B1FD00D
:10711000302B15D8202B0CD0202B11D8002B19D0B8
:10712000102B0DD1794BDB6A784A43F40033D362DC
:1071300011E0764BDB6A754A43F08053D3620AE074
:10714000012387F8073106E000BF04E000BF02E03A
:1071500000BF00E000BF97F80731002B0AD16B4B4E
:107160009B6D23F07001D7F8F4309B6E674A0B4398
:10717000936503E097F8073187F80631D7F8F430C4
:10718000D3E9002302F08053BB620023FB62D7E9FE
:107190000A120B46134339D0D7F8F4301B6F052B76
:1071A0001CD801A252F823F0E5710070C171007083
:1071B000CF710070E5710070E5710070E5710070CD
:1071C000524BDB6A514A43F40033D3620BE04F4B1E
:1071D000DB6A4E4A43F08053D36204E0012387F810
:1071E000073100E000BF97F80731002B0AD1474B69
:1071F0005B6D23F00702D7F8F4301B6F434913434C
:107200004B6503E097F8073187F80631D7F8F4307B
:10721000D3E9002302F000533B6200237B62D7E9ED
:1072200008120B46134339D0D7F8F4305B6F052BA7
:107230001CD801A252F823F07572007051720070D0
:107240005F720070757200707572007075720070F8
:107250002E4BDB6A2D4A43F40033D3620BE02B4BF9
:10726000DB6A2A4A43F08053D36204E0012387F8A3
:10727000073100E000BF97F80731002B0AD1234BFC
:107280001B6D23F00702D7F8F4305B6F1F491343DF
:107290000B6503E097F8073187F80631D7F8F4302B
:1072A000D3E9002302F08043BB610023FB61D7E9EF
:1072B00006120B4613432FD0D7F8F4309B6FB3F56B
:1072C000005F08D0B3F5005F0CD8002B0ED0B3F5EB
:1072D000805F0BD006E00D4BDB6A0C4A43F0805315
:1072E000D36204E0012387F8073100E000BF97F87C
:1072F0000731002B0CD1054BDB6C23F44052D7F83F
:10730000F4309B6F01491343CB6405E000440258FD
:1073100097F8073187F80631D7F8F430D3E900231E
:1073200002F000433B6100237B61D7E904120B4666
:10733000134334D0D7F8F430D3F88030B3F5404F4E
:1073400018D0B3F5404F11D8B3F5004F12D0B3F5B4
:10735000004F0BD8002B0DD0B3F5804F06D12F4B2B
:10736000DB6A2E4A43F08053D36204E0012387F89E
:10737000073100E000BF97F80731002B0BD1274BF6
:10738000DB6C23F44042D7F8F430D3F88030234943
:107390001343CB6403E097F8073187F80631D7F839
:1073A000F430D3E9002302F00063BB600023FB60EC
:1073B000D7E902120B4613430AD0184B1B6923F47A
:1073C0000042D7F8F430D3F88830144913430B61E6
:1073D000D7F8F430D3E900230021396003F001032A
:1073E0007B60D7E900120B46134309D00B4BDB6CD3
:1073F00023F47062D7F8F430DB6F08491343CB6491
:1074000097F80631002B01D1002300E00123184634
:1074100007F58477BD46BDE8B08F00BF0044025831
:1074200080B582B000AF78607B68002B01D101236A
:1074300042E07B68D3F88830002B06D17B680022BD
:1074400083F88420786800F03BF87B682422C3F836
:1074500088207B681B681A687B681B6822F0010221
:107460001A607B689B6A002B02D0786800F032FDBE
:10747000786800F099F90346012B01D101231BE044
:107480007B681B685A687B681B6822F490425A60CC
:107490007B681B689A687B681B6822F02A029A60E6
:1074A0007B681B681A687B681B6842F001021A60DF
:1074B000786800F0B1FD034618460837BD4680BD28
:1074C00080B483B000AF786000BF0C37BD465DF874
:1074D000047B704780B58AB002AFF860B9603B604A
:1074E0001346FB80FB68D3F88830202B40F0868061
:1074F000BB68002B02D0FB88002B01D101237EE06A
:10750000FB680022C3F89020FB682122C3F8882082
:10751000FBF79EFC7861FB68FA88A3F85420FB68AF
:10752000FA88A3F85620FB689B68B3F5805F08D102
:10753000FB681B69002B04D10023FB61BB68BB61A6
:1075400003E0BB68FB610023BB613AE03B6800934A
:107550007B6900228021F86800F008FE0346002BBA
:1075600005D0FB682022C3F88820032347E0FB698D
:10757000002B0BD1BB691B881A46FB681B68C2F342
:1075800008029A62BB690233BB6107E0FB691A78A3
:10759000FB681B689A62FB690133FB61FB68D3F8E7
:1075A000883003F02103212B09D1FB68B3F8563052
:1075B0009BB2013B9AB2FB68A3F8562001E001237D
:1075C0001DE0FB68B3F856309BB2002BBED13B6880
:1075D00000937B6900224021F86800F0C7FD034654
:1075E000002B05D0FB682022C3F88820032306E087
:1075F000FB682022C3F88820002300E002231846FD
:107600002037BD4680BD80B58AB002AFF860B96052
:107610003B601346FB80FB68D3F88C30202B40F096
:10762000BD80BB68002B02D0FB88002B01D1012359
:10763000B5E0FB680022C3F89020FB682222C3F863
:107640008C20FB680022DA66FBF702FC7861FB689D
:10765000FA88A3F85C20FB68FA88A3F85E20FB6830
:107660009B68B3F5805F0ED1FB681B69002B05D1C9
:10767000FB6840F2FF12A3F860202DE0FB68FF22B8
:10768000A3F8602028E0FB689B68002B0DD1FB6805
:107690001B69002B04D1FB68FF22A3F860201BE0CC
:1076A000FB687F22A3F8602016E0FB689B68B3F1BB
:1076B000805F0DD1FB681B69002B04D1FB687F2222
:1076C000A3F8602008E0FB683F22A3F8602003E0F5
:1076D000FB680022A3F86020FB68B3F860307B826F
:1076E000FB689B68B3F5805F08D1FB681B69002BC2
:1076F00004D10023FB61BB68BB6103E0BB68FB6195
:107700000023BB613EE03B6800937B69002220219F
:10771000F86800F02BFD0346002B05D0FB68202203
:10772000C3F88C2003233AE0FB69002B0CD1FB68E3
:107730001B685B6A9AB27B8A13409AB2BB691A8053
:10774000BB690233BB610CE0FB681B685B6ADAB2A1
:107750007B8ADBB21340DAB2FB691A70FB69013332
:10776000FB61FB68D3F88C30222B09D1FB68B3F89E
:107770005E309BB2013B9AB2FB68A3F85E2001E049
:1077800001230CE0FB68B3F85E309BB2002BBAD14A
:10779000FB682022C3F88C20002300E00223184657
:1077A0002037BD4680BD00002DE9B04F8CB000AF42
:1077B0007861002387F82A307B699A687B691B69A6
:1077C0001A437B695B691A437B69DB691343FB627C
:1077D0007B691B681A68B34B13407A691268F96AAF
:1077E0000B4313607B691B685B6823F440517B6922
:1077F000DA687B691B680A435A607B699B69FB6294
:107800007B691B68A84A934204D07B691B6AFA6AA9
:107810001343FB627B691B689A68A44B13407A6927
:107820001268F96A0B4393607B691B68DB6A23F07B
:107830000F017B695A6A7B691B680A43DA627B69BC
:107840001B689B4A934231D19A4B5B6D03F007034F
:10785000052B27D801A252F823F000BF75780070DD
:107860007D780070857800708D7800709578007054
:107870009D780070012387F82B30A0E0042387F85F
:107880002B309CE0082387F82B3098E0102387F8F2
:107890002B3094E0202387F82B3090E0402387F8AA
:1078A0002B308CE0802387F82B3088E07B691B68C5
:1078B000814A934218D07B691B68804A934213D057
:1078C0007B691B687E4A93420ED07B691B687D4AA8
:1078D000934209D07B691B687B4A934204D07B6941
:1078E0001B687A4A934231D1724B1B6D03F0070338
:1078F000052B27D801A252F823F000BF157900709C
:107900001D790070257900702D790070357900702F
:107910003D790070002387F82B3016E0042387F8A8
:107920002B3012E0082387F82B300EE0102387F865
:107930002B300AE0202387F82B3006E0402387F81D
:107940002B3002E0802387F82B3038E07B691B68FE
:10795000554A934230D1574B9B6D03F00703052BDB
:1079600026D801A252F823F081790070897900703D
:107970009179007099790070A1790070A9790070EF
:10798000022387F82B301AE0042387F82B3016E007
:10799000082387F82B3012E0102387F82B300EE0F5
:1079A000202387F82B300AE0402387F82B3006E0AD
:1079B000802387F82B3002E0802387F82B307B6907
:1079C0001B68394A934240F0FE8097F82B30202BF9
:1079D00048DC022BC0F28880023B1E2B00F2848020
:1079E00001A252F823F000BF7B7A0070E97A0070A0
:1079F0006B7A0070E97A0070E97A0070E97A0070B9
:107A0000737A0070E97A0070E97A0070E97A0070A0
:107A1000E97A0070E97A0070E97A0070E97A00701A
:107A2000837A0070E97A0070E97A0070E97A007070
:107A3000E97A0070E97A0070E97A0070E97A0070FA
:107A4000E97A0070E97A0070E97A0070E97A0070EA
:107A5000E97A0070E97A0070E97A0070E97A0070DA
:107A6000DB7A0070402B3BD03EE0FEF759F978629C
:107A700040E0FEF76BF978623CE0FEF735F978629A
:107A800038E00C4B1B6803F02003002B22D0094B7D
:107A90001B68DB0803F003030D4A22FA03F37B6241
:107AA00028E000BFF369FFCF000C0058FFF4FF117E
:107AB00000100042004402580044004000480040CA
:107AC000004C00400050004000780040007C004026
:107AD0000090D003994B7B620CE0994B7B6209E0EC
:107AE0004FF400437B6205E000237B62012387F8AB
:107AF0002A3000BF7B6A002B00F0CE817B695B6A75
:107B0000904A32F813301A467B6AB3FBF2F3BB613A
:107B10007B695A6813465B001344BA699A4205D3DD
:107B20007B695B681B03BA699A4203D9012387F812
:107B30002A30B1E17B6A0022BB60FA607B695B6A34
:107B4000804A32F813309BB200223B607A60D7E95A
:107B50000023D7E90201F8F7ABFB02460B461046BB
:107B600019464FF000024FF000030B0243EA106386
:107B7000020279694968490800200C46054612EB63
:107B8000040843EB05097B695B6800229A4693462B
:107B900052465B4640464946F8F78AFB02460B468A
:107BA00013463B623B6AB3F5407F08D33B6AB3F5AB
:107BB000801F04D27B691B683A6ADA606CE101239A
:107BC00087F82A3068E17B69DB69B3F5004F40F044
:107BD000BD8097F82B30202B48DC002B73DB202B4B
:107BE00071D801A252F823F0737C00707B7C007086
:107BF000C77C0070C77C0070837C0070C77C0070FD
:107C0000C77C0070C77C00708B7C0070C77C0070E4
:107C1000C77C0070C77C0070C77C0070C77C007098
:107C2000C77C0070C77C0070937C0070C77C0070BC
:107C3000C77C0070C77C0070C77C0070C77C007078
:107C4000C77C0070C77C0070C77C0070C77C007068
:107C5000C77C0070C77C0070C77C0070C77C007058
:107C6000C77C0070C77C0070B97C0070402B26D0A8
:107C700029E0FEF701F878622BE0FEF719F8786248
:107C800027E0FEF74DF8786223E0FEF75FF87862B0
:107C90001FE02D4B1B6803F02003002B09D02A4B5B
:107CA0001B68DB0803F00303244A22FA03F37B6218
:107CB0000FE0224B7B620CE0214B7B6209E04FF42A
:107CC00000437B6205E000237B62012387F82A30B2
:107CD00000BF7B6A002B00F0DF807B695B6A194A7A
:107CE00032F813301A467B6AB3FBF2F35A007B6911
:107CF0005B685B081A447B695B68B2FBF3F33B6229
:107D00003B6A0F2B16D93B6AB3F5803F12D23B6A10
:107D10009BB223F00F03FB833B6A5B089BB203F02B
:107D200007039AB2FB8B1343FB837B691B68FA8BB7
:107D3000DA60B1E0012387F82A30ADE00090D0038B
:107D400000093D00543E01700044025897F82B3062
:107D5000202B49DC002B74DB202B72D801A252F8B7
:107D600023F000BFEF7D0070F77D0070437E007050
:107D7000437E0070FF7D0070437E0070437E007084
:107D8000437E0070077E0070437E0070437E00706B
:107D9000437E0070437E0070437E0070437E00701F
:107DA000437E00700F7E0070437E0070437E007043
:107DB000437E0070437E0070437E0070437E0070FF
:107DC000437E0070437E0070437E0070437E0070EF
:107DD000437E0070437E0070437E0070437E0070DF
:107DE000437E0070357E0070402B26D029E0FDF7E1
:107DF00043FF78622BE0FDF75BFF786227E0FDF739
:107E00008FFF786223E0FDF7A1FF78621FE02D4B22
:107E10001B6803F02003002B09D02A4B1B68DB08EA
:107E200003F00303284A22FA03F37B620FE0264B98
:107E30007B620CE0254B7B6209E04FF400437B62E0
:107E400005E000237B62012387F82A3000BF7B6AAC
:107E5000002B21D07B695B6A1D4A32F813301A4629
:107E60007B6AB3FBF2F27B695B685B081A447B694F
:107E70005B68B2FBF3F33B623B6A0F2B09D93B6AA9
:107E8000B3F5803F05D23B6A9AB27B691B68DA6022
:107E900002E0012387F82A307B690122A3F86A20D7
:107EA0007B690122A3F868207B6900225A677B69FD
:107EB00000229A6797F82A3018463037BD46BDE849
:107EC000B08F00BF004402580090D00300093D006D
:107ED000543E017080B483B000AF78607B689B6AC9
:107EE00003F00803002B0AD07B681B685B6823F44F
:107EF00000417B689A6B7B681B680A435A607B6809
:107F00009B6A03F00103002B0AD07B681B685B6847
:107F100023F400317B68DA6A7B681B680A435A6085
:107F20007B689B6A03F00203002B0AD07B681B6806
:107F30005B6823F480317B681A6B7B681B680A439B
:107F40005A607B689B6A03F00403002B0AD07B68AD
:107F50001B685B6823F480217B685A6B7B681B6815
:107F60000A435A607B689B6A03F01003002B0AD017
:107F70007B681B689B6823F480517B68DA6B7B68A5
:107F80001B680A439A607B689B6A03F02003002BFE
:107F90000AD07B681B689B6823F400517B681A6CCD
:107FA0007B681B680A439A607B689B6A03F0400306
:107FB000002B1AD07B681B685B6823F480117B68F8
:107FC0005A6C7B681B680A435A607B685B6CB3F52C
:107FD000801F0AD17B681B685B6823F4C0017B6843
:107FE0009A6C7B681B680A435A607B689B6A03F043
:107FF0008003002B0AD07B681B685B6823F4002198
:108000007B68DA6C7B681B680A435A6000BF0C37D8
:10801000BD465DF8047B704780B598B002AF7860CC
:108020007B680022C3F89020FAF712FF78657B681E
:108030001B681B6803F00803082B2FD16FF07E43E9
:1080400000937B6D00224FF40011786800F08EF8E9
:108050000346002B22D07B681B68BB63BB6B53E8D5
:10806000003F7B637B6B23F080033B657B681B6871
:108070001A463B6D7B643A64396C7A6C41E80023A4
:10808000FB63FB6B002BE6D17B682022C3F88820C2
:108090007B68002283F88420032363E07B681B68ED
:1080A0001B6803F00403042B49D16FF07E43009357
:1080B0007B6D00224FF48001786800F057F803468A
:1080C000002B3CD07B681B687B627B6A53E8003FD7
:1080D0003B623B6A23F49073FB647B681B681A461F
:1080E000FB6C3B63FA62F96A3A6B41E80023BB62BE
:1080F000BB6A002BE6D17B681B6808333B613B6998
:1081000053E8003FFB60FB6823F00103BB647B681E
:108110001B680833BA6CFA61BB61B969FA6941E856
:1081200000237B617B69002BE5D17B682022C3F8AB
:108130008C207B68002283F88420032312E07B6874
:108140002022C3F888207B682022C3F88C207B681B
:108150000022DA667B6800221A677B68002283F8B7
:108160008420002318465837BD4680BD80B584B0B2
:1081700000AFF860B9603B601346FB714FE0BB692C
:10818000B3F1FF3F4BD0FAF763FE02463B68D31AC8
:10819000BA699A4202D3BB69002B01D103234EE096
:1081A000FB681B681B6803F00403002B37D0BB6817
:1081B000802B34D0BB68402B31D0FB681B68DB6957
:1081C00003F00803082B10D1FB681B6808221A6211
:1081D000F86800F039F8FB680822C3F89020FB68C3
:1081E000002283F88420012329E0FB681B68DB69F7
:1081F00003F40063B3F5006F11D1FB681B684FF403
:1082000000621A62F86800F01FF8FB682022C3F8C9
:108210009020FB68002283F8842003230FE0FB6892
:108220001B68DA69BB681340BA689A420CBF012325
:108230000023DBB21A46FB799A42A0D000231846ED
:108240001037BD4680BD000080B495B000AF7860A7
:108250007B681B687B637B6B53E8003F3B633B6B36
:1082600023F49073FB647B681B681A46FB6C3B64C9
:10827000FA63F96B3A6C41E80023BB63BB6B002BDC
:10828000E6D17B681B6808333B623B6A53E8003FDA
:10829000FB61FA691E4B1340BB647B681B680833A3
:1082A000BA6CFA62BB62B96AFA6A41E800237B627F
:1082B0007B6A002BE5D17B68DB6E012B18D17B68D4
:1082C0001B68FB60FB6853E8003FBB60BB6823F0A2
:1082D00010037B647B681B681A467B6CBB617A6108
:1082E0007969BA6941E800233B613B69002BE6D11B
:1082F0007B682022C3F88C207B680022DA667B68CA
:1083000000225A6700BF5437BD465DF8047B7047B2
:10831000FEFFFFEF80B58AB004AFF860B9603B6044
:108320001346FB80FB889B00184602F0B9FB3861BE
:108330003B69002B13D0702002F0B2FB78617B699F
:10834000002B08D07022002178690AF0A9F87B6917
:108350003A691A6305E0386902F054FC01E0002331
:108360007B617B69002B0DD0FA88002303937B6926
:1083700002937B6A01933B6A00933B68B968F86893
:1083800000F029F87B6918461837BD4680BD80B5D6
:1083900088B002AFF860B9603B601346FB80FA8892
:1083A0007B6A01933B6A00933B68B968F868FFF702
:1083B000B1FF38613B69002B05D0386900F074F8D3
:1083C00001237B6102E04FF0FF337B617B6918463C
:1083D0001837BD4680BD80B586B000AFF860B96083
:1083E0003B601346FB80BB6A1A6BF9886FF0404311
:1083F0000B449B0013443B613B6923F007033B6143
:10840000BB68002B1ED000237B6112E0BA687B6939
:1084100013441978BA6A7B69134434330A461A70D4
:10842000BA687B6913441B78002B06D07B69013343
:108430007B617B690F2BE9D900E000BFBB6A00229A
:1084400083F843203B6A372B01D937233B62BB6A51
:108450003A6ADA62BB6A3A6A5A64BB6A04331846FB
:1084600001F0AAFEBB6A1833184601F0A5FEBB6AEC
:10847000BA6A1A613B6AC3F13802BB6A9A61BB6A85
:10848000BA6A5A623A68F968386902F09BF902469A
:10849000BB6A1A607B6A002B02D07B6ABA6A1A60D8
:1084A00000BF1837BD4680BD80B584B000AF78608E
:1084B00002F038FA404B1B6801333F4A13603F4BD0
:1084C0001B68002B09D13D4A7B6813603A4B1B683F
:1084D000012B10D100F0CAFE0DE0394B1B68002BB8
:1084E00009D1364B1B68DA6A7B68DB6A9A4202D88C
:1084F000324A7B681360334B1B680133314A136087
:108500007B68DA6A304B1B689A4203D97B68DB6A66
:108510002D4A13607B68DA6A2C4913469B0013448A
:108520009B000B4404331B68FB607B68FA689A600D
:10853000FB689A687B68DA60FB689B687A6804323B
:108540005A607B681A1DFB689A607B68DA6A13467A
:108550009B0013449B001D4A1A447B685A617B6848
:10856000DA6A1A4913469B0013449B000B441B68AC
:108570007A68D26A591C154813469B0013449B0025
:108580000344196002F0EAF90D4B1B68002B0ED072
:108590000A4B1B68DA6A7B68DB6A9A4207D20C4B8B
:1085A0004FF080521A60BFF34F8FBFF36F8F00BF41
:1085B0001037BD4680BD00BFD4070024000300244F
:1085C000E0070024F0070024DC0700240403002453
:1085D00004ED00E080B586B000AF786000237B61D9
:1085E00002F0A0F97B68002B02D12D4B1B6800E044
:1085F0007B683B613B690433184601F047FE3B69E9
:108600009B6A002B04D03B691833184601F03EFEEC
:10861000244B1B680133234A1360214B1B683A69C2
:108620009A4201D1012300E00023FB601E4B1B682E
:10863000002B10D0FB68002B0DD03B69043319468A
:108640001A4801F0C6FD1A4B1B680133184A136023
:1086500001237B6106E0174B1B68013B154A136041
:1086600000F082FE02F07AF97B69012B02D03869B2
:1086700000F06AFE0C4B1B68002B0CD0084B1B68EB
:108680003A699A4207D10C4B4FF080521A60BFF3FF
:108690004F8FBFF36F8F00BF1837BD4680BD00BF3F
:1086A00000030024F0070024E0070024A8070024AA
:1086B000BC070024D407002404ED00E080B584B09A
:1086C00000AF78600023FB607B68002B08D000F0CF
:1086D000CBF90021786801F02BF800F0D3F9F860AD
:1086E000FB68002B07D1064B4FF080521A60BFF396
:1086F0004F8FBFF36F8F00BF1037BD4680BD00BFE7
:1087000004ED00E080B586B000AF786002F00AF9B1
:108710007B68002B02D1304B1B6800E07B683B611B
:108720003B690433184601F0B1FD3B699B6A002B9D
:1087300004D03B691833184601F0A8FD3B690433A7
:108740001946264801F045FD00237B6110E03A6997
:108750007B6913446C331B78DBB2012B05D13A697A
:108760007B6913446C3300221A707B6901337B618F
:108770007B69022BEBDD02F0F1F8194B1B68002B33
:1087800005D002F0CFF800F0EFFD02F0E7F8124B51
:108790001B683A699A421AD1114B1B68002B08D00A
:1087A000104B4FF080521A60BFF34F8FBFF36F8FA3
:1087B0000DE00A4B1B68FB600B4B1B68FA689A4282
:1087C00003D1054B00221A6001E000F061FB00BFFD
:1087D0001837BD4680BD00BF00030024C007002439
:1087E000E007002404ED00E0D407002480B487B043
:1087F00000AF786000237B617B68FB60FB685B698E
:10880000144A93421ED1FB689B6A134A934219D0C3
:10881000FB689B6A002B15D101237B6100233B6120
:108820000DE0FA683B6913446C331B78DBB2012B13
:1088300002D100237B6105E03B6901333B613B6969
:10884000022BEEDD7B6918461C37BD465DF8047BC4
:10885000704700BFC00700249407002480B584B08F
:1088600000AF78607B68FB60354B1B68FA689A4202
:1088700062D0FB68002B5FD002F054F8F868FFF775
:10888000B5FF0346002B55D0FB680433184601F0B2
:10889000FDFCFB68DA6A2B4B1B689A4203D9FB6824
:1088A000DB6A284A1360FB68DA6A274913469B0093
:1088B00013449B000B4404331B68BB60FB68BA681D
:1088C0009A60BB689A68FB68DA60BB689B68FA6864
:1088D00004325A60FB681A1DBB689A60FB68DA6A4A
:1088E00013469B0013449B00174A1A44FB685A61C5
:1088F000FB68DA6A144913469B0013449B000B443F
:108900001B68FA68D26A591C0F4813469B0013442F
:108910009B00034419600A4B1B68DA6AFB68DB6A38
:108920009A4207D2094B4FF080521A60BFF34F8F23
:10893000BFF36F8F02F012F800BF1037BD4680BD45
:1089400000030024DC0700240403002404ED00E0FD
:1089500080B58AB002AF0123FB613B4600221A605A
:108960005A609A60DA6000233B6100237B6111E06A
:108970001F4A7B69134419783A467B6913440A46B7
:108980001A703A467B6913441B78002B06D07B692A
:1089900001337B617B690E2BEAD900E000BF3A46C8
:1089A0007B69134400221A700023BB6115E0114B50
:1089B0003B61BB699B00104A134439460193002375
:1089C0000093002380223869FFF7E1FCF861FB691E
:1089D000012B06D1BB690133BB61BB69002BE6DD0E
:1089E00000E000BFFB6918462037BD4680BD00BFD0
:1089F0006C3C01703D920070F807002480B582B095
:108A000000AFFFF7A5FF78607B68012B02D101F072
:108A100067FC78607B68012B17D14FF0500372B66A
:108A200083F31188BFF36F8FBFF34F8F62B63B6044
:108A300000BF094B4FF0FF321A60084B01221A6049
:108A4000074B00221A6001F035FF064B1B6800BF80
:108A50000837BD4680BD00BFF4070024E0070024AE
:108A6000D80700246C3E017080B400AF044B1B6833
:108A70000133034A136000BFBD465DF8047B7047B5
:108A8000FC07002480B588B000AF0023FB61002301
:108A9000BB6101F047FF00233B616E4B1B68013B4C
:108AA0006C4A13606B4B1B68002B40F0CB806A4B09
:108AB0001B68002B00F0C6808FE0684BDB68DB682A
:108AC000FB61FB699B6AFB60FB69DB69FA69126AFF
:108AD0009A60FB691B6AFA69D2695A60FB685A6836
:108AE000FB6918339A4203D1FB691A6AFB685A6022
:108AF000FB6900229A62FB681B685A1EFB681A60B9
:108B0000FB695B69BB60FB699B68FA69D2689A6024
:108B1000FB69DB68FA6992685A60BB685A68FB694E
:108B200004339A4203D1FB69DA68BB685A60FB6977
:108B300000225A61BB681B685A1EBB681A60FB6939
:108B4000DA6A474B1B689A4203D9FB69DB6A444ADD
:108B50001360FB69DA6A434913469B0013449B0088
:108B60000B4404331B687B60FB697A689A607B68FE
:108B70009A68FB69DA607B689B68FA6904325A601C
:108B8000FB691A1D7B689A60FB69DA6A13469B00D1
:108B900013449B00334A1A44FB695A61FB69DA6A41
:108BA000304913469B0013449B000B441B68FA6931
:108BB000D26A591C2B4813469B0013449B00034464
:108BC0001960FB69DA6A284B1B68DB6A9A4204D990
:108BD000264A3B69012142F82310204B1B68002BD9
:108BE0007FF46BAFFB69002B01D000F0BDFB204B85
:108BF0001B687B617B69002B12D000F04DF80346A7
:108C0000002B04D0194A3B69012142F823107B69EB
:108C1000013B7B617B69002BEFD1154B00221A6071
:108C2000124A3B6952F82330002B0BD00123BB6161
:108C30000D4B1B680F4B4FF080521A60BFF34F8FE4
:108C4000BFF36F8F01F08AFEBB6918462037BD461F
:108C500080BD00BFFC070024D40700249407002433
:108C6000DC0700240403002400030024E807002498
:108C7000E407002404ED00E080B483B000AF054BAE
:108C80001B687B607B6818460C37BD465DF8047B2B
:108C9000704700BFD807002480B588B000AF00231C
:108CA000FB61704B1B68002B40F0D1806E4B1B6842
:108CB0000133BB616C4ABB691360BB69002B10D1E7
:108CC0006A4B1B687B616A4B1B68684A1360684A81
:108CD0007B691360674B1B680133664A136000F0C1
:108CE00043FB654B1B68BA699A42C0F0A9805F4B91
:108CF0001B681B68002B04D15F4B4FF0FF321A60DA
:108D00009EE05A4B1B68DB68DB683B613B695B6834
:108D1000FB60BA69FB689A4203D2574AFB6813604A
:108D20008EE03B695B69BB603B699B683A69D268CE
:108D30009A603B69DB683A6992685A60BB685A6816
:108D40003B6904339A4203D13B69DA68BB685A60D5
:108D50003B6900225A61BB681B685A1EBB681A60D7
:108D60003B699B6A002B1ED03B699B6A7B603B6919
:108D7000DB693A69126A9A603B691B6A3A69D2698F
:108D80005A607B685A683B6918339A4203D13B6941
:108D90001A6A7B685A603B6900229A627B681B688A
:108DA0005A1E7B681A603B69DA6A344B1B689A4228
:108DB00003D93B69DB6A314A13603B69DA6A30499F
:108DC00013469B0013449B000B4404331B683B6019
:108DD0003B693A689A603B689A683B69DA603B682D
:108DE0009B683A6904325A603B691A1D3B689A6075
:108DF0003B69DA6A13469B0013449B00204A1A44DD
:108E00003B695A613B69DA6A1D4913469B0013446A
:108E10009B000B441B683A69D26A591C18481346D8
:108E20009B0013449B00034419603B69DA6A154BAD
:108E30001B68DB6A9A427FF65AAF0123FB6156E753
:108E4000114B1B68002B07D00123FB6104E00F4B83
:108E50001B6801330D4A1360FB6918462037BD4675
:108E600080BD00BFFC070024D80700248C07002425
:108E700090070024EC070024F4070024DC070024FA
:108E80000403002400030024E8070024E40700246E
:108E900080B483B000AF214B1B68002B03D0204B64
:108EA00001221A6034E01E4B00221A601D4B1B6821
:108EB0007B6002E07B68013B7B601B497A6813465C
:108EC0009B0013449B000B441B68002BF2D07A6874
:108ED00013469B0013449B00134A13443B603B68BA
:108EE0005B685A683B685A603B685A683B6808335D
:108EF0009A4203D13B68DA683B685A603B685B681A
:108F0000DB680A4A1360074A7B681360074B1B68DB
:108F100000BF0C37BD465DF8047B7047FC0700249A
:108F2000E8070024DC0700240403002400030024D5
:108F300080B582B000AF78603960074B1B6818338A
:108F40001946786801F069F90121386800F0F0FBF2
:108F500000BF0837BD4680BD0003002480B586B041
:108F600000AFF860B9607A60FB685B687B61164BA4
:108F70001B687A69DA61144B1B687A6992681A6215
:108F8000114B1A687B699B6818325A600E4B1B683C
:108F900003F118027B699A600B4B1B68FA689A62AE
:108FA000FB681B685A1CFB681A607B68002B02D0A8
:108FB0004FF0FF33BB607968B86800F0B9FB00BFC1
:108FC0001837BD4680BD00BF0003002480B489B0BF
:108FD00000AF78607B68DB68DB68BB61BB699B6A5C
:108FE0007B61BB69DB69BA69126A9A60BB691B6AFB
:108FF000BA69D2695A607B695A68BB6918339A4268
:1090000003D1BB691A6A7B695A60BB6900229A6204
:109010007B691B685A1E7B691A604C4B1B68002BCE
:1090200061D1BB695B69FB60BB699B68BA69D26847
:109030009A60BB69DB68BA6992685A60FB685A68D3
:10904000BB6904339A4203D1BB69DA68FB685A6092
:10905000BB6900225A61FB681B685A1EFB681A60D4
:10906000BB69DA6A3A4B1B689A4203D9BB69DB6A6F
:10907000374A1360BB69DA6A364913469B001344CA
:109080009B000B4404331B68BB60BB69BA689A60E1
:10909000BB689A68BB69DA60BB689B68BA690432CE
:1090A0005A60BB691A1DBB689A60BB69DA6A1346CD
:1090B0009B0013449B00274A1A44BB695A61BB6951
:1090C000DA6A244913469B0013449B000B441B6837
:1090D000BA69D26A591C1F4813469B0013449B006F
:1090E000034419601BE01C4B5B683B61BB693A6938
:1090F000DA613B699A68BB691A623B699B68BA6925
:1091000018325A60BB6903F118023B699A60BB6967
:10911000114A9A62104B1B6801330F4A1360BB69F6
:10912000DA6A0E4B1B68DB6A9A4205D90123FB61A0
:109130000B4B01221A6001E00023FB61FB6918461A
:109140002437BD465DF8047B704700BFFC07002450
:10915000DC070024040300249407002400030024F7
:10916000E807002480B483B000AF7860064B1A682B
:109170007B681A60054B1A687B685A6000BF0C3721
:10918000BD465DF8047B7047EC070024D807002437
:1091900080B586B000AF7860396001F0C3FB1F4B2B
:1091A0001B683B617B685B683A69D31AFB603B686C
:1091B0001B68B3F1FF3F02D100237B6126E07B688F
:1091C0001A68174B1B689A420AD07B685B683A6939
:1091D0009A4205D301237B613B6800221A6015E0A7
:1091E0003B681B68FA689A420BD23B681A68FB68B6
:1091F000D21A3B681A607868FFF7B4FF00237B61DE
:1092000004E03B6800221A6001237B6101F0A6FBA9
:109210007B6918461837BD4680BD00BFD8070024BB
:10922000EC07002480B400AF034B01221A6000BF9A
:10923000BD465DF8047B7047E807002480B582B026
:1092400000AF786000F052F8064B1B68012BF9D98B
:10925000054B4FF080521A60BFF34F8FBFF36F8FF3
:10926000F0E700BF0403002404ED00E080B582B005
:1092700000AF00237B600CE07A6813469B00134428
:109280009B00124A1344184600F076FF7B680133B6
:109290007B607B68372BEFD90D4800F06DFF0D48E0
:1092A00000F06AFF0C4800F067FF0C4800F064FF14
:1092B0000B4800F061FF0B4B054A1A600A4B054A48
:1092C0001A6000BF0837BD4680BD00BF04030024FC
:1092D000640700247807002494070024A8070024CA
:1092E000C00700248C0700249007002480B582B0BA
:1092F00000AF19E001F016FB104BDB68DB687B6008
:109300007B680433184600F0C1FF0D4B1B68013B1E
:109310000B4A13600B4B1B68013B0A4A136001F0B8
:109320001DFB786800F010F8064B1B68002BE1D19C
:1093300000BF00BF0837BD4680BD00BFA80700249E
:10934000D4070024BC07002480B582B000AF786049
:109350007B681B6B184601F055FC786801F052FCE5
:1093600000BF0837BD4680BD80B400AF0A4B1B6804
:109370001B68002B04D1094B4FF0FF321A6005E047
:10938000054B1B68DB681B68044A136000BFBD46C1
:109390005DF8047B704700BF8C070024F4070024AD
:1093A00080B483B000AF0B4B1B68002B02D10123AC
:1093B0007B6008E0084B1B68002B02D102237B6016
:1093C00001E000237B607B6818460C37BD465DF8E2
:1093D000047B7047E0070024FC07002480B586B0BA
:1093E00000AF78607B683B6100237B617B68002B6A
:1093F0007BD03B69DA6A3F4B1B68DB6A9A426BD2CF
:109400003B699B69002B06DB3A4B1B68DB6AC3F1A7
:1094100038023B699A613B6959693B69DA6A1346CC
:109420009B0013449B00344A134499424CD13B693E
:109430000433184600F02AFF2E4B1B68DA6A3B699A
:10944000DA623B69DA6A2D4B1B689A4203D93B69A1
:10945000DB6A2A4A13603B69DA6A274913469B0094
:1094600013449B000B4404331B68FB603B69FA68A0
:109470009A60FB689A683B69DA60FB689B683A69A6
:1094800004325A603B691A1DFB689A603B69DA6ACC
:1094900013469B0013449B00174A1A443B695A61C8
:1094A0003B69DA6A144913469B0013449B000B4442
:1094B0001B683A69D26A591C0F4813469B00134433
:1094C0009B000344196004E00A4B1B68DA6A3B699D
:1094D000DA6201237B6108E03B695A6C054B1B682B
:1094E000DB6A9A4201D201237B617B6918461837F7
:1094F000BD4680BD0003002404030024DC070024D3
:1095000080B586B000AF78607B683B6100237B61EB
:109510007B68002B61D03B699B6C5A1E3B699A6447
:109520003B69DA6A3B695B6C9A4256D03B699B6C3B
:10953000002B52D13B690433184600F0A7FE3B696B
:109540005A6C3B69DA623B69DB6AC3F138023B69FA
:109550009A613B69DA6A234B1B689A4203D93B69DB
:10956000DB6A204A13603B69DA6A1F4913469B0095
:1095700013449B000B4404331B68FB603B69FA688F
:109580009A60FB689A683B69DA60FB689B683A6995
:1095900004325A603B691A1DFB689A603B69DA6ABB
:1095A00013469B0013449B000F4A1A443B695A61BF
:1095B0003B69DA6A0C4913469B0013449B000B4439
:1095C0001B683A69D26A591C074813469B0013442A
:1095D0009B000344196001237B617B69184618379F
:1095E000BD4680BDDC0700240403002480B588B09C
:1095F00000AF786039607B68BB6101237B617B6869
:10960000002B75D0BB695B6C3A689A4202D93B6803
:10961000FB6102E0BB695B6CFB61BB69DB6AFA69F9
:109620009A4265D0BB699B6C7A699A4260D1BB69EA
:10963000DB6A3B61BB69FA69DA62BB699B69002B33
:1096400004DBFB69C3F13802BB699A61BB695969E4
:109650003A6913469B0013449B00274A13449942DE
:1096600046D1BB690433184600F010FEBB69DA6AC4
:10967000224B1B689A4203D9BB69DB6A1F4A1360FD
:10968000BB69DA6A1C4913469B0013449B000B44D8
:1096900004331B68FB60BB69FA689A60FB689A68D0
:1096A000BB69DA60FB689B68BA6904325A60BB69BF
:1096B0001A1DFB689A60BB69DA6A13469B00134463
:1096C0009B000D4A1A44BB695A61BB69DA6A0A49B0
:1096D00013469B0013449B000B441B68BA69D26A73
:1096E000591C054813469B0013449B000344196012
:1096F00000BF2037BD4680BD04030024DC070024E2
:1097000080B483B000AF094B1B687B607B68002B83
:1097100004D07B689B6C5A1C7B689A647B681846F3
:109720000C37BD465DF8047B704700BF0003002482
:1097300080B588B000AF786039602F4B1B68FB6143
:109740002E4B1B68BB612E4B1B687B612D4B1B682E
:109750000433184600F09AFD7B68B3F1FF3F24D133
:109760003B68002B21D0284B5B683B61254B1B6875
:109770003A699A60234B1B683A699268DA60214B18
:109780001A683B699B6804325A601E4B1B681A1D9D
:109790003B699A601B4B1B681B4A5A611A4B1B683A
:1097A0000133194A136000BF22E0FA697B68134451
:1097B000FB60144B1B68FA685A60FA68FB699A42AE
:1097C00007D2104B1B6804331946786900F025FD59
:1097D0000EE00C4B1B6804331946B86900F01DFD00
:1097E0000A4B1B68FA689A4202D2084AFB68136067
:1097F00000BF2037BD4680BDD80700248C07002459
:109800009007002400030024C0070024F40700246C
:1098100080B584B000AF786039600123FB607B685D
:10982000BB60BB68002B5DD0BB68DB6B002B59D0E5
:10983000BB681A6CBB68DB6B0021A3FB0223002B07
:1098400000D001210B46002B4CD101F06BF8BB6816
:109850001A68BB68DB6BB968096C01FB03F31A4437
:10986000BB689A60BB6800229A63BB681A68BB68D1
:109870005A60BB681A68BB68DB6B013BB968096C4E
:1098800001FB03F31A44BB68DA60BB68FF2283F86C
:109890004420BB68FF2283F845203B68002B14D18D
:1098A000BB681B69002B1AD0BB6810331846FFF742
:1098B0008DFB0346002B12D00E4B4FF080521A60E6
:1098C000BFF34F8FBFF36F8F09E0BB6810331846AB
:1098D00000F052FCBB682433184600F04DFC01F048
:1098E0003DF801E00023FB60FB6818461037BD46D9
:1098F00080BD00BF04ED00E080B58AB002AFF86023
:10990000B9601346FB710023FB61FB68002B2DD06F
:109910000021BA68FB68A3FB0223002B00D00121C1
:109920000B46002B22D1FB68BA6802FB03F313F14C
:10993000490F1BD8FB68BA6802FB03F3BB61BB6924
:109940004833184601F0ACF8F861FB69002B0DD0E4
:10995000FB697B617B6948337B61FA79FB69009322
:1099600013467A69B968F86800F005F8FB6918468B
:109970002037BD4680BD80B584B000AFF860B960C7
:109980007A60FB70BB68002B03D1BB69BA691A60AF
:1099900002E0BB697A681A60BB69FA68DA63BB697E
:1099A000BA681A640121B869FFF732FF00BF1037A7
:1099B000BD4680BD80B582B000AF78607B68002B6B
:1099C0000ED07B6800229A607B6800221A607B6858
:1099D0000022DA60002300220021786800F01CF8E1
:1099E00000BF0837BD4680BD80B586B000AF0346D6
:1099F000FB7101237B6100233B61FB791A463969C6
:109A00007869FFF779FFF860F868FFF7D3FFFB6824
:109A100018461837BD4680BD80B58AB000AFF860E3
:109A2000B9607A603B6000237B62FB683B6200F0B8
:109A300079FF3B6A9A6B3B6ADB6B9A4202D33B68C5
:109A4000022B29D13A68B968386A00F011FAF86136
:109A50003B6A5B6A002B10D03B6A24331846FFF741
:109A6000B5FA0346002B13D03F4B4FF080521A60DB
:109A7000BFF34F8FBFF36F8F0AE0FB69002B07D056
:109A8000394B4FF080521A60BFF34F8FBFF36F8F87
:109A900000F064FF012363E07B68002B03D100F03A
:109AA0005DFF00235CE07B6A002B06D107F1140305
:109AB0001846FFF757FB01237B6200F04FFFFEF7CC
:109AC000D3FF00F02FFF3B6A93F844305BB2B3F151
:109AD000FF3F03D13B6A002283F844203B6A93F89E
:109AE00045305BB2B3F1FF3F03D13B6A002283F8FC
:109AF000452000F033FF3A1D07F1140311461846C4
:109B0000FFF746FB0346002B24D1386A00F0A8FA81
:109B10000346002B18D03B6A10337A68114618466A
:109B2000FFF706FA386A00F033FAFEF7ABFF034698
:109B3000002B7FF47CAF0C4B4FF080521A60BFF3C8
:109B40004F8FBFF36F8F72E7386A00F021FAFEF78C
:109B500099FF6CE7386A00F01BFAFEF793FF0023C9
:109B600018462837BD4680BD04ED00E080B58AB0B8
:109B700000AFF860B9607A6000237B62FB683B62EB
:109B800000F0D0FE3B6A9B6BFB61FB69002B1FD092
:109B9000B968386A00F0D6F9FB695A1E3B6A9A63C5
:109BA0003B6A1B69002B0FD03B6A10331846FFF746
:109BB0000DFA0346002B07D03C4B4FF080521A6041
:109BC000BFF34F8FBFF36F8F00F0C8FE012369E032
:109BD0007B68002B03D100F0C1FE002362E07B6AAA
:109BE000002B06D107F114031846FFF7BBFA012337
:109BF0007B6200F0B3FEFEF737FF00F093FE3B6A96
:109C000093F844305BB2B3F1FF3F03D13B6A0022CB
:109C100083F844203B6A93F845305BB2B3F1FF3FD1
:109C200003D13B6A002283F8452000F097FE3A1DDD
:109C300007F1140311461846FFF7AAFA0346002B52
:109C400023D1386A00F0F6F90346002B17D03B6A9F
:109C500024337A6811461846FFF76AF9386A00F02B
:109C600097F9FEF70FFF0346002B89D10F4B4FF0FA
:109C700080521A60BFF34F8FBFF36F8F80E7386A4F
:109C800000F086F9FEF7FEFE7AE7386A00F080F908
:109C9000FEF7F8FE386A00F0CDF90346002B3FF4DA
:109CA0006FAF002318462837BD4680BD04ED00E0A5
:109CB00080B58AB000AF7860396000237B627B6832
:109CC000FB6100233B6200F02DFEFB699B6BBB61D7
:109CD000BB69002B24D0BB695A1EFB699A63FB69E0
:109CE0001B68002B04D1FFF70BFD0246FB699A604D
:109CF000FB691B69002B0FD0FB6910331846FFF777
:109D000065F90346002B07D04C4B4FF080521A6088
:109D1000BFF34F8FBFF36F8F00F020FE012389E068
:109D20003B68002B03D100F019FE002382E07B6A20
:109D3000002B06D107F10C031846FFF713FA012395
:109D40007B6200F00BFEFEF78FFE00F0EBFDFB697F
:109D500093F844305BB2B3F1FF3F03D1FB690022BB
:109D600083F84420FB6993F845305BB2B3F1FF3FC1
:109D700003D1FB69002283F8452000F0EFFD3A464D
:109D800007F10C0311461846FFF702FA0346002BB1
:109D900032D1F86900F04EF90346002B26D0FB695A
:109DA0001B68002B09D100F0BDFDFB699B681846BC
:109DB000FFF714FB386200F0D1FDFB6924333A68E9
:109DC00011461846FFF7B4F8F86900F0E1F8FEF71D
:109DD00059FE0346002B7FF476AF184B4FF08052AC
:109DE0001A60BFF34F8FBFF36F8F6CE7F86900F015
:109DF000CFF8FEF747FE66E7F86900F0C9F8FEF70E
:109E000041FEF86900F016F90346002B3FF45BAF02
:109E10003B6A002B0DD000F085FDF86900F010F8CA
:109E20007861FB699B6879691846FFF7DFFB00F0F2
:109E300095FD002318462837BD4680BD04ED00E09F
:109E400080B485B000AF78607B685B6A002B06D079
:109E50007B681B6B1B68C3F13803FB6001E00023C8
:109E6000FB60FB6818461437BD465DF8047B7047FD
:109E700080B586B000AFF860B9607A6000237B617E
:109E8000FB689B6B3B61FB681B6C002B0DD1FB6877
:109E90001B68002B4DD1FB689B681846FFF730FB11
:109EA0007861FB6800229A6043E07B68002B19D13F
:109EB000FB685868FB681B6C1A46B96808F075FBAC
:109EC000FB685A68FB681B6C1A44FB685A60FB68A5
:109ED0005A68FB689B689A422BD3FB681A68FB6838
:109EE0005A6026E0FB68D868FB681B6C1A46B968A4
:109EF00008F05BFBFB68DA68FB681B6C5B421A448A
:109F0000FB68DA60FB68DA68FB681B689A4207D274
:109F1000FB689A68FB681B6C5B421A44FB68DA605A
:109F20007B68022B05D13B69002B02D03B69013BCA
:109F30003B613B695A1CFB689A637B69184618377A
:109F4000BD4680BD80B582B000AF786039607B6867
:109F50001B6C002B18D07B68DA687B681B6C1A447A
:109F60007B68DA607B68DA687B689B689A4203D317
:109F70007B681A687B68DA607B68D9687B681B6CD1
:109F80001A46386808F011FB00BF0837BD4680BD8F
:109F900080B584B000AF786000F0C4FC7B6893F8B3
:109FA0004530FB7311E07B685B6A002B12D07B6845
:109FB00024331846FFF70AF80346002B01D0FFF7B9
:109FC00031F9FB7B013BDBB2FB7397F90F30002BC0
:109FD000E9DC00E000BF7B68FF2283F8452000F049
:109FE000BDFC00F09FFC7B6893F84430BB7311E02C
:109FF0007B681B69002B12D07B6810331846FEF774
:10A00000E5FF0346002B01D0FFF70CF9BB7B013BBA
:10A01000DBB2BB7397F90E30002BE9DC00E000BF28
:10A020007B68FF2283F8442000F098FC00BF1037C3
:10A03000BD4680BD80B584B000AF786000F072FC92
:10A040007B689B6B002B02D10123FB6001E00023A6
:10A05000FB6000F083FCFB6818461037BD4680BDEE
:10A0600080B584B000AF786000F05CFC7B689A6BD0
:10A070007B68DB6B9A4202D10123FB6001E0002385
:10A08000FB6000F06BFCFB6818461037BD4680BDD6
:10A0900080B485B000AF786039600023BB603B6856
:10A0A000002B24D00023FB601EE0184AFB68DB0075
:10A0B00013445B687A689A4205D1FB68DB00134A57
:10A0C0001344BB6013E0BB68002B0AD10F4AFB6846
:10A0D00052F83330002B04D1FB68DB000B4A1344E9
:10A0E000BB60FB680133FB60FB68072BDDD9BB68F5
:10A0F000002B05D0BB683A681A60BB687A685A6062
:10A1000000BF1437BD465DF8047B7047000800248B
:10A1100080B586B000AFF860B9607A60FB687B619B
:10A1200000F000FC7B6993F844305BB2B3F1FF3F71
:10A1300003D17B69002283F844207B6993F8453082
:10A140005BB2B3F1FF3F03D17B69002283F8452066
:10A1500000F004FC7B699B6B002B06D17B692433E8
:10A160007A68B9681846FEF7F9FE7869FFF710FFBC
:10A1700000BF1837BD4680BD80B483B000AF7860A3
:10A180007B6803F108027B685A607B684FF0FF32FE
:10A190009A607B6803F108027B68DA607B6803F1F0
:10A1A00008027B681A617B6800221A6000BF0C37C6
:10A1B000BD465DF8047B704780B483B000AF786023
:10A1C0007B6800221A6100BF0C37BD465DF8047B36
:10A1D000704780B485B000AF786039607B685B6899
:10A1E000FB603B68FA685A60FB689A683B689A6053
:10A1F000FB689B683A685A60FB683A689A603B68FB
:10A200007A681A617B681B685A1C7B681A6000BFF9
:10A210001437BD465DF8047B704780B485B000AF4D
:10A22000786039603B681B68BB60BB68B3F1FF3F77
:10A2300003D17B681B69FB600CE07B680833FB6023
:10A2400002E0FB685B68FB60FB685B681B68BA68E0
:10A250009A42F6D2FB685A683B685A603B685B6872
:10A260003A689A603B68FA689A60FB683A685A6094
:10A270003B687A681A617B681B685A1C7B681A60A5
:10A2800000BF1437BD465DF8047B704780B485B0CD
:10A2900000AF78607B681B69FB607B685B687A68ED
:10A2A00092689A607B689B687A6852685A60FB681B
:10A2B0005B687A689A4203D17B689A68FB685A6047
:10A2C0007B6800221A61FB681B685A1EFB681A60D3
:10A2D000FB681B6818461437BD465DF8047B704761
:10A2E00080B584B002AF00237B6000F035FA0A4BE2
:10A2F0001B68002B0AD0094B019303230093002312
:10A30000802207490748FEF742F878607B681846C4
:10A310000837BD4680BD00BF7008002474080024C3
:10A32000743C0170CDA3007080B584B000AFF860BC
:10A33000B9607A6008E0FB689B69BA681344BB6047
:10A34000FB681B6AF8689847FB689A69BB68D11874
:10A35000BB687A68F86800F0DFF80346002BEAD1A2
:10A3600000BF00BF1037BD4680BD000080B584B07F
:10A3700000AF78603960144B1B68DB68DB68FB60FA
:10A38000FB6804331846FFF781FFFB6893F824301D
:10A3900003F00403002B05D03A687968F868FFF7EA
:10A3A000C3FF08E0FB6893F8243023F00103DAB21E
:10A3B000FB6883F82420FB681B6AF868984700BF95
:10A3C0001037BD4680BD00BF6808002480B584B04A
:10A3D00000AF786007F10803184600F059F8F860FC
:10A3E000BB681946F86800F005F800F0D7F800BF20
:10A3F000F0E7000080B584B000AF78603960FEF708
:10A4000033FB07F10803184600F066F8F860BB68F4
:10A41000002B30D13B68002B0AD17A68FB689A4246
:10A4200006D8FEF72FFBF9687868FFF79FFF24E056
:10A430003B68002B08D0134B1B681B68002B01D115
:10A44000012300E000233B600F4B18687A68FB682B
:10A45000D31A3A681946FFF75BFEFEF713FB034673
:10A46000002B0AD1094B4FF080521A60BFF34F8F77
:10A47000BFF36F8F01E0FEF705FB00BF1037BD464D
:10A4800080BD00BF6C0800247008002404ED00E0CB
:10A4900080B485B000AF78600E4B1B681B68002B42
:10A4A00001D1012200E000227B681A607B681B68F2
:10A4B000002B05D1074B1B68DB681B68FB6001E0C4
:10A4C0000023FB60FB6818461437BD465DF8047B2B
:10A4D000704700BF6808002480B584B000AF786082
:10A4E000FEF7CAFBF8600B4B1B68FA689A4205D26C
:10A4F00000F00CF97B6801221A6002E07B68002200
:10A500001A60044AFB681360FB6818461037BD46A2
:10A5100080BD00BF7808002480B586B000AFF86029
:10A52000B9607A603B6000237B61FB68BA685A605F
:10A53000FB68FA681A61BA687B689A4212D87A682E
:10A540003B68D21AFB689B699A4202D301237B6164
:10A550001BE0104B1A68FB68043319461046FFF7DE
:10A560005CFE12E07A683B689A4206D2BA683B68A1
:10A570009A4202D301237B6107E0074B1A68FB680C
:10A58000043319461046FFF748FE7B691846183712
:10A59000BD4680BD6C0800246808002480B586B0E4
:10A5A00000AF3B1D00221A605A609A609CE07B68F5
:10A5B000002BC0F29980FB687B617B69002B00F067
:10A5C00093807B695B69002B04D07B690433184658
:10A5D000FFF75CFE3B461846FFF77EFF38617B685D
:10A5E000013B082B7DD801A252F823F011A6007080
:10A5F00011A6007079A600708DA60070B9A6007033
:10A6000011A6007011A6007079A600708DA60070CA
:10A610007B6993F8243043F00103DAB27B6983F855
:10A620002420BA687B699B69D118BB683A6978694C
:10A63000FFF772FF0346002B55D07B6993F8243057
:10A6400003F00403002B09D0BA687B699B691344AB
:10A650003A6919467869FFF767FE08E07B6993F865
:10A66000243023F00103DAB27B6983F824207B696C
:10A670001B6A7869984736E07B6993F8243023F0A9
:10A680000103DAB27B6983F824202DE07B6993F81B
:10A69000243043F00103DAB27B6983F82420BA68DE
:10A6A0007B699A617B699A693B69D1183B693A6910
:10A6B0007869FFF731FF17E07B6993F8243003F0E6
:10A6C0000203002B03D1786900F09CFA0CE07B694F
:10A6D00093F8243023F00103DAB27B6983F8242055
:10A6E00002E000BF00E000BF074B1B68391D0022DD
:10A6F0001846FFF73BFA0346002B7FF458AF00BF24
:10A7000000BF1837BD4680BD7008002480B582B0F8
:10A7100000AF09E00E4B1B68DB681B683B604FF025
:10A72000FF313868FFF722FE094B1B681B68002BBE
:10A73000F0D1074B1B687B60064B1B68044A136013
:10A74000044A7B68136000BF0837BD4680BD00BF68
:10A75000680800246C08002480B500AF00F0E2F81F
:10A76000124B1B68002B1DD11148FFF705FD114846
:10A77000FFF702FD104B0E4A1A60104B0D4A1A608B
:10A7800000220C210A20FFF7B7F80346074A13609E
:10A79000064B1B68002B05D0044B1B680849184664
:10A7A000FFF776FC00F0DAF800BF80BD70080024E7
:10A7B0004008002454080024680800246C08002481
:10A7C0007C3C017080B485B000AFF860B9607A60FD
:10A7D000FB68043BFB60FB684FF080721A60FB680B
:10A7E000043BFB60BB6823F00102FB681A60FB6856
:10A7F000043BFB600C4AFB681A60FB68143BFB607F
:10A800007A68FB681A60FB68043BFB60FB686FF0CA
:10A8100002021A60FB68203BFB60FB681846143795
:10A82000BD465DF8047B70472DA8007080B483B0EE
:10A8300000AF00233B604FF0500372B683F31188E2
:10A84000BFF36F8FBFF34F8F62B67B6000BF00BF57
:10A850003B68002BFCD000BF00BF0C37BD465DF845
:10A86000047B7047064B19680868B0E8F04F80F326
:10A870000988BFF36F8F4FF0000080F31188704795
:10A880000003002400BF00BF08480068006880F390
:10A8900008884FF0000080F3148862B661B6BFF3F9
:10A8A0004F8FBFF36F8F00DF00BF000008ED00E0A7
:10A8B00000BF00BF80B582B000AF154B1B687B6046
:10A8C000144B1B68134A43F47F031360114B1B683E
:10A8D000104A43F07F4313600F4B00221A6000F0D0
:10A8E000AFF80E4B00221A6000F0CEF80C4B1B683C
:10A8F0000B4A43F040431360FFF7C6FFFEF7C8FA68
:10A90000FFF794FF002318460837BD4680BD00BFFF
:10A9100008ED00E020ED00E01CED00E02800002440
:10A9200034EF00E080B483B000AF4FF0500372B654
:10A9300083F31188BFF36F8FBFF34F8F62B67B60D5
:10A9400000BF054B1B680133034A136000BF0C377F
:10A95000BD465DF8047B70472800002480B483B0B6
:10A9600000AF0A4B1B68013B084A1360074B1B688A
:10A97000002B05D100237B607B6883F3118800BF27
:10A9800000BF0C37BD465DF8047B704728000024EB
:10A99000EFF30980BFF36F8F154B1A681EF0100F8D
:10A9A00008BF20ED108A20E9F04F10602DE9090062
:10A9B0004FF0500072B680F31188BFF34F8FBFF392
:10A9C0006F8F62B6FEF764FA4FF0000080F31188D3
:10A9D00009BC19680868B0E8F04F1EF0100F08BFF6
:10A9E000B0EC108A80F30988BFF36F8F70470000C6
:10A9F0000003002400BF00BF80B582B000AF4FF05D
:10AA0000500372B683F31188BFF36F8FBFF34F8F7C
:10AA100062B67B6000BFFEF73FF90346002B03D010
:10AA2000064B4FF080521A6000233B603B6883F373
:10AA3000118800BF00BF0837BD4680BD04ED00E0AF
:10AA400080B400AF0B4B00221A600B4B00221A603F
:10AA50000A4B1B680A4AA2FB03239B09094A013BD4
:10AA60001360044B07221A6000BFBD465DF8047BEB
:10AA7000704700BF10E000E018E000E01C00002478
:10AA8000D34D621014E000E0DFF80C00016841F4DF
:10AA9000700101607047000088ED00E000BF00BF5A
:10AAA00080B588B000AF786000237B6100233B61F4
:10AAB0007B68002B22D00823DB437A689A421BD89C
:10AAC00008227B6813447B607B6803F00703002B3C
:10AAD00014D07B6803F00703C3F10803FB60FB6835
:10AAE000DB437A689A4204D87A68FB6813447B6037
:10AAF00004E000237B6001E000237B60FDF7B4FFEE
:10AB00003B4B1B68002B01D100F0B6F87B68002B93
:10AB100067DB7B68002B64D0364B1B687A689A42EF
:10AB20005FD8354BBB61344B1B68FB6104E0FB69AC
:10AB3000BB61FB691B68FB61FB695B687A689A42D1
:10AB400003D9FB691B68002BF1D1294B1B68FA69FB
:10AB50009A4246D0BB691B68082213447B61FB699B
:10AB60001A68BB691A60FB695A687B68D21A0823A5
:10AB70005B009A4213D9FA697B681344BB60FB6996
:10AB80005A687B68D21ABB685A60FB697A685A6057
:10AB9000BB691A68BB681A60BB69BA681A60154B52
:10ABA0001A68FB695B68D31A124A1360114B1A6862
:10ABB000124B1B689A4203D20E4B1B680F4A13605C
:10ABC000FB695B683B61FB695B6843F00042FB69C2
:10ABD0005A60FB6900221A60094B1B680133084A5E
:10ABE0001360FDF74FFF7B6918462037BD4680BDD7
:10ABF00084880024888800247C8800248C88002491
:10AC00009088002480B584B000AF78607B68FB60DA
:10AC10007B68002B27D008235B42FA681344FB6053
:10AC2000FB68BB60BB685B68002B1CDABB681B68F9
:10AC3000002B18D1BB685B6823F00042BB685A60E8
:10AC4000FDF712FFBB685A68094B1B681344084A9A
:10AC50001360B86800F06AF8064B1B680133054AB8
:10AC60001360FDF70FFF00BF1037BD4680BD00BF6A
:10AC7000888800249488002480B485B000AF4FF405
:10AC80000043BB60244BFB60FB6803F00703002B11
:10AC90000CD0FB680733FB60FB6823F00703FB6005
:10ACA000BA68FB68D31A1C4A1344BB60FB681B4A92
:10ACB00013601A4B00225A60FA68BB6813447B6029
:10ACC00008227B689B1A7B607B6823F007037B600C
:10ACD0007B68134A1360124B1B6800225A60104BAA
:10ACE0001B6800221A60FB683B603B687A68D21AD6
:10ACF0003B685A600A4B1A683B681A603B685B689D
:10AD0000084A13603B685B68074A136000BF14374A
:10AD1000BD465DF8047B70477C0800247C880024D5
:10AD2000848800248C8800248888002480B485B01E
:10AD300000AF7860284BFB6002E0FB681B68FB609B
:10AD4000FB681B687A689A42F7D8FB68BB60FB68AF
:10AD50005B68BA6813447A689A4208D1FB685A68FB
:10AD60007B685B681A44FB685A60FB687B607B68A1
:10AD7000BB607B685B68BA681A44FB681B689A42D0
:10AD800018D1FB681A68154B1B689A420DD07B6876
:10AD90005A68FB681B685B681A447B685A60FB68EA
:10ADA0001B681A687B681A6008E00C4B1A687B689D
:10ADB0001A6003E0FB681A687B681A60FA687B68AF
:10ADC0009A4202D0FB687A681A6000BF1437BD4609
:10ADD0005DF8047B704700BF7C88002484880024D1
:10ADE00008B506F046F8084B00221A7006F046F83F
:10ADF000064B186800B908BD436F1BB1BDE8084099
:10AE000000F0F6BCC068F5E798890024A08A002409
:10AE10000FB437B506AB114C00254FF4807153F8D1
:10AE2000042B0E48019307F06FFA14F8013B23B985
:10AE300003B0BDE8304004B070470A2B07D11DB104
:10AE400014F8023C0D2B02D00D2007F085F914F800
:10AE5000010C013507F080F9E7E700BF988800246E
:10AE600038B538B9154B4FF4F2721549154807F04B
:10AE700061F9FEE7B1F5803F13D209B9002038BD72
:10AE800003898CB213FA81F39BB29C4209D890F9E2
:10AE90000C50002D07DA4268511A00F1100291425D
:10AEA00005D20120EBE7002AFBD04268511A428903
:10AEB0004160144403814481E0E700BF703E0170AB
:10AEC0004D3F0170A33E0170F8B522F040030646E5
:10AED0000D461446012B9FB207D00A4B4FF4A672C1
:10AEE00009490A4807F026F9FEE7092006F018FB91
:10AEF00038B100230581458104734373C781C0E9DC
:10AF00000036F8BD703E0170CC3E0170A33E01706A
:10AF10000022FFF7A5BF000010B538B90F4B4FF462
:10AF200014720F490F4807F005F9FEE7B1F5803FAD
:10AF300007D281B18AB24389934204D20A48FFF70B
:10AF400067FF012010BD9B1A446843810C440389AC
:10AF500044609B1A03810020F4E700BF703E01703B
:10AF60004D3F0170A33E0170DE3E01700B1E02DA00
:10AF70005942FFF7D1BF0122FFF772BF70B50446F7
:10AF800038B91F4B4FF438721E491F4807F0D2F8EA
:10AF9000FEE7002605F06DFFA57B4DB9184B40F28A
:10AFA000F5221A49184807F0C5F8FEE72C46F1E7E4
:10AFB000013DEDB2A57305F061FF6DB9237B2568F6
:10AFC00003F00F03022B09D121460A2006F0BCFA38
:10AFD0000136F6B2002DE9D1304670BD012B02D109
:10AFE00021460920F2E71BB9204606F025F8EFE7D5
:10AFF000034B40F213320649034807F09BF8FEE783
:10B00000703E01704D3F0170A33E0170FC3E017027
:10B01000123F0170B2F5C17F2DE9F04704460E469C
:10B02000074614D008D822F04003012B07D1002096
:10B03000BDE8F047FFF748BFB2F5207F4DD0374B52
:10B0400040F229123649374807F074F8FEE7002429
:10B05000DFF8E0902546A0460A20A24606F060FAF6
:10B060000446D8B9304E05F004FF01233778337019
:10B07000FFB205F003FF4FB921462C4805F018FE3A
:10B0800020B105F0F6FE347005F0F8FE15B1284643
:10B09000FFF774FF00252846BDE8F087FB1C074436
:10B0A000C0F8008023F0030313370681C3F5C063A3
:10B0B00027F00307C0F80C909BB24760B34228BF4B
:10B0C000334643813DB1CAF80000F31A00279EB20F
:10B0D000002EC1D1DFE70546F7E7C31CCA1C23F0E9
:10B0E000030322F0030213449BB203F110009342C6
:10B0F00080B2CFD38242CDD806F0F6F805460028BC
:10B10000C9D004440023068113340360084B24F0A3
:10B1100003044681C3604460BDE700BF703E017018
:10B12000243F0170A33E017098890024E1AD0070B6
:10B13000800001008200010038B50D46044638B990
:10B14000234B4FF4CD722349234806F0F3FFFEE76B
:10B1500003898B423AD9CA1A6389AB4214D3227B42
:10B1600012072BD1AB4229D061682046091B294424
:10B1700089B206F013F8B8B9154B40F2BF1217495F
:10B18000154806F0D7FFFEE7EB1A9DB2238913445A
:10B1900023812468002CDFD10D4B40F2B1121049FD
:10B1A0000D4806F0C7FFFEE7844207D0084B40F287
:10B1B000C1120C49084806F0BDFFFEE72068658112
:10B1C000258108B1FFF7DAFE0023236038BD00BFF8
:10B1D000703E01703F3F0170A33E01706F3F0170F0
:10B1E000573F01708B3F017000235A1C08B998B279
:10B1F000704700681346F8E710B5044680B105F0C3
:10B2000038FEA37B0133A37305F038FEA37B3BB963
:10B21000044B40F246320449044806F08BFFFEE737
:10B2200010BD00BF703E0170A43F0170A33E0170CD
:10B2300010B500B121B91348BDE81040FFF7E8BDD3
:10B2400088420BD1104B40F25F321049104806F093
:10B2500071FFFEE70C8922440281184603680289C7
:10B26000002BF7D14389934207D0074B40F2673256
:10B270000849074806F05EFFFEE70A8901601344AB
:10B28000038110BDB63F0170703E0170EB3F01704D
:10B29000A33E01700540017010B50C46FFF7C8FFD2
:10B2A0002046BDE81040FFF7A7BF00002DE9F84396
:10B2B000074615461E460C4611B10B89934206D22D
:10B2C0003A48FFF7A5FD6FF00F00BDE8F88318B10D
:10B2D000028973199A4201DA3548F2E74FF0000902
:10B2E000B7F80A806389A8EB06087868A3EB09031E
:10B2F000616830449845494428BF9846A84528BF0E
:10B30000A8464246464407F050F97B89C144A5EB64
:10B310000808B3421FFA88F507D2264B40F2FA32EA
:10B320002549264806F006FFFEE762894A4507D20E
:10B33000204B40F2FB322249204806F0FBFEFEE79C
:10B340001BD12468BCB90DB31E48BAE70026628938
:10B3500023899A421DD12368DBB11B48FFF758FDB2
:10B360006FF00500B1E7002CF0D12046ADE7002CCE
:10B37000ECD126460EE04FF00009B342E7D13F681A
:10B38000002FF4D1002DEED010489AE7B342A94621
:10B39000F5D037B17A893B899A4202D13B68002BBC
:10B3A000DBD1002D9CD128468FE700BF32400170D1
:10B3B00066400170703E017094400170A33E0170C0
:10B3C000AB400170C6400170E2400170D540017091
:10B3D00010B529B100230A89BDE81040FFF766BF08
:10B3E0000248FFF715FD6FF00F0010BD1941017005
:10B3F0002DE9F0410F469046054630B91548002624
:10B40000FFF706FD3046BDE8F08109BB1248F6E7BC
:10B410006C8953B19C4208D81B1B9BB22D68B8F1B4
:10B42000000FEFD0002DF3D1ECE7E41A6968B819EA
:10B43000A4B21944444528BF444622462644A8EBFA
:10B44000040407F0B2F8B6B200231FFA84F8E5E767
:10B450000026E4E733410170524101702DE9F843C1
:10B4600089461646054630B91D48FFF7D1FC6FF0F6
:10B470000F00BDE8F88309B91A48F6E7038993423B
:10B4800027D21948FFF7C4FC4FF0FF30F1E73DB970
:10B49000164B40F2E5421649164806F04BFEFEE711
:10B4A0006F8909EB08016868A74228BF27463A461A
:10B4B000E41B07F07AF8B8442D68002CE7D1B045BA
:10B4C0000BD00A4B4FF49E620B490A4806F032FE3D
:10B4D000FEE714464FF00008EFE72046C9E700BF3B
:10B4E000754101708C410170A7410170703E01707F
:10B4F000C7410170A33E0170DF41017038B51546A8
:10B500000A462989FFF786FD044658B12946FFF708
:10B510005FFF38B1044B40F24C520449044806F036
:10B5200009FEFEE7204638BD703E0170F54101700E
:10B53000A33E01700FB437B506AB114C00254FF494
:10B54000807153F8042B0E48019306F0DDFE14F8C9
:10B55000013B23B903B0BDE8304004B070470A2B6B
:10B5600007D11DB114F8023C0D2B02D00D2006F0BE
:10B57000F3FD14F8010C013506F0EEFDE7E700BF1E
:10B580009989002410B5044638B9124B4FF4CE7295
:10B590001149124806F0CEFDFEE7037D042B03D0CF
:10B5A000072B0BD0032B07D102F09CFC58B90523C5
:10B5B0002046237502F0FAFD002010BD02F092FC37
:10B5C00008B90923F4E7431CF7D1638B43F0080360
:10B5D0006383F1E70642017038420170A33E0170B7
:10B5E00008B506F099FC6FEA8040024B6FEA904084
:10B5F000188008BD3000002408B5037D0146012BEA
:10B6000006D1064BD4220649064806F093FDFEE714
:10B610000120BDE8084005F097BF00BF0642017059
:10B6200044420170A33E0170F8B5034638B9154B8A
:10B6300040F2AA321449154806F07CFDFEE7028D5F
:10B6400040F66836C46A416A5F8E101BB7420844F0
:10B6500094BFC51B851B002D0EDA621A0ED4B2F5FD
:10B66000803F07D3074B40F2BA320949074806F03A
:10B6700061FDFEE792B200205A85F8BD0022104617
:10B68000FAE700BF0642017055420170A33E017007
:10B690007942017010B5044620B91748BDE8104042
:10B6A000FFF748BF037D012B07D1144B40F2D63280
:10B6B0001349144806F03EFDFEE7028D41F2D063C7
:10B6C000114489B2994213D88A4288BF194620464C
:10B6D0002185FFF7A9FF40F2B35398420AD9638B43
:10B6E000204643F002036383BDE8104002F05EBDD4
:10B6F0001946ECE710BD00BF93420170064201708D
:10B70000AB420170A33E017010B5044648B14068D9
:10B7100008B1FFF733FC21460320BDE8104005F0D7
:10B7200013BF10BD10B500B910BD0468FFF7ECFFE2
:10B730002046F8E738B5044638B90E4B40F2866229
:10B740000D490E4806F0F6FCFEE7032005F0E8FE82
:10B75000054660B12346024604F1140153F8040B78
:10B760008B4242F8040BF9D16868FFF745FD284683
:10B7700038BD00BF06420170D1420170A33E017086
:10B7800008B538B9074B40F6B9020749074806F033
:10B79000D1FCFEE7064B074A18681268104418608F
:10B7A00008BD00BF06420170EB420170A33E01706C
:10B7B0002C000024AC8A002408B53AB9094B40F6A5
:10B7C000CF020949094806F0B5FCFEE749B18B8C68
:10B7D0003BB1282B38BF2823283B9BB2984228BF77
:10B7E000184608BD0642017005430170A33E017072
:10B7F00010B50446406F18B1FFF794FF002363674C
:10B8000010BD000010B5044620B91248BDE8104034
:10B81000FFF790BE037D012B1AD90A2B18D0806F39
:10B8200018B1FFF7ABFB0023A367636F13B120468A
:10B83000FFF7DEFF4FF6FF73E06E2386FFF772FF20
:10B84000206FFFF76FFF0023C4E91B33A4F86830B3
:10B8500010BD00BF2C43017010B50C4639B92C4BFC
:10B8600040F68D022B492C4806F064FCFEE738B9FF
:10B87000274B40F68E022949274806F05BFCFEE77D
:10B880000368994216D1CB68036000232046E36029
:10B89000FFF7B8FF237D0A2B14D1E36E23BB236F80
:10B8A00053B31B4B40F69E021D491B4806F042FC59
:10B8B000FEE71346002BE8D0DA689442F9D1E2683B
:10B8C000DA60E2E7012B0BD0638BDA07E5D543F0B2
:10B8D00002032046638302F069FC237D012BDCD147
:10B8E00000232375E38210BD094B40F69D020D49EC
:10B8F000094806F01FFCFEE7636F002BF0D0044BF5
:10B900004FF40A620849044806F014FCFEE700BF41
:10B910000642017047430170A33E0170634301700A
:10B920009B43017083430170B44301702DE9FF47CD
:10B930000E46044628B9364804B0BDE8F047FFF784
:10B94000F9BD037D012B07D1324B4FF41072324900
:10B95000324806F0EFFBFEE70A2B09D101463048DA
:10B96000FFF77AFF204604B0BDE8F047FFF744BE7A
:10B97000D0F85090D0F824A0D0F89070D0F8108073
:10B98000C58A002B38D12DBB00252E46206F08B16B
:10B99000FFF7C8FEE06E08B1FFF7C4FE606F08B1A4
:10B9A000FFF7C0FE56B1238B524649462046CDE9EB
:10B9B0000153231D0093234602F08AFB2046FFF724
:10B9C0001BFE0FB36FF00C0140463B4604B0BDE8D0
:10B9D000F0471847134A1368834205D1C3681360C0
:10B9E0000023E360D0E71346002BF9D0DA68A242C7
:10B9F000F9D1E268DA60F3E701460B48FFF72CFF64
:10BA00000A4B01221A70C1E704B0BDE8F08700BFFD
:10BA1000CB43017006420170E4430170A33E017004
:10BA20009C8A0024A88A0024A08A00249B8A0024DF
:10BA30000121FFF77BBF000038B5044680B90A4BEF
:10BA400040F60A1209490A4806F074FBFEE70A6844
:10BA50002368CD689A4202D10846FFF7E9FF2946DC
:10BA60000029F4D138BD00BF0642017015440170B1
:10BA7000A33E017038B50D46044680B1036873B12A
:10BA80000B4B1968FFF7D8FF0A4B20461968FFF7E0
:10BA9000D3FF25B12B6813B1074B1B6803B938BD21
:10BAA00019682268914204BF2A681A60DB68F5E7CA
:10BAB000A08A0024A88A0024A48A00240C4B002217
:10BAC00019680C4B30B404461D68104619B968B1AA
:10BAD00030BCFFF72BBF0B7DA34205D10B6AEB1ADD
:10BAE000934224BF1A460846C968EFE730BC704746
:10BAF000A08A0024AC8A0024F8B50446012005F091
:10BB00000FFD0346002836D13F4E3068002857D13C
:10BB10003E4B01463E4D1B682F68002B5BD108B1A0
:10BB2000FFF786FF012005F0FBFC034618BB092048
:10BB3000FFF7C4FF012005F0F3FC0346D8B9082045
:10BB4000FFF7BCFF012005F0EBFC034698B9220685
:10BB50004AD45CB121460139326800202E68C9B24E
:10BB6000002A43D113B11846FFF762FF012005F008
:10BB7000D7FC034610B39C221846002106F090FC27
:10BB800041F2D06203464475A0F86420214A8262E3
:10BB9000FF22C2720622A0F84020C2871E4A02631A
:10BBA0001B4A126802621D4A127882771C4A82641C
:10BBB0001C4AC0F884201C4AC0F894201846F8BDDE
:10BBC000438BC568190704D523F008034383FFF7A7
:10BBD000D9FC28469AE71A6ABA1A8A4234BF0A463A
:10BBE0001846DB68114698E77F21B4E7577D8F42FE
:10BBF00004D307D1156A751B854203D3106A3946F1
:10BC00001346301AD268ABE7A08A00249C8A00242D
:10BC1000AC8A0024D016D016FFFF1802998A00249F
:10BC20000100D016C1BD007000DD6D0030B50446C6
:10BC300085B038B94C4B4FF4AF724C494C4806F0C4
:10BC400079FAFEE7037D002941D0042B01D0072BB0
:10BC50003DD1A36F23B9228D41F2D0639A427DD0AA
:10BC6000638BDB0607D4404B4FF4B2724149404826
:10BC700006F060FAFEE7238B20460293E38A0193E5
:10BC8000231D00932346626A216D02F021FA2046AB
:10BC9000FFF7B8FD384A1368A34210D1E368136078
:10BCA00000230122E360354B1A70354B1B68A34219
:10BCB0001DD101F021FE002005B030BD1346002B40
:10BCC000EED0DA68A242F9D1E268DA60E8E7012B47
:10BCD0001AD0022B3AD0002B40D1E38A3BB1294A3B
:10BCE0001368A34208D1E36813600023E360204691
:10BCF000FFF782FCDFE71346002BF6D0DA68A2429A
:10BD0000F9D1E268DA60F0E71F49002051F8042F0A
:10BD1000126882B90133042BF8D121461B48FFF782
:10BD20009BFD237D012B0CD10F4BDF2218491048BE
:10BD300006F000FAFEE7D56FAC4208BFD067D268C4
:10BD4000E7E72146022005F0FFFBB4E721460A4859
:10BD5000FFF782FD094B01221A70C8E7204605B0A3
:10BD6000BDE83040FFF70EBC064201704944017047
:10BD7000A33E017069440170A08A00249B8A0024BC
:10BD8000B08A0024A88A0024D45D0170A48A00240B
:10BD90008244017008B558B1037D0121012B1EBFFB
:10BDA000438B43F010034383BDE80840FFF73EBFD9
:10BDB0000248FFF7BFFB6FF00F0008BD9B44017006
:10BDC00010B50846144629B90A48FFF7B3FB6FF0CF
:10BDD0000F0010BD3AB11189FFF75CFC2046FFF758
:10BDE000CDF80020F5E7002BFBD1BDE81040FFF7B0
:10BDF000D1BF00BFB2440170F8B5044630B96FF04E
:10BE00000F051B48FFF796FB2846F8BD866F0023F9
:10BE1000D0F88450777B8367E5B1014632460069EC
:10BE2000A8470546E8B9BB06EED5238D41F2D0629E
:10BE3000D4F8846093421CBF01332385002EE3D0E5
:10BE40000023214620691A46B0470D30DCD16FF03F
:10BE50000C05D9E701462B4632462846FFF7B0FFCE
:10BE6000DFE70D35F3D06FF00405A667CCE700BF20
:10BE7000CD4401702DE9F8431B4D1C4F2B781C4E0F
:10BE800001332B703C684FF000080CB9BDE8F88313
:10BE90002B78A27F9A4224D0A377638BD90709D548
:10BEA00043F002032046638302F080F9638B23F0A2
:10BEB00003036383638B1A0705D523F00803204629
:10BEC0006383FFF75FFBA36FD4F80C903BB1204670
:10BED00086F80080FFF790FF3378002BD2D14C46D4
:10BEE000D3E7E468D1E700BF998A0024A08A002440
:10BEF0009B8A00242DE9F04FB94C87B0DFF81C83F2
:10BF00002368B84E0133236098F80030013388F875
:10BF10000030D6F800B00025B34FBBF1000F07D1B9
:10BF2000B24E3568002D40F0E58107B0BDE8F08FD6
:10BF30009BF814203AB9AE4B40F2C242AD49AE482C
:10BF400006F0F8F8FEE7012A07D1A94B40F2C342F8
:10BF5000AA49A94806F0EEF8FEE70A2A07D1A44B41
:10BF600040F2C442A649A44806F0E4F8FEE798F877
:10BF700000109BF81E00884204D1DBF80C905D464F
:10BF8000CB46CAE7022A8BF81E109BF8421012D14A
:10BF9000052900F2F4809BF89910002900F09D809B
:10BFA000DBF870204AB1924B4FF49B62954992485E
:10BFB00006F0C0F8FEE70B29EBE7DBF86C203AB996
:10BFC0008B4B40F2D94290498B4806F0B3F8FEE71C
:10BFD0009BF89A200B2A00F2D2808C4A0A4412F86D
:10BFE000011C9BF898208A420DD3BBF860100029F1
:10BFF00063D0584601F024FE002863D1584602F071
:10C00000D5F830B15EE00132D2B28A428BF8982086
:10C01000EBD24FF0000A9BF8140006280DD1BBF8B4
:10C020001A20D20609D52268DBF82010521A282AD5
:10C0300084BF0AF1010A5FFA8AFA9BF80920130704
:10C0400005D5042800F09E80072800F09B804FF063
:10C050000009DBF874206AB12268DBF82010511A5D
:10C06000BBF9402002EB4202B1EB420F02D358462B
:10C07000FFF7BEFB9BF81420032A40F0D180226812
:10C08000DBF82010521A282A03D8BAF1000F00F06A
:10C090000D815846DBF890A0FFF7B4FB3268002D05
:10C0A00000F0F680934540F0C480514B40F271524D
:10C0B0005749514806F03EF8FEE7584602F082FA2A
:10C0C0000028A6D100228BF898209BF89920062AF8
:10C0D0009FD801328BF899209BE7BBF8302047F6B8
:10C0E000FE718A429CBF0132ABF83020BBF9402080
:10C0F000BBF9301091428CDB584601F025FF38B176
:10C10000DBF87020002A84D1DBF86C20002A80D074
:10C110009BF81420022A14D0BBF93C10BBF93E2036
:10C120003C4802EBE1029BF842100C2928BF0C218D
:10C13000415C8A4047F6FF718A42A8BF0A46ABF8C5
:10C140004020BBF848C00021BBF86020BBF832009B
:10C150006245ABF83010ABF8480028BF62464FEAA2
:10C16000400CABF86A10584652081FFA8CFC624526
:10C1700038BF6246ABF84A2002F0C4F949E74FF0F5
:10C18000010A48E7DBF820204FF4FA7C2068801A87
:10C19000DBF8942002F5242101F6B841B1FBFCF153
:10C1A000884206D90AF1010A4FF001095FFA8AFABA
:10C1B0004FE79BF89B10184B03FB0122B2FBFCF2EC
:10C1C00090427FF644AF584602F0D2F900287FF43F
:10C1D0003EAF9BF89B2001328BF89B2037E700BFD6
:10C1E000AC8A0024A08A00249B8A00249C8A002414
:10C1F00006420170F3440170A33E01701C450170BA
:10C200004545017071450170A3450170E45D017001
:10C21000D8450170EB5D0170F8240100998A002473
:10C22000092A7FF432AF2268DBF82010521AF02A74
:10C230002AE7DBF80C20EA60B9F1000F10D0BBF858
:10C2400018205B4658460292BBF8162001920BF16B
:10C2500004020092DBF82420DBF8501001F038FFD4
:10C26000DBF810305846DBF80C900593FFF7C4F963
:10C270004FF000033B70BAF1000F07D06FF00C01D4
:10C280000598D0473B78002B7FF443AEAB4676E66B
:10C29000934507D0354B40F275523549354805F086
:10C2A00049FFFEE7DBF80C203260C5E79BF81C2055
:10C2B0009BF81D100132DBF80C90D2B291428BF842
:10C2C0001C203FF65CAEDBF88C208BF81CA087F8B6
:10C2D00000A01AB9584601F069FF50E65946DBF84C
:10C2E000100090473A78002A7FF413AE00287FF4BC
:10C2F00046AEEFE72A7D0A2A07D01C4B40F2A55232
:10C300001D491C4805F016FFFEE72268296A521AEB
:10C31000F02A10D92846FFF775FABBF1000F0DD1AE
:10C32000326895421ED0114B40F2B7521349114862
:10C3300005F000FFFEE7AB46ED68F3E53268954295
:10C3400007D10A4B40F2B3520D490A4805F0F2FEFC
:10C35000FEE7EA68CBF80C20EF682846FFF74CF9B7
:10C360003D46DFE5EA683260F6E700BF064201704D
:10C3700003460170A33E01702D4601708346017093
:10C380005C46017008B5FFF775FD064A1378013366
:10C39000DBB21370DB0703D5BDE80840FFF7AABD89
:10C3A00008BD00BF9A8A00240C4A1388591C1180CA
:10C3B0000B4A12889A420FD90A4A12681AB10A49DE
:10C3C00009888B4204D2094A12681344187D7047C9
:10C3D0005B1ADBB2D05C704700207047C88A00242B
:10C3E000D28A0024CC8A0024D08A0024D48A002453
:10C3F000F8B50C46054638B91F4B40F22C421F4990
:10C400001F4805F097FEFEE70369988904F0DBFDFD
:10C41000C20717D41B4EC4B130682B892769034467
:10C42000B4F808C079685A1AA2EB0C02002A0FDA95
:10C43000CB1A002B0ADA091A686889B22981FEF73B
:10C440007BFE03E02046FFF76DF900242C60F8BD69
:10C45000B88904F0B8FDC30707D52B6901209F896F
:10C4600004F0B1FD2B6907439F8127682046FFF741
:10C470004BF93C46CFE700BFA9460170DE4601708C
:10C48000A33E0170C48A0024F8B5054638B91E4B96
:10C4900040F291721D491E4805F04CFEFEE71D4B0F
:10C4A0001E8886B31C4C0023238029E0FFF77CFF05
:10C4B000012825D0022808D028B3FFF775FF0128EE
:10C4C00021D92388023B0344EEE7FFF76DFF0428E0
:10C4D00019D123880133B34215DAFFF765FF07024C
:10C4E000FFF762FF40F2B451BFB240EA070340F2E7
:10C4F000B3509BB25A1E92B2824288BF0B466B86E3
:10C500002388B342D2D3F8BDA94601700347017016
:10C51000A33E0170D28A0024C88A00240C4B10B5B7
:10C520001B78044613F0100011D0638BDB0606D491
:10C53000D4F890301BB16FF00E0120699847214666
:10C540000448FFF789F92046FFF756F8012010BD8F
:10C55000B88A0024A08A00242DE9F84F06460C462C
:10C560001746DFF8B08004BB4FF0000A5046BDE824
:10C57000F88F1B1AB8F800205046A6F86630BAF8B3
:10C5800008301344A8F80030FFF7BEF8B6F866305C
:10C59000002BE8D04CB9002FE6D1194B40F26E4287
:10C5A0001849194805F0C6FDFEE7184BA2461D685C
:10C5B0002369586804F00AFD2269B4F8089083469C
:10C5C0009089A5EB090504F0FEFC10F00300A5EB33
:10C5D0000B0518BF01202D1A002DC7DBDAF8040067
:10C5E0002468FEF701FEB6F866309842C1D9044BC4
:10C5F00040F264420649044805F09CFDFEE700BF96
:10C60000A946017045470170A33E0170C08A00240D
:10C610001D470170BC8A00242DE9F84F037D0446B4
:10C62000032B07D8AE4B4FF49162AE49AE4805F0EC
:10C6300081FDFEE7AD4AAE4E1278336812F0100F5E
:10C64000AC4F00F08B80B0F86010AB4DD0E915C056
:10C650002A68ACEB030EBEF1000F10DB9C4504D141
:10C66000A0EB020CBCF1000F09DB904219D1DFF8FE
:10C67000A4C2DCF800C0BCF80EC08C4511D9DFF8AC
:10C6800094C2B4F86280DCF800C0BCF80EC01FFA97
:10C690008CFEA4F860C0F045C4E9153238BFA4F898
:10C6A00062C0636CA3EB020CBCF1000F77DBB7F840
:10C6B00000C0BCF1000F28D101EB000CB4F8600001
:10C6C000A16D0844844520D1B4F9301000291CDB49
:10C6D00093421AD194F84330FF2B1CBF013384F8E6
:10C6E000433094F84330032B0ED9B4F84820638EBE
:10C6F00013449BB29A4288BF4FF6FF73A4F84830A8
:10C70000204601F0B1FC00E0FAD0636B33B3A26BBA
:10C710002968521A002A21DA784A9BB2B4F93CC03F
:10C720001588CCF3CF01EA1A521A10B21CFA82F221
:10C73000002812B2B8BF5B1BA287B8BFC918B4F9F2
:10C740003E30B8BF08B2A3EBA30303449BB2E38718
:10C7500003EBE203A4F84030002363633D883268B2
:10C76000636A002D00F04C83217D062900F2488386
:10C77000991A012900F14B81501E2844C01A002843
:10C78000C0F245815E4D6868002840F09180544BAE
:10C7900040F29A525B49544805F0CCFCFEE7D9437D
:10C7A000D14200F18180216D891A00297CDB618BE7
:10C7B000B4F84A0011F0040F07D021F00401A4F8E6
:10C7C000480061830021A4F86A10B4F93CC0D31A70
:10C7D000E18F62649BB201EBEC01B4F84820A4F84D
:10C7E000401082424FF00001A4F8421015D2618B34
:10C7F00011F4006F618E0CBF0220012011FB00F1CB
:10C8000089B2994294BF5018D01883B29A4201D984
:10C810004FF6FF73A4F8483009E0B4F86A100B44EF
:10C820009BB299422CD89A422CD9A4F86A3020465F
:10C83000D4E91B21FFF790FEE16E024620672046F7
:10C84000FFF78AFE226FE066B2FA82F35B095B4271
:10C8500023860023237708B9A4F868002A49B4F88E
:10C86000643009880B44A4F86430638B19057FF5A4
:10C870004CAFBAB968B9638B23F40063638344E7B0
:10C880004FF6FF739B1AA4F86A30638E13449BB271
:10C89000BCE70369586804F099FBE36CC01A0028F0
:10C8A000E9DA32E71369F5E7204601F04BFC2CE7A3
:10C8B0004FF6FE73994207D9094B40F29B52134938
:10C8C000094805F037FCFEE789B20389994223D96C
:10C8D000034B40F29D520E49034805F02BFCFEE746
:10C8E000A946017065470170A33E0170B98A002412
:10C8F000C48A0024BA8A0024C08A0024AC8A002496
:10C90000D88A00247E470170BC8A00248E470170BB
:10C910009D470170D48A00242A895B1A4FF0000CCD
:10C92000521A9BB22A814289914269D8FEF7F4FAE1
:10C93000636A2A69336053603268636AD11A0029D6
:10C94000C0F29A81991A208D0139C14200F1948177
:10C950009A4240F08B81994D2B69B5F808809889EF
:10C9600004F031FB10F00300228D18BF012008EB0A
:10C9700000039BB29A423B8051D22B69988904F004
:10C9800022FBC2070FD52B69B3F80C80404628F470
:10C990007C5804F018FB00F03E0004F014FB2B69F7
:10C9A00040EA08009881238D2B812B69988904F037
:10C9B0000AFB8307686842BF2B8903F1FF332B8191
:10C9C0002989FEF7B9FB2B69B5F80880988904F02E
:10C9D000FAFA10F00300326818BF0120616A08EB10
:10C9E00000039BB23B801344228D0A44934216D02D
:10C9F000734B40F2D1527349734805F09BFBFEE73D
:10CA0000891A0381A0F80AC089B200688BE7D21A9C
:10CA1000002ABEBF638B43F0020363838CE7636F1E
:10CA2000002B4ED02B69988904F0CDFAC00745D46D
:10CA3000D4F8748030683B880344B8F1000F78D094
:10CA4000D8F810C0B8F80810DCF804201144591ABE
:10CA5000002945DAD31A002B6BDA2B69121A2A81C6
:10CA6000988904F0B0FA8307686842BF2B8903F104
:10CA7000FF332B812989FEF75FFB2B69B5F80890FE
:10CA8000988904F0A0FA10F00300326818BF012062
:10CA900009EB00039BB23B801344D8F81020526886
:10CAA000934246D0464B40F202624849464805F060
:10CAB00041FBFEE703686367FEF726FE606F002810
:10CAC000F8D13A88336813446362238D9A4233D98C
:10CAD0003B4B40F20D623E493B4805F02BFBFEE725
:10CAE000BCF80C0004F06FFAC1071BD52B699889BC
:10CAF00004F069FA820715D42B690120B3F80C9071
:10CB000004F061FA2B6949EA0000B5F808909881B1
:10CB100080B204F058FA10F0030018BF01208144DD
:10CB2000A7F80090D8F800904046FEF7EDFDC84603
:10CB300080E7C4F87480C4E79B1A20462385FEF77B
:10CB400073FD6B681A891AB1224A136000236B6067
:10CB50002B69988904F037FAC50704D51E4A137863
:10CB600043F0200313701B4F4FF00009DFF868807B
:10CB700066E033608889B5F808A004F024FA636A97
:10CB800010F00300B5F808B018BF01209A442B69D3
:10CB90005044B4F828A06062988904F014FA10F0A8
:10CBA000030018BF01205844824519D2044B40F2BB
:10CBB00031620A49044805F0BDFAFEE7D88A00242C
:10CBC000A9460170AD470170A33E0170E3470170B3
:10CBD0001D480170B48A0024B88A00243B480170C3
:10CBE0002B69B5F808A0988904F0EDF910F003005E
:10CBF000238D18BF012050441B1A20462385FEF7C1
:10CC000013FD69680B892BB1386840B3FEF710FB40
:10CC1000C5F804902B69988904F0D5F9C0070AD5A6
:10CC200098F8003043F0200388F80030237D042B6F
:10CC300004BF072323752B6828466367FEF764FD4E
:10CC4000656F25B12969626A4B68934291D0638B05
:10CC5000D90706D523F0010343F0020303E039604E
:10CC6000D6E743F001036383BDE8F88F656F45B9EC
:10CC70006948FEF75FFD60672046BDE8F84F01F0A8
:10CC800061BA4FF0000802F1FF3C286943689A42FC
:10CC900018D161482B8902899A42EDD92B68002B63
:10CCA000EAD0FEF747FD0028E6D0B8F1000F07D024
:10CCB000C8F800002946FFF79BFBDDE70D46E4E7D7
:10CCC0006067F7E7B8F1000F09D1D11A00292DDA12
:10CCD0005148FEF72FFD0028CED06067EAE7D8F86C
:10CCE00010104968ACEB010100291FDB991A0129DA
:10CCF0001CD44948FEF71EFD07460028BCD0D8F8D2
:10CD0000103031685A68B8F808301344CB1A002B39
:10CD100007DA891AD8F8040089B2A8F80810FEF7D3
:10CD20000BFA29463846C8F80070C4E72968A846B7
:10CD30000029C3D19B1A002B9EDA808904F043F9A5
:10CD4000C20799D43448FEF7F5FC2860002893D038
:10CD50002B6931685A682B891344CB1A002B05DAEA
:10CD6000891A686889B22981FEF7E6F933683A883A
:10CD70001A44636A9B1A228DD3427FF57DAF2B68DC
:10CD80001B69988904F01FF9C30711D52B681B692B
:10CD9000B3F80C80404628F47C5804F014F900F0F5
:10CDA0003E0004F010F92B6840EA08001B699881E6
:10CDB0003268218D2B68891A626A5868114489B2D9
:10CDC0001981FEF7B9F92B681D891B69988904F050
:10CDD000FAF810F00300326818BF0120616A2B18BE
:10CDE0009BB23B801344228D0A4493423FF444AFEC
:10CDF0000A4B4FF4E1620A490A4805F09BF9FEE745
:10CE0000D11A002905DB9B1A228D013BD3427FF505
:10CE10002BAF638B20E700BFD88A0024A94601709E
:10CE2000AD470170A33E01702DE9F04F054685B076
:10CE300030B9A74B8322A749A74805F07BF9FEE745
:10CE40004368A64E33604389132B40F2D980A44F28
:10CE50003968786903F055FC0446002840F0D0801A
:10CE60007B6903F0F003E02B00F0CA8033689889F7
:10CE700004F0A9F8810A01F0FC01132940F2C080F6
:10CE80002B898B42C0F0BC80A1F114036A89DFF8C2
:10CE900098829BB2DFF894A28A42A8F80030CAF8C0
:10CEA000004068D38F4A28461380FEF735F834686F
:10CEB000DFF87CB2208804F086F82080346860882F
:10CEC00004F081F860803468606804F07FF8864B75
:10CED000606034681860A06804F078F8A060346876
:10CEE000CBF80000E08904F06EF83268E0819089A8
:10CEF00004F069F87D4A00F03F0410F0030F5FFA78
:10CF000080FEB5F808907A4B147073D1A3F80090A6
:10CF1000784A4FF0000AD7F804C0D2F80080316890
:10CF20004446002C72D1744AD7F810A0106800282B
:10CF300040F0C280714AD7F814A0D2F8008044466D
:10CF4000002C40F04081888904F03DF810F0040F77
:10CF5000674B55D130681C88634B1A68038822449C
:10CF6000029343880193664B00930433DBF800106F
:10CF7000786800F0A8BC2B6833B9554BC2226149D0
:10CF8000554805F0D7F8FEE714212846FDF7C4FF01
:10CF90006C89544B2846B8F8009021461C80FDF758
:10CFA000BBFFA9EB040828681FFA88F843894345AA
:10CFB00026D343684146CAF80030FDF7ADFF2B8900
:10CFC0001C446B89A4EB0904A4B22C8133B1404BFF
:10CFD000DF224D49404805F0ADF8FEE72B681B897C
:10CFE000A3423FF464AF3A4BE02248493A4805F087
:10CFF000A1F8FEE709F1010292B291451A8087D9A2
:10D00000284605B0BDE8F04FFDF7B8BF227D32B924
:10D010002F4BFB223E49304805F08CF8FEE70A2AE8
:10D0200006D12B4BFC223B492B4805F083F8FEE749
:10D03000012A06D1264BFD223749274805F07AF808
:10D04000FEE7207A28B19CF830200132D2B290421B
:10D050002FD1208B0A8890422BD1E08A4A889042B7
:10D0600027D160683A69904223D120687A6990425A
:10D070001FD1E268944207D1154B40F20D122749A7
:10D08000154805F057F8FEE7BAF1000F00F02481CB
:10D09000CAF80C204445174AC4F80C80146040F0CC
:10D0A0001B810B4B40F215121D490B4805F042F84D
:10D0B000FEE7A246E46834E7027D0A2A3AD0044B30
:10D0C00040F21F121749044805F034F8FEE700BF8C
:10D0D000A94601705F480170A33E0170D48A002404
:10D0E000EC8A0024D08A0024C48A0024B98A00244F
:10D0F000BA8A0024A08A00249C8A0024A48A0024DE
:10D10000FC8A0024774801708748017093480170B9
:10D11000B2480170D9480170034901702A49017071
:10D12000554901707F490170D28A0024CC8A0024BD
:10D13000C08A0024047A2CB19CF830200132D2B28B
:10D1400094423ED10A88B0F81890914539D14A8866
:10D15000B0F81680904534D14268524531D1046808
:10D160007A6994422DD11EF0040F7FF449AFA04A92
:10D170001EF0020F148814D09E4B1A68436AD61A08
:10D18000002E14DB068D9B1ADE4210D49A4B2244EB
:10D1900000930433CDE90189DBF8001000F098FF1B
:10D1A0002EE71EF0010F1EBF944B1B680362002C7C
:10D1B0003FF426AF438B43F00203438300F0F6FFB6
:10D1C0001EE7C068B3E694F80890B9F1000F05D0E7
:10D1D0009CF830200132D2B291450BD1B4F81690B0
:10D1E0004A88914506D12268524500F04F83002AB3
:10D1F00000F04C832046E468A2E61EF0020F3FF4E4
:10D20000FFAE607DFEF778FC814648B9A369002B2C
:10D210003FF4F6AE01464FF0FF3220699847EFE643
:10D220007A69316802603A69724F4260E28AC2826A
:10D230000A78497842EA01220283032202753A6899
:10D2400001324262C262FEF79BFA3B68C9F858009D
:10D25000013BC9F85000C9F84400C9F854302369AB
:10D26000C9F85C00C9F87C40C9F81030637A644A98
:10D2700003F00C0389F80930237A09F1040489F8D2
:10D2800008301368C2F80090C9F80C3001F07EFC39
:10D2900001225C4B48461A70FFF7F6F833682046C7
:10D2A000B9F83260DB89A9F86030A9F8623003F080
:10D2B00095F8224601463046FEF77EFA1221A9F87B
:10D2C0003200484600F07EFD20B141464846FEF758
:10D2D0002DFB95E6484671E7DFF8448100221EF0F9
:10D2E000080FDFF840A1484FA8F80890DFF8389100
:10D2F000C8F80020CAF800203A70A9F80020C8F841
:10D30000101018BF6A7BC8F804501CBF42F001021D
:10D310006A73A26FEAB12046FEF76EFD0D3004D0AD
:10D32000A26F334BAAB11A889AB1638D13B9204604
:10D3300000F008FF0024354BD8F804001C60CAF840
:10D34000004018B1FDF71AFEC8F8044005B0BDE86A
:10D35000F08F2F4D2D4A2878146043073CD5207D4F
:10D36000022817D1226DDBF800309A422BD03B788F
:10D370001A0740F12582D4F890301BB16FF00D01EF
:10D380002069984721461E48FEF766FA2046FEF7B8
:10D3900033F9CFE7174B626A1B689A420AD0991A91
:10D3A0000029E4DB218DD21AD142E0D4638B43F013
:10D3B00002030FE038B9174B40F23B3216491748C9
:10D3C00004F0B8FEFEE73B7843F008033B70638B44
:10D3D00023F001036383CAE78107628B26D5207D92
:10D3E0000238012822D942F002026283BFE700BF5F
:10D3F000BA8A0024C48A0024FC8A0024AC8A00244F
:10D40000A08A00249B8A0024B88A0024B08A0024C1
:10D41000B98A0024A9460170AC490170A33E01708D
:10D42000D88A0024B48A0024BC8A0024D30620466B
:10D430005EBFA14A126822620022A4F89A20FFF778
:10D4400023F895F800C09D4B1CF0020203D0207D0C
:10D45000023801288BD8207D0238072887D8DFE8DA
:10D4600010F00800970002010601610102017A0133
:10D4700099010CF01202122A6AD1626CDBF80000EA
:10D480000132824264D18E4B62641B683268591C3F
:10D49000013B668E6162E162D28963650423A4F870
:10D4A0006020E5182375A4F86220284602F096FF54
:10D4B0002A4601463046FEF77FF941F21C1342002E
:10D4C000608681009A42154638BF1D46B5EB800F35
:10D4D0000DD98BB2A4F84830B4F866305BB9794BFB
:10D4E00040F277327849794804F024FEFEE79A4208
:10D4F00088BF93B2EEE7013B206FA4F86630F8B91D
:10D50000E06E38B96F4B40F27F3271496F4804F0DA
:10D5100011FEFEE70368E366FEF7F6F8236F93B9A2
:10D520004FF6FF732386D4F88830002B3FF43EAFCC
:10D5300000222146206998470D307FF437AFF9E685
:10D5400003682367E8E70023238684F84230EAE78C
:10D550001CF0100F3FF40BAF30681D88584B1A6851
:10D5600003882A440293438820460193594B009331
:10D570000433DBF8001000F0ABFD94F84230052BCB
:10D580003FF6F5AE00232046238600F0D7FFEEE6F7
:10D5900052B1626A4A4B013A1B689A427FF4E7AE85
:10D5A000204600F01BFDE2E61CF0100F3FF4DFAE5A
:10D5B000606CDBF80010C043C84244D4206D401AB0
:10D5C000002840DB04232375E36F1BB92046FEF7D8
:10D5D0002FFAAFE69B693BB93A4B4FF46E723E4966
:10D5E0003A4804F0A7FDFEE721462069984718B1A4
:10D5F0000D303FF49FAEE9E72046FFF70DF8B9F88C
:10D60000003013B1013BA9F80030618E41F21C13C8
:10D610004A0088009A42154638BF1D46B5EB810F77
:10D620000DD983B2A4F848303B7898067FF59FAEB9
:10D63000638B43F0020363830723237597E69A42C3
:10D6400088BF93B2EEE730681D881D4B1A680388C7
:10D650002A4402934388204601931E4B00930433CF
:10D6600000F036FD83E62046FEF7D6FFDCE72046D5
:10D67000FEF7D2FF3B78990644D52A78638BD20611
:10D6800043F002033BD5206DDBF80020904236D1F9
:10D69000E26E002A33D163832046FEF7B3F80F4AC7
:10D6A00013689C421DD1E36813601CE0DA68944261
:10D6B00016D1E268DA6016E0AC8A0024BA8A002447
:10D6C000C48A0024A9460170CC490170A33E0170B0
:10D6D000E2490170FC8A0024F5490170A08A002407
:10D6E0001346002BE2D17A4B01221A700A232375CC
:10D6F000784B1A681C60E26001F048FA37E66383F1
:10D7000008239AE72B78DE067FF531AE226DDBF831
:10D7100000309A427FF42BAEE36E002B7FF427AEED
:10D7200006238AE72046FEF777FF3B789D067FF5C4
:10D730001EAE638B204643F002036383FEF762F85C
:10D74000654A13689C42AED0002BCCD0DA68944274
:10D75000AFD01346F8E72046FEF75EFF2B78D806D9
:10D760007FF505AE226DDBF800309A427FF4FFAD05
:10D77000E36E002B7FF4FBAD2046FEF743F8564ADC
:10D7800013689C428FD0002BADD0DA68944290D0C1
:10D790001346F8E72046FEF73FFF2B78D9067FF5C2
:10D7A000E6AD206DDBF800203B7890427FF4DFADE2
:10D7B000E26E002A7FF4DBAD43F010033B70D6E548
:10D7C000B9F800202AB1D4F88030ABB90023A9F809
:10D7D00000302046FEF7A2FE00287FF4ABADDAF859
:10D7E00000202AB3A36F6BB13C4B4FF4F3723C495A
:10D7F0003C4804F09FFCFEE72146206998470D3025
:10D80000E4D197E5638B13F0100303D01046FDF7C6
:10D81000B5FBDBE6D4F8845005B321462069A84760
:10D8200010F10D0F3FF486AD10B1DAF80030A367A8
:10D830003B789B0605D5A36FABB15A7B42F0200223
:10D840005A730023284A20461360FEF767FE00281B
:10D850007FF470AD204600F0A9FC6BE52B46214615
:10D86000FEF7AEFADCE7238D41F2D062D4F88450A3
:10D8700093421CBF01332385002DE2D000232146B3
:10D8800020691A46A8470D30DBD153E528B1E2687C
:10D89000C260164AC4F80C8014601EF0040F7FF4B6
:10D8A000AFAB1EF010083FF4A8AC1888104B1A68F4
:10D8B0000B880244604602934B8801930D4B009302
:10D8C0000433DBF8001000F01FFCFFF799BB00BF2A
:10D8D0009B8A00249C8A0024A08A0024A946017007
:10D8E000134A0170A33E0170B08A0024A48A002468
:10D8F000C48A0024FC8A0024024A137843F01003EF
:10D9000013707047B88A00242DE9F04385B00446AF
:10D910000D461646DDF830801F46B8F1000F07D1DE
:10D92000144B40F2A1721449144804F003FCFEE7C2
:10D93000D1F804902846009313460A89062100F086
:10D940001BFFA9F810009CB1E37AA47A06223146A5
:10D950002846CDF80880CDE900423A4602F0C0FEE4
:10D9600004462846FDF70AFB204605B0BDE8F083D3
:10D97000FF23EBE72D4A0170634A0170A33E01705B
:10D9800008B538B9064B40F29E520649064804F0E5
:10D99000D1FBFEE74368987B013818BF012008BD22
:10D9A0002D4A0170944A0170A33E01702DE9F047A1
:10D9B0000E46904699469DF820A0074630B92F4B59
:10D9C000A6222F492F4804F0B5FBFEE731B92B4BB7
:10D9D000A7222D492B4804F0ADFBFEE74FEA8A054C
:10D9E000032003F09DFD044605F0040530B93046E0
:10D9F000FDF7C4FA00242046BDE8F08780F80CA0AB
:10DA000000233289AA42C0E9003606D21B4BB3225A
:10DA10001E491C4804F08EFBFEE7521B4381142173
:10DA200002813046FDF774FA064618B12046FDF72C
:10DA30006BFEDFE76368AD02F88AD3F804A005F552
:10DA4000A045C4F810A003F0BEFAAAF80000D4F86C
:10DA500010A0388B03F0B7FA2769AAF802004846ED
:10DA600003F0B4FA786048EA0500276903F0ABFADE
:10DA70002369B8819E74DE74BDE700BF2D4A017032
:10DA8000B94A0170A33E0170D94A0170FA4A017087
:10DA900014312DE9F04189B20646174622204FF491
:10DAA00020729846FDF7B6FA054650B34389132B0A
:10DAB00007D8154B40F227721449154804F03AFB79
:10DAC000FEE74468404603F07EFA2080BDF8180067
:10DAD00003F079FA67606080304603F077FAA0605F
:10DAE0009DF81C0040F4A04003F06DFAA081BDF841
:10DAF000200003F068FA0023E08123746374A374A8
:10DB0000E3742846BDE8F0812D4A01700F4B017087
:10DB1000A33E01701FB5044638B90C4B40F2467263
:10DB20000B490C4804F006FBFEE7438D02931023DB
:10DB30000193038B0093C38A406AFFF7A9FF18B1D2
:10DB4000628D636A1344E36204B010BD2D4A017014
:10DB50003D4B0170A33E017008B538B9044B40F24B
:10DB60005A720449044804F0E5FAFEE708BD00BF14
:10DB70002D4A0170624B0170A33E01701FB50C4627
:10DB80003AB9144B40F2C4721349144804F0D2FA63
:10DB9000FEE73BB90F4B40F2C57211490F4804F044
:10DBA000C9FAFEE703F012FA14234DF216010246F9
:10DBB0002046CDE90131BDF81C3000210093BDF8AD
:10DBC0001830FFF765FF044608B1FFF7C5FF204690
:10DBD00004B010BD2D4A0170884B0170A33E017046
:10DBE000A24B0170F7B5044617461E460D4639B9DB
:10DBF000104B40F28A721049104804F09BFAFEE77D
:10DC000058B1007A48B100F045FF50B92846FDF7F9
:10DC1000B5F96FF0030003B0F0BD304602F0DEFB53
:10DC2000F3E7009033463A4629462046FFF76CFE5C
:10DC3000F1E700BF2D4A0170BD4B0170A33E01709A
:10DC40002DE9F74F0D46064638B9594B40F24E3292
:10DC50005849594804F06EFAFEE7C46E002C00F0F3
:10DC6000A38039B9524B40F256325449524804F01D
:10DC700061FAFEE7B4F808A08A4540F28E80438E30
:10DC80008B4207D24A4B40F25E324D494A4804F07B
:10DC900051FAFEE794F80CB0AAEB01014FF42072A0
:10DCA00036204FEA8B071FFA81F807F0040717FAAE
:10DCB00081F189B2FDF7AEF98146002874D0606821
:10DCC00022890389D9F804109B1A424639442B440F
:10DCD0009BB2FDF78DFB404563D12369988903F022
:10DCE00072F910F00808C7B216BF4FF0080807F025
:10DCF0003F0707F03707FB07236948BF48F00108D3
:10DD0000586848BF07F0FE0703F060F942462B1839
:10DD100049463046CDF800B0FFF748FE804600285F
:10DD200042D06068A5EB0A05FDF75EFAB6F86630EA
:10DD30001FFA85F91B1A6068A6F86630038913FA82
:10DD400085F5A9B2FDF7F8F9238938469944236986
:10DD5000A4F808909D8903F036F9236905436068AB
:10DD60009D8100236381FDF73FFAB6F866301844C1
:10DD7000A6F86600D8F80400FDF736FAB6F8663063
:10DD800018442368A6F86600C8F80030C4F800807C
:10DD9000D8F800300BB9A6F86830002003B0BDE811
:10DDA000F08F4846FDF7EAF84FF0FF30F6E700BF86
:10DDB0002D4A0170E64B0170A33E0170084C0170C2
:10DDC0002A4C0170F7B50D460446A90707D13D4B13
:10DDD00040F213423C493D4804F0ACF9FEE738B943
:10DDE000384B40F215423A49384804F0A3F9FEE7AF
:10DDF000C5F340064FF420723620B7003946FDF7D0
:10DE000009F9014638B9638B4FF0FF3043F08003C6
:10DE1000638303B0F0BD4389BB4207D2294B40F274
:10DE20003D422C49294804F085F9FEE700962A4630
:10DE3000E36D2046FFF7BAFD0028E4D003699A0796
:10DE400007D0204B40F246422349204804F072F9A3
:10DE5000FEE703893BB11B4B40F247421F491B4879
:10DE600004F068F9FEE7E36E23BBE0660023406838
:10DE7000A4F86830E36D0133E365EB0742BF638BC1
:10DE800043F020036383FDF7AFF9B4F8663018441C
:10DE900080B2A4F866000028BBD0206F80B9E36E82
:10DEA000002BB6D1074B40F269420D49074804F0F8
:10DEB00041F9FEE71A461B68002BFBD11060D5E73D
:10DEC0000020A6E72D4A0170374C0170A33E017077
:10DED0008C4C0170AB4C0170E44C0170FC4C017037
:10DEE000264D0170F8B5044638B9144B40F2EF32B4
:10DEF0001349144804F01EF9FEE7C56E4DB12F46D4
:10DF00002D68002DFBD13B69988903F05CF843072D
:10DF100005D020460121BDE8F840FFF753BF3B691B
:10DF200001209E8903F04FF83B69064328469E81F5
:10DF3000638B43F020036383F8BD00BF2D4A01705B
:10DF40004E4D0170A33E01702DE9F843044638B9E7
:10DF50001F4B40F267621F491F4804F0EBF8FEE7D1
:10DF6000076F97B33D462E462D6830464DBBFFF7F1
:10DF700007FD054648BBE36E336013B97389A4F807
:10DF80006830638B4FF00008E76643F40063C4F821
:10DF9000708063833369586803F018F83369074663
:10DFA000B6F80890988903F00EF810F003034F4478
:10DFB000C4F8348018BF01233B44E3642846BDE81D
:10DFC000F883FFF7DDFC0028CDD06FF00505F5E7FD
:10DFD0002D4A0170684D0170A33E01702DE9F0419A
:10DFE000044638B91D4B40F2C5621D491D4804F076
:10DFF000A1F8FEE7056F6DB32846FFF7C1FC0646A2
:10E0000040BB2B6804F16C0723673B6893B93B68FE
:10E010002B603D602B680BB9A4F8683094F842304F
:10E02000FF2B1CBF013384F842300023636330466A
:10E03000BDE8F0811B69586802F0C8FF2B69804673
:10E04000586802F0C3FFA8EB0008B8F1000FDEDA51
:10E050003F68DAE76FF00506E9E700BF2D4A017077
:10E060008C4D0170A33E017038B5044638B9154B8C
:10E0700040F2FD621449154804F05CF8FEE7036FB6
:10E08000F3B1438B5B071BD4FFF7A8FFC0B9B4F80B
:10E090006010B4F848302086994228BF1946638E34
:10E0A0005D004A10B5EB510F2B4488BF2A4613443C
:10E0B000A4F84A20A4F84830638B43F00403638338
:10E0C00038BD00BF2D4A0170A44D0170A33E017000
:10E0D00073B5069E1C460546BDF81C300846114621
:10E0E000BDF82020CDE9003233462246FFF746FD39
:10E0F000014638B133462246284602B0BDE870409A
:10E10000FFF770BD02B070BD73B505461C460846EA
:10E11000069E1146BDF81C30BDF8202085B1CDE922
:10E12000003233462246FFF729FD014640B133460F
:10E1300022460020069502B0BDE87040FFF7E4BB20
:10E1400002B070BD38B5044638B9154B4FF40362C0
:10E150001449154803F0EEFFFEE7006D02F036FFAC
:10E16000002102462046FFF7D5FC054630B9638BF7
:10E170006FF0010043F00303638338BDFFF7ECFC4D
:10E18000231D224629462046FFF72CFD638B18B13C
:10E1900043F003039BB2EFE723F00303FAE700BF6A
:10E1A0002D4A0170C14D0170A33E01702DE9F04F61
:10E1B000044685B038B9954B40F2E54294499548FC
:10E1C00003F0B8FFFEE7037D012B07D18F4B40F230
:10E1D000E74291498F4803F0ADFFFEE78F4B1B6884
:10E1E000984200F08480C56EB0F84880B0F8606056
:10E1F0003DB9438B9D0776D505B0BDE8F04FFFF7DD
:10E20000A1BF00F10409007A50B300F043FC0746B7
:10E21000002800F0748123680BB9436823602B69E0
:10E22000B045586828BFB04602F0D0FE2B89626C1A
:10E230009B1A0344984517D2B4F8603043450AD17D
:10E24000236F43B994F899302BB94FF4807284F856
:10E250009A30A4F89820638B990744D52046CBE7E1
:10E26000484602F0BBF8D2E70023266F84F89930C5
:10E2700026B133463668002EFBD11E462B695868FE
:10E2800002F0A4FE636CC01A2B891844804525D384
:10E290002B69988902F097FE420707D55B4B40F245
:10E2A0003A525F495B4803F045FFFEE7236F03B333
:10E2B000628B12F0440F1CD1E36E2BB11968C1B907
:10E2C0001989638E994214D2B4F864308BB1B4F8D2
:10E2D00066300F2B0DD812F0A00F0AD1E36E13B9E0
:10E2E0000023A4F86830638B23F08003638300204D
:10E2F00089E0237D022B0AD02B691020B3F80CA0F3
:10E3000002F061FE2B694AEA000AA3F80CA0284635
:10E31000FFF736FB002840F08980D5F810A0606A2E
:10E3200002F054FECAF80800608DD5F810A002F083
:10E330004AFE628D636AAAF80E001344D5F810B045
:10E34000E3622B7BDB0737D40BF1140BB4F93030CD
:10E35000002BBCBF00232386636B3BB9314A2B697A
:10E3600012686263586802F031FEA0636868D5F8ED
:10E3700010A043684289AAEB0303C0F804A09BB233
:10E38000D21A42810289D21A002392B202818AF8FB
:10E3900010308AF811302B7B13F0010F0CBF1423BF
:10E3A000182353449B4516D0184B4FF4C4621E49A2
:10E3B000184803F0BFFEFEE74A46394640F2B45023
:10E3C0000BF1180BFDF7F8F940F0017002F0FEFDBB
:10E3D0004BF8040CBAE723460621CDF8009000F074
:10E3E000CBF90623AAF810004A460297214601936A
:10E3F000A37A0093E37A686802F072F9B0B1638B94
:10E4000043F08003638305B0BDE8F08F2D4A0170AF
:10E41000E14D0170A33E0170F94D0170B08A0024F6
:10E420001F4E0170AC8A0024364E017000236B81B0
:10E430002B68E366237D022B1EBF638B23F003034F
:10E4400063832B69586802F0C1FD2B698246B5F8D9
:10E4500008B0988902F0B7FD10F00303DA44226D8A
:10E4600018BF01235344B5F808A0D21A002AB8BF38
:10E4700023652B69988902F0A6FD10F0030018BFF0
:10E48000012010EB0A0F36D000232B60236F13B945
:10E4900025672E4617E02B69586802F097FD33690F
:10E4A0008246586802F092FDAAEB000ABAF1000F0A
:10E4B0001FDA04F1700BDBF800304BB9DBF80030E9
:10E4C0002B60CBF80050E56E002D7FF4D7AE07E748
:10E4D0001B69586802F07AFD2B698246586802F081
:10E4E00075FDAAEB000ABAF1000FE7DADBF800B01D
:10E4F000E1E73560CDE72846FDF706F9E3E76FF081
:10E50000030080E708B538B9094B40F29C6209491D
:10E51000094803F00FFEFEE790F84230FF2B1CBFC6
:10E52000013380F84230BDE80840FFF73FBE00BF2E
:10E530002D4A0170494E0170A33E017010B504468A
:10E5400038B9084B40F2B1620749084803F0F2FDC0
:10E55000FEE7FFF7F9FC20B92046BDE81040FFF7C1
:10E56000D1BF10BD2D4A01706C4E0170A33E0170E9
:10E5700070B5044638B9104B40F66A020F4910488E
:10E5800003F0D8FDFEE7006D013802F01FFD002109
:10E5900002462046FFF7BEFA054648B1FFF7DCFA0F
:10E5A000231D224629462046BDE87040FFF71ABBCE
:10E5B0004FF0FF3070BD00BF2D4A0170884E0170D2
:10E5C000A33E01702DE9F041064638B92D4B40F6C7
:10E5D00095022D492D4803F0ADFDFEE7C56E002DD7
:10E5E00049D090F89A30FF2B1CBF013380F89A3045
:10E5F0002B69988902F0E7FC10F001042B69304682
:10E6000018BF2C895A681CBFB4FA84F4640984F0DA
:10E610000101FFF77FFA074680B3D0F80480FCB110
:10E62000B8F80C40112002F0CEFC24F47C54A4B2C3
:10E630000443A8F80C402B69586802F0C7FC336DFE
:10E6400001301B1A002BB8BF30653846FFF784FA3B
:10E65000331D324639463046BDE8F041FFF7C2BAB5
:10E66000686808F114012A8903899B1A01229BB268
:10E67000FCF7BEFEDFE72846BDE8F0814FF0FF3033
:10E68000FAE700BF2D4A0170A34E0170A33E01704E
:10E6900030B510F001044FF0000306D0994220DDA0
:10E6A00010F8012B013962F31F230022012913DC2A
:10E6B00003D1017861F307039BB213449AB202EBD2
:10E6C000134398B200EB134024B10302C0F30720B8
:10E6D0009BB2184380B230BD30F8025B02392A4445
:10E6E000E4E71A46E9E72DE9F84316461A68089B5D
:10E6F0000F4605464FF000081B68190C11FA83F30A
:10E7000013FA82F303EB12439AB202EB13439CB267
:10E7100004EB1344D5B9B8F1000F04D02302C4F3BD
:10E7200007249BB21C43384602F04DFC0546304698
:10E7300002F049FC2844204483B203EB104398B212
:10E7400000EB1340C04380B2BDE8F883B5F80A90EF
:10E7500068684946FFF79CFF204419F0010F84B216
:10E7600004EB104406D02302C4F3072488F0010808
:10E770009BB21C432D68CDE7FFF7B5BF08B5FFF787
:10E7800087FFC04380B208BDF8B500260546344671
:10E7900045B926B12302C4F307249BB21C43E043CE
:10E7A00080B2F8BD6F8968683946FFF771FF04448D
:10E7B000A3B203EB1444FB0706D52302C4F30724DA
:10E7C00086F001069BB21C432D68E1E76FF00B0059
:10E7D000704700000FB437B506AB114C00254FF45D
:10E7E000807153F8042B0E48019303F08DFD14F84B
:10E7F000013B23B903B0BDE8304004B070470A2B99
:10E8000007D11DB114F8023C0D2B02D00D2003F0EE
:10E81000A3FC14F8010C013503F09EFCE7E700BFF0
:10E82000048B0024014608B538B90C4B40F28A32FB
:10E830000B490C4803F07EFCFEE790F82D3003F006
:10E840000502052A08D1426832B11B0704D50431FC
:10E85000BDE8084001F0D6BB08BD00BFC64E017040
:10E86000FA4E0170A33E017073B5436815460A68FD
:10E8700004460E469A420FD02B6001A92846019209
:10E88000FDF7F8F801A9284603F0FCF833680121E8
:10E8900020466360FFF7C6FF02B070BD70470000FE
:10E8A000F7B5144E0446002914BF0D463546002A1C
:10E8B00014BF17463746002B18BF1E462B68B3B946
:10E8C00001AA2946FFF7D0FF01233A68A1688A42CE
:10E8D000E16818BFA26032688A4218BFE26023B9BB
:10E8E00001AA29462046FFF7BFFF03B0F0BD002371
:10E8F000EBE700BF205E0170F8B5079E044628B91B
:10E900003748FFF767FF00242046F8BD0EB93548A9
:10E91000F7E70025344FDFF8F0C0C5608584002B91
:10E9200008BF634680F82D50002A08BF6246056282
:10E93000002908BF61464761C0E90155069DC561D0
:10E940002A4D2F7880F83070089F0761FFF7A8FFE5
:10E950002046B0470028D6D194F82C30062B07D992
:10E96000234B40F287122349234803F0E3FBFEE7E1
:10E970002248066894F830304FF48071FF2B04BFB2
:10E98000002384F8303033464BB994F830202660A9
:10E99000FE2A04601CBF0132D3B22B70B4E79C4244
:10E9A00007D1134B4FF4CF721549134803F0C2FB44
:10E9B000FEE7013907D10E4B4FF4D07211490E48D2
:10E9C00003F0B8FBFEE794F8307093F83020BA42B9
:10E9D00003D1013284F83020CCE71B68D4E700BFB4
:10E9E0001D4F0170364F0170CDE70070048C00247C
:10E9F000C64E0170584F0170A33E01700C8C00246C
:10EA0000824F0170964F0170205E0170014B1860BB
:10EA1000704700BF088C002410B90748FFF7DABE22
:10EA200090F82D20D10706D442F00102032180F88E
:10EA30002D20FFF7F7BE7047C44F017010B5044694
:10EA400020B90B48BDE81040FFF7C4BE90F82D3048
:10EA50005A070BD443F0040380F82D3000F08CFEED
:10EA600020460321BDE81040FFF7DCBE10BD00BF0B
:10EA7000E04F017010B90648FFF7ACBE90F82D309A
:10EA80005A0744BF23F0040380F82D30704700BFBD
:10EA900001500170034658B1064A106800B970472A
:10EAA00090F830200132D2B29A4201D00068F5E7E6
:10EAB000704700BF0C8C002470B5044608200E4639
:10EAC000154602F02DFD30B9104BBE2210491148F9
:10EAD00003F030FBFEE700230F4A44600360136835
:10EAE000C0E902650BB9106070BD5968611A002950
:10EAF00001DA0360F7E719461B681BB15A68A21ACE
:10EB0000002AF8DA03600860EEE700BF24500170C5
:10EB10005B500170A33E0170188C002470B54368EF
:10EB20000446984702F084F9074B054626681868A2
:10EB3000224606493044431B002BB8BF7019BDE87C
:10EB40007040FFF7B9BF00BF148C00241DEB0070AC
:10EB500008B5FDF717FC094B1B6813B9084B1B6878
:10EB600043B102F065F900220649FA30BDE80840D9
:10EB7000FFF7A2BF044A136008BD00BFA08A0024AB
:10EB80009C8A002451EB0070108C002408B50A4BBD
:10EB90001A6882B9094A126812B9094A126852B150
:10EBA00001221A6002F044F900220649FA30BDE859
:10EBB0000840FFF781BF08BD108C0024A08A002404
:10EBC0009C8A002451EB0070B0F1804F70B5044670
:10EBD0000D46164607D3084B40F22912074908484C
:10EBE00003F0A8FAFEE702F023F932462946204452
:10EBF000BDE87040FFF760BF24500170985001706D
:10EC0000A33E017038B50C4D4FF47A700B4C2A4678
:10EC10002146FFF7D9FF05F1080221464EF6602094
:10EC2000FFF7D2FF05F1100221464FF4FA70BDE85C
:10EC30003840FFF7C9BF00BF005E01701DEB0070D8
:10EC40002DE9F04102F0F4F8124E0446DFF854804A
:10EC50003168D9B14868221A002A09DA001B17D591
:10EC60000D4B4FF4BD720D490D4803F063FAFEE7FA
:10EC70000A68C8F8000008203260D1E9025702F0A3
:10EC800063FC002DE4D03846A847E1E74FF0FF30A1
:10EC9000BDE8F081188C002424500170CE50017022
:10ECA000A33E0170148C002410B5074C23683BB1BF
:10ECB00002F0BEF823685B68181A48BF002010BD38
:10ECC0004FF0FF30FBE700BF188C002443798B42E4
:10ECD0001FBF002341718371038170470FB437B5A3
:10ECE00006AB114C00254FF4807153F8042B0E48ED
:10ECF000019303F009FB14F8013B23B903B0BDE80D
:10ED0000304004B070470A2B07D11DB114F8023C03
:10ED10000D2B02D00D2003F01FFA14F8010C013561
:10ED200003F01AFAE7E700BF1C8C002403461046E4
:10ED300030B45C1CFF25A2B2CD5411FA84F1002539
:10ED40001446432C0BD9442AC3F1430103F1F103C8
:10ED500088BF0021194430BC89B2FCF7EDB90134F9
:10ED600001F8015BA4B2ECE770B5164D2B7803BB3C
:10ED7000154C26683EB1154B4FF48A72144915485C
:10ED800003F0D8F9FEE702F06FFE2060B0B1427ADE
:10ED9000114942F020024272442202F0E1FC432277
:10EDA0000D49206802F008FE32460C49206802F046
:10EDB00033FE2B78002001332B7070BD4FF0FF30F5
:10EDC000FBE700BF208D0024248D0024E05001705B
:10EDD00018510170A33E0170205E017079F400703B
:10EDE00013B5044628B9374802B0BDE81040FFF714
:10EDF00075BF006A08B93448F6E700234382836A86
:10EE00005A1C09D01E33B3F5701F3DD23B2B3ED99F
:10EE10003C22B3FBF2F38382C36A591C0BD01E332E
:10EE2000B3F5701F35D23B2B36D93C22B3FBF2F33E
:10EE30009BB24381C381036B5A1C0BD01E33B3F5C5
:10EE4000701F2BD23B2B2CD93C22B3FBF2F39BB28D
:10EE500083810382838942899A4202D30BB10023C2
:10EE60004381C379DB071ED5036A00930A21436AF5
:10EE70006A460193FFF72AFF00F11C0101AB20460F
:10EE8000FFF70EFD02B010BD4FF6FF73C3E701237D
:10EE9000C1E74FF6FF73CBE70123C9E74FF6FF73D6
:10EEA000D5E70123D3E790F91C20037F002A06DA77
:10EEB000BF2B4FF6FF7388BF6FF07F43D5E7FF236B
:10EEC000D3E700BF3D5101705651017010B5841C4D
:10EED000442C07D9074B40F2B2520749074803F0C8
:10EEE00029F9FEE7130A0B54431CA0B29BB2CA5483
:10EEF00010BD00BFE05001706E510170A33E017063
:10EF000010B59C1C50FA84F4442C07D9074B40F2EE
:10EF10009E520749074803F00DF9FEE70A54421CC8
:10EF2000023092B280B28B5410BD00BFE05001702D
:10EF3000A9510170A33E0170432808B507D9064BBB
:10EF400040F2AA520549064803F0F4F8FEE70A54D5
:10EF5000013080B208BD00BFE0500170EB5101707C
:10EF6000A33E017038B5041D442C07D90B4B40F269
:10EF7000BB520B490B4803F0DDF8FEE7130E150CEE
:10EF80000B54431C9BB2CD54831C150A9BB2CD5429
:10EF9000C31CA0B29BB2CA5438BD00BFE050017080
:10EFA00020520170A33E017038B50A4B1C783CB961
:10EFB000094B4FF497720949094803F0BBF8FEE783
:10EFC000013CE4B21C7024B9064D286802F02EFD05
:10EFD0002C6038BD208D0024E05001705A52017021
:10EFE000A33E0170248D002438B50023194D04463A
:10EFF000C0E90833EB7813B1174BDB6883622B79D8
:10F00000E3B1154B1B69E3626B79D3B1124B5B69BA
:10F0100023630B69E361AB79C3B10F4B986901F0CE
:10F02000D5FFE379206243F00103E371EB7923B16B
:10F03000094BD86901F0CAFF606238BDA36A5B085A
:10F04000E1E7A36AC3EBC303DB08E1E7E37903F07D
:10F05000FE03EAE7288D0024308D00242DE9F843D3
:10F060000E4690469946054630B93848FFF736FEB9
:10F0700000273846BDE8F88309B93548F6E74FF46C
:10F0800020724FF49A713620FBF7C4FF0746002820
:10F09000EED04389B3F59A7F07D22E4B4FF4EF623F
:10F0A0002D492E4803F046F8FEE7B8F1030F02D1D0
:10F0B0007379032B07D1B379294C13B902F02CFFD4
:10F0C0002060236833607C684FF49A7200212046E8
:10F0D00003F0E6F901232370637095F82C30A370D8
:10F0E000306801F073FF4FF4C873606023FA08F3CF
:10F0F000DB0706D4B8F1030F05D17379043B012B6C
:10F1000001D86B68E36005F1250304F11B022B3580
:10F1100013F8011FAB4202F8011FF9D163236FF00E
:10F120007D0284F8F28084F8EC3084F8EF303523E7
:10F1300084F8ED20532284F8F030012384F8EE2087
:10F1400084F8F1300323A9F8003092E77E52017071
:10F150009D520170E0500170BB520170A33E0170DE
:10F160001C8D00242DE9F0430023046A85B0074676
:10F1700006212046E3610122FFF7A8FD0DF10E03F1
:10F1800021463846FFF76AFF0546B0B346680223BA
:10F190003922BDF80E00F036DFF8AC904FF00308CE
:10F1A0003146FFF7ADFEBA8C3146FFF78FFE0323E1
:10F1B00037223146FFF7A4FEADF80E0008F1FF3804
:10F1C00019F8012B3146BDF80E00FFF7B5FE18F017
:10F1D000FF08ADF80E00F1D12A463146FFF7A6FD33
:10F1E000164B17482946174ACDE900734323006898
:10F1F00002F01AFB2846FBF7C1FEA3790020FF2B83
:10F200001CBF0133A371A279052A97BF01234EF6D3
:10F2100060239340C3EB431298BF03EB82034FF488
:10F22000FA729CBFDB009BB203F2F3139BB2B3FBF9
:10F23000F2F3238105B0BDE8F08300BF205E0170CA
:10F24000248D00241C5E0170185E01702DE9F043CE
:10F25000046A85B0032107462046FFF737FD0A46BA
:10F260000DF10E0321463846FFF7F8FE064600284A
:10F2700043D0456802233922BDF80E00F035DFF88F
:10F28000BC902946FFF73CFE4FF410722946FFF769
:10F290001DFE042332222946FFF732FE8046E06934
:10F2A00001F094FE2946024640464FF00308FFF75E
:10F2B00059FE032337222946FFF722FEADF80E0040
:10F2C00008F1FF3819F8012B2946BDF80E00FFF7A9
:10F2D00033FE18F0FF08ADF80E00F1D13246294692
:10F2E000FFF724FD134800974323134A3146006873
:10F2F00002F032FB3046FBF741FEA379FF2B1CBF27
:10F300000133A371A379092B96BFC3EB431242F2D9
:10F31000107303EB82034FF4FA729CBFDB009BB2C5
:10F3200003F2F3139BB2B3FBF2F3238105B0BDE804
:10F33000F08300BF248D00241C5E0170185E0170F4
:10F340002DE9F043074685B028B9454805B0BDE82A
:10F35000F043FFF7C3BC046A0CB94248F6E7012149
:10F360002046FFF7B3FC03220DF10E032146384679
:10F37000FFF774FE0646002852D045680223392262
:10F38000BDF80E00F035DFF8EC902946FFF7B8FD28
:10F39000BA8C2946FFF79AFD042332222946FFF74B
:10F3A000AFFD8046E06901F011FE29460246404665
:10F3B000FFF7D8FD042336222946FFF7A1FD80463A
:10F3C000A06901F003FE2946024640464FF00308BB
:10F3D000FFF7C8FD032337222946FFF791FDADF85B
:10F3E0000E0008F1FF3819F8012B2946BDF80E0070
:10F3F000FFF7A2FD18F0FF08ADF80E00F1D132467C
:10F400002946FFF793FC184B18483146184ACDE9B6
:10F4100000734323006802F007FA3046FBF7AEFDA5
:10F42000A379FF2B1CBF0133A371A279052A97BFD3
:10F4300001234EF660239340C3EB431298BF03EBC6
:10F4400082034FF4FA729CBFDB009BB203F2F3130A
:10F450009BB2B3FBF2F3238105B0BDE8F08300BF9C
:10F46000FB52017016530170205E0170248D002440
:10F470001C5E0170185E01709E4B2DE9F04F5F68B5
:10F48000914687B05268D7F820A0BAF1000F61D03A
:10F490009AF80430002B5DD0B9F80A302B2B59D9DB
:10F4A0001378022B56D197F82C4007F1250102F171
:10F4B0001B000023DDB2AC4201D9062B43D15068BA
:10F4C00001F084FDDAF80030984243D18A4A0023E3
:10F4D00013605360B9F80A202B2A3BD9B9F8088089
:10F4E0004FF0F00B00934E465946002E32D07389F0
:10F4F000994235D273680193414503D2019B5A5C0E
:10F50000FF2A35D17C4B1A78002A40F0BD80009A42
:10F51000002A40F0C1805A78E2B17849D9F8045005
:10F520000A79052A40F0CE809AF8053003F0FD02F2
:10F53000012A40F0C280386A2946FFF755FD384657
:10F54000FFF74EFC06E011F8016F013310F8015F80
:10F55000AE42AFD0484607B0BDE8F04FFBF70EBD56
:10F56000C91AA8EB0303366889B21FFA83F8BCE70F
:10F570008B1C9BB29942EDD8481C7489A04212DAC8
:10F58000019C0C4464783B2A09D8322A00F2DB80C3
:10F59000012A0ED0032A11D0002A00F0D2804FF0A9
:10F5A000FF3500220EE03468002CECD0646824782B
:10F5B000E9E7042CCED12246062503E0032CC9D965
:10F5C0000725042221444FF6FD708142C2DC002A47
:10F5D00043D00021072D059125D9494B40F27E6289
:10F5E0004849494802F0A6FDFEE7042CB2D1224664
:10F5F0000325E7E7012CADD1BBF1F00FAAD12246DC
:10F600000025DFE7012CA5D122462546DAE7042CA8
:10F61000A0D122460225D5E7042CF4E7042C99D189
:10F6200022460525CEE73449495DB1B905A93046E2
:10F63000CDE90223FBF7DCFE029A82428AD1042A3A
:10F64000039B1ED10598029301F0C0FC029B2A4A3D
:10F6500001215155294A42F82500E11889B27389E0
:10F660008B423FF649AFC91AA8EB030389B21FFAD0
:10F6700083F84145BFF46EAF3668002E7FF43AAF91
:10F6800068E79DF81400E2E71C4A0021126819702F
:10F69000012A0DD0022A06D100234FF06C084FF04A
:10F6A0002C0B00931FE7032A7FF431AF0123009353
:10F6B0004FF0EC084FF06C0B15E7043B012B3FF6C5
:10F6C00049AF38E7062A23D19AF80530DA1E022A14
:10F6D00002D9012B7FF43EAF386A0C21FFF7F6FA0E
:10F6E0000A4B38461A461946FFF7DAF83846FFF74C
:10F6F00039FD2FE7EC8A0024288D0024308D00246A
:10F70000E050017030530170A33E0170205E017023
:10F71000022A7FF41FAF9AF80520062A7FF41AAF59
:10F720009B783C6A002B3FF415AF009B88682381CF
:10F7300001F04CFCA0612B693846E361FFF700FE45
:10F7400008E781B28BE7333A082A3FF628AF01A0D9
:10F7500050F822F0EBF50070F5F5007005F600703A
:10F760000FF600709FF500709FF500709FF5007018
:10F7700019F600701DF60070026A08B5EAB15379F7
:10F78000052B08D8022B08D8BBB100239371BDE824
:10F790000840FFF7E7BC0A2B05D100239371BDE8B1
:10F7A0000840FFF753BD0C2BEFD9044B40F2BE329B
:10F7B0000349044802F0BEFCFEE708BDE0500170BA
:10F7C00065530170A33E01702DE9F043046A85B0D2
:10F7D0000746052120460322FFF778FA0DF10E03B4
:10F7E00021463846FFF73AFC0546002853D04668C4
:10F7F00002233922BDF80E00F036DFF8A4904FF056
:10F8000003083146FFF77CFBBA8C3146FFF75EFBFD
:10F81000032337223146FFF773FBADF80E0008F1E2
:10F82000FF3819F8012B3146BDF80E00FFF784FBB5
:10F8300018F0FF08ADF80E00F1D131462A46FFF767
:10F8400075FA16480097432304F118022946006808
:10F8500002F082F806462846FBF790FBA379304673
:10F86000FF2B1CBF0133A371A379092B96BFC3EBF8
:10F87000431244F6206303EB82034FF4FA729CBFF9
:10F880001B019BB203F2F3139BB2B3FBF2F3238190
:10F8900005B0BDE8F0834FF0FF36DFE7248D00248C
:10F8A000185E017050B1006A40B140790A2806D054
:10F8B000043801288CBF00200120C0B2704701200D
:10F8C000FBE700002DE9FF41046A0646002C4ED0FC
:10F8D0006379002B4BD0A36903930023C4E906335B
:10F8E000C4E90833C4E90B33A362E3812361A38233
:10F8F000FFF7D8FF014600283CD019462046FFF705
:10F90000E5F907220DF10A0321463046FFF7A6FB71
:10F91000054600B3476804233622BDF80A00F037D5
:10F920003946FFF7EDFA8046039801F04FFB394660
:10F9300002464046FFF716FB2A463946FFF7F6F91E
:10F940000E480096432303AA2946006802F004F8F3
:10F950002846FBF713FB0A4B30461A461946FEF7BA
:10F960009FFF23791BB1FFF71FFB0023237104B016
:10F97000BDE8F0812046FFF7A9F9F2E7248D0024C5
:10F98000205E017070B5054630B923486FF00F0650
:10F99000FFF7A4F9304670BD90F82D30DA0701D496
:10F9A0001E48F3E7838C046AB3F5107F02D24FF050
:10F9B000FF36EFE70CBB342001F096FC044600282C
:10F9C000F5D00023C3712862E67934220021204655
:10F9D00006F0020602F064FDE671FFF7C5F906467F
:10F9E0000028E4D10123237195F82D305B070AD458
:10F9F00002212046FFF76AF9CCE72379002BE3D0F8
:10FA0000FFF7D2FAE0E72846FFF7ACFB0028C1D0A9
:10FA10002846FFF757FFCAE7485101707953017034
:10FA2000584B2DE9F0431D6885B015B905B0BDE808
:10FA3000F0832C6A7CB163796BB1A18A69B1628A67
:10FA4000013292B29142628207D12846FFF73AFF13
:10FA50002846FFF797FF2D68E7E7228A002A72D031
:10FA6000511E012A21826ED1013BDBB2092BF2D853
:10FA700040F2192222FA03F3DA07ECD504212046DA
:10FA8000FFF724F903220DF10E0321462846FFF764
:10FA9000E5FA0646B0B3476802233922BDF80E00E6
:10FAA000F037DFF8EC904FF000083946FFF728FAFE
:10FAB000AA8C3946FFF70AFA032337223946FFF7A3
:10FAC0001FFAADF80E0008F1010819F8012B3946AC
:10FAD000BDF80E005FFA88F8FFF72EFAADF80E00B9
:10FAE000B8F1030FEFD132463946FFF71FF9264828
:10FAF00000954323254A3146006801F02DFF30462A
:10FB0000FBF73CFAA379FF2B1CBF0133A371A37948
:10FB1000092B96BFC3EB431242F2107303EB82032F
:10FB20004FF4FA729CBFDB009BB203F2F3139BB25B
:10FB3000B3FBF2F3628A2381A38A9B1A012B8ADD2D
:10FB40005B10238287E7E289002A84D0511E012AB4
:10FB5000E18180D1013BDBB2092B3FF67CAF40F263
:10FB6000112222FA03F3DB077FF575AF2846FFF772
:10FB70002BFEA389628A9B1A012BC4BF5B10E38111
:10FB800069E700BF0C8C0024248D00241C5E0170EA
:10FB9000185E0170234B10B51C6804B910BD236AB0
:10FBA00023B11A89012A03D9013A1A812468F4E79A
:10FBB000FCD100221A815A79013A0B2AF6D801A108
:10FBC00051F822F0FDFB0070ADFB007017FC0070D7
:10FBD000ADFB0070ADFB0070F5FB0070ADFB00707D
:10FBE000ADFB0070ADFB0070ADFB0070ADFB0070B5
:10FBF000F5FB00702046FFF7B5FAD7E79B79204662
:10FC0000052B02D8FFF79CFBD0E7FFF75BFE2046F1
:10FC1000FFF7B8FECAE79B792046012BEBD8FFF728
:10FC200015FBC3E70C8C0024FFF74CBE70B51826FB
:10FC30000B4C05464643A05918B1FBF79FF900232A
:10FC4000A3511823002203FB05431A755A82C3E906
:10FC50000122044A10689288D8601A8270BD00BFE1
:10FC6000548E0024245E01702DE9F74F4FF00A0CEA
:10FC700001910021064690463B4D89468B46E6465B
:10FC80006446634600910A2B08B295F814A019D176
:10FC9000BAF1000F3BD04EB16F683268BA4205D15D
:10FCA000B8F1000F5AD0AF68474557D0BAF1010FED
:10FCB0006F8A27D12A6802B3009A974205D38446F7
:10FCC000009702E0BAF1000FE5D1013118350A2999
:10FCD000D9D1019A012A44D1092B25DD092C18DC40
:10FCE0001823214A6343D358D3B1204B4FF4B77242
:10FCF0001F49204802F01EFAFEE75F45E5D3BB46E8
:10FD00008646E2E74F45E0D3B9460446DDE70346C1
:10FD1000DBE7BEF1090F15DDBCF1090F21DC6446FC
:10FD20002046FFF783FF23460F4A182101FB0320DB
:10FD3000047D4CB10D4B40F285120F490D4802F085
:10FD4000F9F9FEE77446EBE70EB13468446001FB55
:10FD5000032218460021C2F80880518203B0BDE892
:10FD6000F08F4FF0FF30F9E7548E00249A53017062
:10FD7000D4530170A33E0170EB5301702DE9F3479A
:10FD8000DDF82CA0884691461E46074638B92E4B12
:10FD90004FF48C622D492E4802F0CCF9FEE74FF467
:10FDA00020721C210E20FBF735F90546002848D0AB
:10FDB00043891B2B07D8244B40F26B42254924482A
:10FDC00002F0B8F9FEE74468BDF8340001F0FBF832
:10FDD000E08097F82C30062B07D01B4B40F2724284
:10FDE0001D491B4802F0A6F9FEE73268294638464D
:10FDF000A260B2880026A281DAF80020C4F812209E
:10FE0000BAF80420E2820A9A1268C4F80E200C9A0A
:10FE1000126823710423A2610122637140F6060374
:10FE2000627008222670A2704246E67000934B462C
:10FE300000F034FE2846FBF7A1F8304602B0BDE8DA
:10FE4000F0874FF0FF30F9E79A5301704851017085
:10FE5000A33E017014540170455401700FB437B5BE
:10FE6000104C07AB0025104A4FF480710D480193E8
:10FE700002F04AFA14F8013B23B903B0BDE8304060
:10FE800004B070470A2B07D11DB114F8023C0D2BAA
:10FE900002D00D2002F060F914F8010C013502F0D7
:10FEA0005BF9E7E7508D0024485101702DE9F04FD0
:10FEB000064689B00C4629B94D4809B0BDE8F04F57
:10FEC000FFF7CCBF45682B88B3F5807F08D12B792D
:10FED000062B05D16B79042B02D16B88082B05D03A
:10FEE000304609B0BDE8F04FFBF748B8D5F80EB082
:10FEF00005F108074B68AA69CDF81CB023B99946EB
:10FF00004FF0000802230AE0ABEB0301D1F1000936
:10FF100049EB01099342F3D14FF00108434694F8AD
:10FF20002C20062A07D0334B4FF4D5723249334880
:10FF300002F000F9FEE70593BBF1000F3FD0214628
:10FF4000584600F0DEFB8246C8BB0BF0F00BBBF15D
:10FF5000E00F34D0059B224607A81946FFF784FE20
:10FF6000031E2CDB1820264A4FF0020E00FB03F183
:10FF700002EB010C8CF814E04FF00C0ECCF80840AA
:10FF800013FB00E3386803EB020ED050BB88AEF8D9
:10FF9000043052F801B0ACF812A0BBF1000F0ED043
:10FFA0004FF4006342F801A0204604F126020093BA
:10FFB00059463B4600F072FD5846FAF7DFFFEB88E2
:10FFC000B3F5807F8CD1B8F1000F89D0B9F1000F63
:10FFD00086D1022204F126032046039207AA19467D
:10FFE000CDE90172221D00923A46FFF7C7FE77E77E
:10FFF000485101709A530170A5540170A33E0170DD
:02000004700189
:10000000548E00241FB50246012400F12603043259
:10001000CDE902140449009201911946034AFFF701
:10002000ADFE04B010BD00BF245E01702A5E0170F9
:1000300038B5124C0025227D6AB1638A01339BB228
:10004000B3F5967F638203D2012A09D1042B0CD920
:100050002846FFF7EBFD013518340A2DEBD138BDEA
:10006000032A07D104232375F5E7211DA068FFF7B4
:10007000C9FFF0E7042AEED10223F4E7548E0024EE
:100080002DE9F0430F461825214985B0064605FBAA
:1000900002152B7D012B07D81E4B40F2EF221E4983
:1000A0001E4802F047F8FEE702EB4202022B00F185
:1000B00026094FEAC20404F10C0888440AD16B8A6D
:1000C000B3F58E7F12D904342144FFF79BFF08B9A2
:1000D00003232B754FF400634A463946304600939C
:1000E000434600F0DBFC05B0BDE8F083B3F5877F45
:1000F000F0D301230434424603930C44084B494691
:1001000002940193031D00934B46FFF737FEDEE791
:10011000548E00249A530170C9540170A33E01709B
:10012000245E01702DE9F743064614460F4621B9B7
:100130006FF00F0003B0BDE8F08308680028F7D027
:10014000314600F0DEFA0028F2D13B6803F0F003FC
:10015000E02BEDD0324601213846FFF785FD051E24
:1001600001DA2846E6E7ABB27E2B07D9394B40F2DD
:10017000C2323949394801F0DDFFFEE7DFF8E88097
:10018000182303FB05831A7D002A52D14FF0010981
:100190009E6083F8149039463046FFF733FF48B924
:1001A000182303FB05831A7D012A03D1B9F1000F3F
:1001B00000D15882002CBDD0182303FB0582127D8C
:1001C000012A10D9264A05FB0383214630461570C3
:1001D0004FF400620C33009206F1260200F05EFC40
:1001E000A8E7A146D7E7A5D12246518913899942AC
:1001F00009D113683BB1174B40F2FA32194917483D
:1002000001F098FFFEE7137B5B0617D41268002A03
:10021000EBD12046FAF7F0FF182606FB05F358F855
:10022000030008B1FAF7AAFE6E43002048F8064022
:1002300080E7002CD5D04FF0FF30BDE722464FF4C9
:1002400020710E20FBF75AF904460028E4D14FF044
:10025000FF306FE79A530170F9540170A33E0170AB
:10026000508E002407550170548E0024F0B50E46C0
:1002700085B01546044638B9434B40F21F32434916
:10028000434801F057FFFEE739B93F4B4FF448723E
:1002900040493F4801F04EFFFEE73AB93A4B40F281
:1002A00021323D493A4801F045FFFEE7014610681A
:1002B00000F027FA002862D12B6803F0F002E02A50
:1002C0001CD10123ADF808305E238DF80A306B781D
:1002D00003F07F038DF80B30AB788DF80C30EB78A2
:1002E0008DF80D3002AB4FF400623146204600928B
:1002F00004F1260200F0D2FB05B0F0BD6268A168EF
:100300005A400A4209D09BB24FF6A962934204D0E8
:10031000E368002B35D004F10C0520491820204B50
:100320000A7800FB0233187D01280DD99868A04295
:100330000AD128685B68984206D13146204605B04C
:10034000BDE8F040FFF79CBE154B0022187D012848
:1003500009D99868A04206D12F685868874202D10F
:10036000D2B20A70E9E7013218330A2AEED13246D6
:100370002946204605B0BDE8F040FFF7D3BE094B43
:10038000B1E76FF00300B7E79A530170485101706D
:10039000A33E0170653F017086540170508E0024A9
:1003A000548E00242A5E017008B590F82D30014665
:1003B00013F001000AD04B684BB1074A50698342E1
:1003C00007D000F09EF9003818BF012008BD18467C
:1003D000FCE70120FAE700BFEC8A0024144B024638
:1003E000186830B578B9134B1B685BB193F82D10C2
:1003F00001F00501052905D1596819B112787F2A44
:1004000018BF184630BD90F82D10CD070DD54C07FC
:100410000BD543684BB11468856863402B42F1D01B
:100420008B0702D4C3689C42ECD00068DAE700BFB7
:100430000C8C0024088C00242DE9F843D0F804909B
:1004400005460E4699F800804FEA1813042B05D094
:100450002846FAF793FD0020BDE8F883B9F80200BA
:1004600008F00F0800F0AFFD2B894FEA880804461A
:10047000834203D901462846FAF75EFE6B8943455D
:10048000E6D32B89A342E3D3B8F1130FE0D9D9F80F
:100490001030474C636103F0F003D9F80C20E02BD7
:1004A00022610ED196F82D30DB0705D499F809307A
:1004B000112B5ED0002719E07368002BF6D0374669
:1004C00014E03046FFF770FF00284FD1237D7F2BCB
:1004D000ECD0384B1F68002FE8D0B74201D13F68FD
:1004E000F9E73846FFF760FF0028F8D0206948B1E7
:1004F000314600F006F90028AAD1236903F0F00381
:10050000E02BA5D0002FA3D0B9F8063023F0C0030C
:10051000002B9DD1C4F8089041462846C4E90076D6
:1005200099F8003003F00F039B00A381FAF7F4FC65
:1005300099F80930062B30D0112B22D0012B31D065
:100540003946606900F0DDF860B9636903F0F003D3
:10055000E02B07D041462846FAF708FD022128463D
:1005600000F0F2F92846FAF709FD0EE0002EA6D1B8
:100570009CE709EB08035B88B3F5884F9AD13746AF
:10058000C0E73146284601F023F80023C4E90033D0
:10059000A360A381C4E904335DE731462846FCF734
:1005A00043FCF2E73146284600F016F9EDE700BFBC
:1005B000EC8A00240C8C00242DE9F04F1646827B37
:1005C00085B00546012A99469DF838B09DF83C80D3
:1005D000019107D03C4B40F276323C493C4801F057
:1005E000A9FDFEE7002E66D01421FAF791FC07461C
:1005F00020B16FF0010005B0BDE8F08F69896C682B
:10060000132907D8304B40F2AA323249304801F062
:1006100091FDFEE784F80890452084F8098048EAB7
:100620000929316884F801B04FEA0B2B20704FEA9A
:10063000292A4BEA000B080C21614AEA092A10FA20
:1006400081F128891FFA8AFA8B4400F0BCFCB8F1CA
:10065000060F81466080A771E77121D12B89442B59
:100660001ED8384600F0AFFCA080A388019A5B44F6
:1006700053444B44EAB9184A126813FA82F3E26011
:1006800003EB12439AB202EB134303EB1343DB4336
:100690006381109B3246294610985B699847AAE708
:1006A0000E4F388800F08FFC3A88A08001323A80E3
:1006B000DBE7019AE0E74389132B9AD9436803AE3D
:1006C0001B690393E5E700BF215501705855017080
:1006D000A33E017064550170205E0170448F0024B8
:1006E000F0B4069C9DF810509DF814601AB109B141
:1006F0000F6807B9211D0495CDE90564F0BCFFF72B
:100700005BBF431E0246033312D891F82D3013F01D
:10071000020010D04B6893420CD0896853400B42C2
:1007200008D1CB4322EA0102D31A584258417047FC
:1007300001207047002070472DE9F74F0368002023
:100740000DF1040C0E46044680464FF00A0E01934C
:100750001CF8017B0025BA46B7FBFEF30EFB1379AC
:10076000DFB22B46BAF1090F05F1010509F1300995
:1007700003F1080BEDB2EB440BF8089CEBD80746ED
:1007800035460CF8018CFF2B00F101000FD1974288
:100790001ADA01342E462E23E4B206F8013B042C6B
:1007A000D6D1002308462B7003B0BDE8F08F5E1E43
:1007B0009742F6B208DA083307466B4413F8083C50
:1007C00005F8013B3346DEE70020EDE71022014942
:1007D000FFF7B2BF468F00242DE9F043DFF86491A4
:1007E00085B004460F46D9F8088098F8005005F007
:1007F0000F05AD00132D18D94389032B15D9436874
:100800001B78082B11D1D9F8140000F0F003E02B6D
:100810000BD0D9F80010FFF774FF30B92389072BEC
:1008200003D92046FDF7B0FF28B1204605B0BDE84A
:10083000F043FAF7A3BB05F10E0620463146FAF75E
:1008400067FB002867D02389591989B28B42ECD8FD
:100850004FF420720E20FAF7DDFB06460028E4D0A4
:10086000428905F108039A4203D23046FAF786FB23
:10087000DBE741462A46406801F097FE29463046AC
:10088000FAF74AFB30B12A4BB6222A492A4801F02E
:1008900051FCFEE721463046FAF79AFD0028E4D1E4
:1008A00020463446FAF76AFB29462046D4F80480ED
:1008B000FAF72EFB0028B8D166684FF6F772D9F820
:1008C00014302946F360D9F810304FF0FF09336136
:1008D00088F80000E0733046B8F8023093428CBFCD
:1008E000093308339BB2A8F802304FF0000886F8AD
:1008F000089086F80A8086F80B80FDF73FFF0123F9
:10090000708142460D4920460297CDE900834B464F
:10091000FFF7E6FE89E731462046FAF7FDFA0028A0
:10092000C2D0034BC7220649034801F003FCFEE78F
:1009300091550170C9550170A33E0170008B0024D0
:10094000FD550170EC8A00242DE9F043B0F80880D1
:1009500087B007460E46B8F11C0F4FF420724FF0D7
:10096000220028BF4FF01C0808F10804A4B2214659
:10097000FAF750FB0546002836D04389A34207D238
:100980001B4B4FF4B7721B491B4801F0D3FBFEE72A
:1009900044680323D7F8049039466670002642461F
:1009A0002370267108236671A671E671FAF77EFC42
:1009B000D9F80C3005A80593FFF710FD074680B164
:1009C00069892046A670E670FDF7D8FE0123608095
:1009D00005AA314628460297CDE90063FF23FFF7B9
:1009E0007FFE2846FAF7CAFA07B0BDE8F08300BFD9
:1009F000915501702E560170A33E017043890E2B54
:100A000070B504460D461AD94068E37B86891BB948
:100A100091F830300133E3730378D9070AD5012BFD
:100A200011D1437833B983785E2B03D1637B43F0D4
:100A300010036373082E10D0B6F5C16F1DD0204689
:100A4000FAF79CFA17E00622134901F0FFFC002890
:100A5000F0D1637B43F00803EBE795F82D301A07DC
:100A6000EDD50E212046FAF757FA0028E7D129469E
:100A70002046FFF7E1FC002070BD95F82D301B07E4
:100A8000DDD50E212046FAF747FA0028D7D12946AE
:100A90002046FFF70BFAEEE72A5E01702DE9F041E0
:100AA0000D460446BDF8180016461F4600F08BFAA6
:100AB0000E2180462846FAF72BFAE8B96968A1F8B2
:100AC0000C803B680B60BB888B803368C1F80630B4
:100AD000B3884B8194F82C30062B07D0084B4FF489
:100AE0009D720849084801F025FBFEE7A3692946E5
:100AF0002046BDE8F04118476FF00100BDE8F081E5
:100B00005A56017092560170A33E017007B52D48E8
:100B100000F047F92C4B1B6813B12C4A106898471A
:100B2000284D2B4EFEF7C0F8431C044613D128462F
:100B300000F03CF9002201A9304600F07BF928467C
:100B400000F02FF9019CCCB9224B9A22224923486C
:100B500001F0F0FAFEE710B9FEF772F8E2E7284676
:100B600000F024F9224601A9304600F063F904465A
:100B7000284600F016F90134EED0E3E72378012B84
:100B80000FD0022B13D0B3B96068D4E90213984791
:100B900010B16068FAF7F2F92146072000F0D4FCA2
:100BA000C0E7D4E90130984721460620F6E7D4E9AA
:100BB00001309847B6E7074BDD220749074801F0A7
:100BC000B9FAFEE7588F0024648F0024608F002458
:100BD0005C8F0024C3560170F6560170A33E01706D
:100BE0002DE9F041DFF8588007460E461546D8F843
:100BF00000303BB90F4B4FF485720F490F4801F09D
:100C000099FAFEE7072000F08BFC044668B1002348
:100C10000146C5600370C0E90176404600F0F9F86E
:100C200028B12146072000F08FFC4FF0FF30BDE8CF
:100C3000F08100BFC356017014570170A33E0170CC
:100C40005C8F002491F82D3013F0180F14BF024A66
:100C5000024AFFF7C5BF00BFFD09017039040170EA
:100C600070B50F4E05460C4633683BB90D4B40F24C
:100C700047120D490D4801F05DFAFEE7062000F02D
:100C80004FFC014640B10123C0E9015403703046D6
:100C900000F0B3F8002070BD4FF0FF30FBE700BF5D
:100CA0005C8F0024C356017014570170A33E01707D
:100CB000F8B5114F06460D463B683BB90F4B40F265
:100CC0006B120F490F4801F035FAFEE7062000F0DD
:100CD00027FC044660B1012301460370C0E90165A9
:100CE000384600F096F828B12146062000F02CFC8A
:100CF0004FF0FF30F8BD00BF5C8F0024C356017079
:100D000014570170A33E017037B505460C4600F03C
:100D100049F9144B102114481D60144B1C6000F05D
:100D20005FF838B1124B40F29A221249124801F092
:100D300001FAFEE7114800F029F8024638B10C4BE1
:100D400040F29E220E490C4801F0F4F9FEE705231B
:100D50000C490D4800934FF4805300F02DF803B078
:100D600030BD00BF648F00245C8F0024608F00249E
:100D7000C356017021570170A33E0170588F0024A3
:100D8000445701700D0B01706557017010B5044692
:100D90000120F8F729FE2060B0FA80F040094042B7
:100DA00010BD4FF0FF310068F8F782BF00230068E4
:100DB0001A461946F8F730BE1FB5044608461946CC
:100DC0000023039303AB0193069B00931346C1F3E7
:100DD0008F022146F7F7DBFA039804B010BD704785
:100DE00010B50446002208460421F8F785FD20606E
:100DF000B0FA80F04009404210BD07B500230191D0
:100E00004FF0FF3201A90068F8F706FE03B05DF865
:100E100004FB002307B51A460191006801A9F8F701
:100E2000FBFD013818BF4FF0FF3003B05DF804FB45
:100E3000F7F722BFF7B5074615460C4601B901ACD6
:100E4000F7F71AFF002D0646214614BF2A464FF039
:100E5000FF323868F8F78AFE012807D1F7F70CFF50
:100E6000801B012838BF012003B0F0BD4FF0FF30D8
:100E7000FAE708B5F9F756FD012008BDF9F76EBD90
:100E800070B5C669ADF5C06D0C460EB1306820B9BD
:100E90006FF00B000DF5C06D70BD0D6845B90368AE
:100EA0004A89DB69496898470028F1D02846F1E76C
:100EB0000A89B2F5C06F10D8002369462046FAF7B8
:100EC00097FA3068228969460368DB6998470028E9
:100ED0000CBF6FF00B000020DCE74FF0FF30D9E7CC
:100EE00010B50C46014648B144B103692046984705
:100EF00020B12046BDE81040FAF740B810BD000010
:100F000038B5044630B91B4B34221B491B4801F04D
:100F100011F9FEE7C56935B9164B3722184917484C
:100F200001F008F9FEE72B6833B9124B3822154956
:100F3000124801F0FFF8FEE747F2654304F126018D
:100F4000C385114B4361114B8361062380F82C301C
:100F5000286803681B6A984740F2DC5322460C4914
:100F6000A3840E2384F82D30286803685B699847B2
:100F7000002038BD7257017048510170A33E0170C6
:100F8000B1570170C65701706D020170810E01707A
:100F9000E10E0170C36923B1186810B103689B6941
:100FA0001847704708B5FFF71AFF00F011F800F076
:100FB000A9FAFDF773FC00F0FFFAFAF711FBBDE8A0
:100FC0000840FDF71FBE40BA80B2704700BA7047B4
:100FD00008B5114B114A23F003031149114813605E
:100FE0004FF480421A6000221A7103F580420A60B1
:100FF0004FF040211160012111710B4A1360FFF77E
:10100000C5FE38B1094B40F212220949094801F0E6
:1010100091F8FEE708BD00BF7B8F0024748F002489
:10102000708F00246C8F0024688F0024DC570170BF
:101030000E580170A33E0170F8B50446002800F078
:101040009480830707D0494B40F2662248494948BB
:1010500001F070F8FEE7484EA0F108053368AB4296
:1010600005D8464F00F10C033A689A4207D23F4B2D
:1010700040F2722242493F4801F05CF8FEE74148E5
:10108000FFF78FFE14F8043C3BB9384B40F27F2247
:101090003D49384801F04EF8FEE7336834F8086CF3
:1010A00034F8062CB6F5804F11D8B2F5804F0ED823
:1010B000E91A89B2914202D09A5A8A4207D1981904
:1010C000D7F800C060450AD042888A4207D0274B33
:1010D0004FF422722D49274801F02CF8FEE7002238
:1010E00004F8042C2A4A1768AF4288BF15609D4255
:1010F00007D21E4B4FF4E97226491E4801F01AF838
:10110000FEE7654507D3194B40F2D312224919482F
:1011100001F010F8FEE785420FD007796FB96045FE
:101120000BD01768B842985B08BF1560B0F5804FC8
:1011300024F8080C1CBFC018418034F8061C58184D
:1011400085420DD006795EB91668B54208BF1060B9
:1011500034F8082CB2F5804F5A521CBF9B185980A6
:101160000848BDE8F840FFF721BEF8BDDC57017024
:1011700029580170A33E0170748F0024708F0024E1
:101180004A5801706C8F00246358017089580170AF
:10119000688F0024BB580170D25801702DE9F041CE
:1011A000CC1C054624F00304A4B20B2C04D9B4F5DE
:1011B000804F02D900255AE00C24A142FAD8DFF86A
:1011C0002481D8F80030AB4203D83E4A1268AA42C4
:1011D00007D83D4B4FF431723C493D4800F0AAFF1F
:1011E000FEE7A5F1080635F8087CF61A083FB6B206
:1011F000BF1BBFB2A74207D2334B40F2D7223549BB
:10120000334800F097FFFEE731D03348FFF7C9FDC0
:1012100035F8082CD8F8003003EB020C9CF80410C9
:1012200041BBB2F5804F07D1274B4FF43A722B499F
:10123000274800F07FFFFEE79F5A06F10802284882
:101240002244046891B213FA82F2644508BF026036
:10125000002010715F52568025F8081C5A5AB2F5CA
:10126000804F01D01A4451801B48FFF79FFD28464C
:10127000BDE8F08104F1140189B28F42F4D306F184
:101280000801B2F5804F0C44A4B207D10E4B40F2D6
:10129000093212490E4800F04DFFFEE710481919B7
:1012A00007688F4288BF0160002008711A534E8082
:1012B00025F8084C1A5BB2F5804F1CBF9B185C8068
:1012C000D2E700BF708F0024DC570170EC5801702A
:1012D000A33E0170035901706C8F002423590170E3
:1012E000688F0024748F00242DE9F04140B1C41CA4
:1012F00024F00304A4B20B2C04D9B4F5804F02D916
:10130000002071E00C24A042FAD839486FF0070899
:10131000FFF747FD374E384BC4F5804C31681868ED
:101320000A1A92B2624503D33148FFF73FFDE7E75F
:101330008518875A95F804E0BEF1000F56D1A8EB46
:1013400002033B44A34251D304F1140C634537D349
:1013500004F1080313449BB2B3F5804F07D1274B28
:1013600040F27A322649274800F0E4FEFEE700EB1F
:10137000030C8CF804E0C752ACF8022001222B8049
:101380002A71C25AB2F5804F01D002445380A9425B
:101390001D4F05D13B680A79C2B18B4213D133602E
:1013A00008341348FFF702FD3B682C44A3420FD2D8
:1013B000124B4FF46B721549124800F0BBFEFEE76A
:1013C00001232B71E3E709880144E4E73160E7E793
:1013D000AB0707D0094B40F2AE320D49094800F087
:1013E000A9FEFEE705F10800BDE8F0813A4699E75D
:1013F0006C8F0024688F0024748F0024DC570170E8
:1014000023590170A33E0170708F0024345901707C
:10141000645901700FB437B506AB114C00254FF479
:10142000807153F8042B0E48019300F06DFF14F8FF
:10143000013B23B903B0BDE8304004B070470A2B2C
:1014400007D11DB114F8023C0D2B02D00D2000F085
:1014500083FE14F8010C013500F07EFEE7E700BFC3
:101460008BCF002410B50446FFF703FDE3681C682A
:101470005CB122681A60A30707D0064B4FF48C7248
:101480000549064800F056FEFEE7FFF7F7FC204648
:1014900010BD00BF93590170C6590170A33E017081
:1014A00038B58B0705460C4607D0094B4FF4B6728A
:1014B0000849094800F03EFEFEE7FFF7DAFCEB685A
:1014C0001A6822601C60BDE83840FFF7D7BC00BF37
:1014D00093590170E9590170A33E0170836800229D
:1014E000C168033330B523F00303C4880A60944213
:1014F00000DC30BD0D6801321D6085880B602B4417
:10150000F5E7000038B5054D0B24013C55F8040BF8
:10151000FFF7E4FFA4B2002CF7D138BD305E0170B4
:101520000A2808B506D8064B53F82000BDE8084045
:10153000FFF798BF0348FFF76DFF002008BD00BF0D
:10154000305E0170095A01700A2802D90448FFF779
:1015500061BF21B1034B53F82000FFF7A1BF7047D3
:10156000265A0170305E01700FB437B506AB114CCE
:1015700000254FF4807153F8042B0E48019300F0BE
:10158000C3FE14F8013B23B903B0BDE8304004B0FA
:1015900070470A2B07D11DB114F8023C0D2B02D065
:1015A0000D2000F0D9FD14F8010C013500F0D4FD38
:1015B000E7E700BF8F3A012408B500F0ADFC6FEA01
:1015C0008040024B6FEA9040188008BD3200002432
:1015D0002DE9F74F0F46054630B9594BCF225949EF
:1015E000594800F0A7FDFEE731B9554BD0225749C5
:1015F000554800F09FFDFEE74389072B05D8284694
:1016000003B0BDE8F04FF9F7B9BC514E44683168FA
:101610007069FFF776F880462088FFF7D4FC814692
:1016200060880024FFF7CFFC4A4B82462246D3F85D
:1016300000C0634633B9002C3FD17A6873699A427F
:101640003BD0DCE7598A51454AD193F808E0BEF116
:10165000000F06D0716891F830100131C9B28E4583
:101660003ED1D3F800E0B8F1000F33D0BEF1000F47
:1016700008D07169481C05D08EEA010BB9681BEAD5
:10168000010F2DD1197C49070DD464B3B8F1000FB7
:1016900009D07169013106D179682068884202D089
:1016A0008E4508BF1C46998A494519D1596811B120
:1016B0003069814214D1C2B91C4608212846F9F785
:1016C0002BFCC8B11E4B4FF4B87223491E4800F0E2
:1016D00031FDFEE7BEF1000FD4D071698E45D1D047
:1016E0001A46DB68A6E71C46DDE7D968D160194ACF
:1016F000C3F80CC01360DFE76CB1A669002E3FF49D
:101700007EAFCDF800902A46144B2146E069B047E1
:1017100003B0BDE8F08FB8F1000F7FF470AF7369CC
:1017200003F0F003E02B3FF46AAFB189284608319B
:1017300009B2F9F71BFC03212846FFF705F95EE71C
:10174000B85A0170EA5A0170A33E0170025B017041
:10175000EC8A0024903B01241B5B0170FC8A00246E
:101760002D4B2DE9F041002914BF0F461F4630B91B
:101770002A48FFF7F9FE6FF00F00BDE8F081284E10
:101780003468214651B97AB13D6823467BBB3B683A
:101790004282036000293BD00020EEE7814201D065
:1017A000C968EFE70121EEE7DFF878C04FF4804227
:1017B0004FF6FF7EBCF800307345254616BF013357
:1017C0004FF440439BB20DB91A4607E0B5F81280BA
:1017D00098450AD1013A92B2002AEDD1ACF8003016
:1017E000002AD4D16FF00700C7E7ED68EBE783422A
:1017F0000CD0B3F812C0944508D1D3F800C0AC4562
:10180000F0D0002DEED0BCF1000FEBD0DB68BDE7CF
:10181000C4603060C0E700BF205E0170355B0170BE
:10182000903B0124320000242DE9F04F85B00E4694
:1018300090469A460746DDE90EB940B93E486FF03A
:101840000F05FFF791FE284605B0BDE8F08F09B9F6
:101850003A48F4E70AB93A48F1E7B9F1000F01D183
:101860003848ECE7BBF1000F01D13748E7E7428A7F
:101870003AB132894FF6F7739A4209D94FF0FF35E2
:10188000E1E70146FFF76CFF05460028F1D0DAE7F3
:1018900008213046F9F73CFBC0B14FF42072082113
:1018A0002220F9F7B7FB04460028E7D0338913B1AB
:1018B0003146F9F7F1FC6389072B09D8234B40F235
:1018C0000D322349234800F035FCFEE73446F2E7A9
:1018D0006568788AFFF777FB28805046FFF773FB2F
:1018E00000236880AB71EB712089FFF76CFBA88047
:1018F0003B7CDB070DD422894B4611212046CDF8D5
:101900000080FCF739FF4FF6FF73002818BF03462D
:10191000EB801123CDF808B042464946019320469A
:10192000BB7A0093FB7AFEF747FEB44205468AD0A5
:101930002046F9F723FB86E74B5B01706A5B017079
:101940008A5B0170AC5B0170CE5B0170B85A0170AC
:10195000EF5B0170A33E017073B5069C30B912486D
:10196000FFF702FE6FF00F0002B070BD09B90F481B
:10197000F6E70AB90E48F3E70CB90E48F0E7056838
:101980001DB105F0F006E02E05D1251DCDE900457D
:10199000FFF74AFFE8E76668B54201D10546F5E77B
:1019A0006FF00300E0E700BF1D5C0170385C017060
:1019B000545C0170725C017070B50D4616460446A9
:1019C00028B91248FFF7D0FD6FF00F0070BD09B9BC
:1019D0000F48F7E7428A72B12B680E4A6360237C96
:1019E000116843F00403A68223740B464BB9E160EF
:1019F00014600020EAE70146FFF7B2FE0028EBD0B2
:101A0000E4E79C42F5D0DB68F0E700BF8F5C017033
:101A1000A85C0170903B012410B90348FFF7A4BDF6
:101A2000C0E90612704700BFC45C0170014610B9DE
:101A30000B48FFF799BD0B4A1368834204D1C36872
:101A400013600020FFF780BD002BFAD01A46DB6838
:101A5000002BF6D08B42F9D1CB68D360F1E700BF01
:101A6000DA5C0170903B012410B50020FFF758FDAF
:101A7000044628B12022002100F012FDFF23E3726A
:101A8000204610BD10B538B103682BB121B10B68E9
:101A900013B1064B1B6803B910BD1C680268944261
:101AA00004BF0A681A60DB68F5E700BF903B0124B9
:101AB0000B460146184600F06DBA00F00FB80268F8
:101AC000D207034605D4427802B1FFDE01205870E8
:101AD00070470020704701230360704700F066B92B
:101AE0002DE9F047089D0E4604460F46002B4AD1CB
:101AF00094468C45B2FA82F260D942B1C2F1200319
:101B0000974020FA03F30CFA02FC1F4394404FEA7B
:101B10001C4E1FFA8CF6B7FBFEF1230C0EFB11775F
:101B200043EA074301FB06F098420AD91CEB030382
:101B300001F1FF3780F01581984240F2128102399D
:101B400063441B1AA4B2B3FBFEF00EFB103344EA4D
:101B5000034400FB06F6A6420AD91CEB040400F17C
:101B6000FF3380F00081A64240F2FD8064440238D9
:101B700040EA0140A41B00211DB1D4400023C5E967
:101B80000043BDE8F0878B4205D90DB1C5E90001DE
:101B900000210846F5E7B3FA83F1002946D1B342A4
:101BA00002D3824200F2F580841A66EB0302012020
:101BB0001746002DE5D0C5E90047E2E7002A40F0CE
:101BC0009380A1EB0C034FEA1C471FFA8CFE012106
:101BD000B3FBF7F607FB1630230C43EA00430EFB7A
:101BE00006F0984208D91CEB030306F1FF3802D235
:101BF000984200F2D08046461B1AA4B2B3FBF7F01D
:101C000007FB103344EA03440EFB00FEA64508D947
:101C10001CEB040400F1FF3302D2A64500F2B680AB
:101C20001846A4EB0E0440EA0640A5E7C1F12007E0
:101C30008B4022FA07FC4CEA030C06FA01FE20FA5C
:101C400007F426FA07F344EA0E0400FA01F84FEA13
:101C50001C404FEA1449B3FBF0FE1FFA8CF600FB60
:101C60001E3349EA03430EFB06F9994502FA01F2D5
:101C70000BD91CEB03030EF1FF3A80F085809945E8
:101C800040F28280AEF1020E6344A3EB0909A4B2D4
:101C9000B9FBF0F300FB139944EA094403FB06F691
:101CA000A64208D91CEB040403F1FF3068D2A64217
:101CB00066D9023B644443EA0E40A41BA0FB02E643
:101CC000B4427346B14652D34FD05DB1B8EB030274
:101CD00064EB090404FA07F722FA01F31F43CC402E
:101CE000C5E9007400214CE7C2F1200120FA01F39C
:101CF0000CFA02FC26FA01F1964033434FEA1C47E6
:101D00001FFA8CFEB1FBF7F007FB1016190C41EA25
:101D1000064100FB0EF68E4204FA02F408D91CEBD1
:101D2000010100F1FF382DD28E422BD902386144D7
:101D3000891B9BB2B1FBF7F607FB161143EA01437F
:101D400006FB0EF1994208D91CEB030306F1FF389C
:101D500014D2994212D9023E63445B1A46EA00410A
:101D600036E73946EDE6184602E7F045ADD2BEEB60
:101D7000020366EB0C060138B146A6E74646ECE7DF
:101D8000034698E74046D3E7D6467EE764440238E8
:101D900047E708460DE7023E63442DE7024B014644
:101DA000186800F02DB800BF40000024024B014627
:101DB000186800F027BC00BF4000002470B50F4E2B
:101DC0000C463168054611B900F0A6FB306021468B
:101DD000284600F0A1FB431C03D14FF0FF342046FE
:101DE00070BDC41C24F00304A042F8D0211A284678
:101DF00000F092FB0130F2D1EFE700BF943B0124E9
:101E00002DE9F843CD1C25F0030508350C2D38BF0E
:101E10000C25002D064601DBA94204D90C233360B2
:101E20000020BDE8F883DFF8D48000F069F8D8F826
:101E300000301C4644BB29463046FFF7BFFF431C19
:101E4000044658D1D8F800402746002F43D1002C33
:101E50004BD023683946304604EB030900F05CFBA5
:101E6000814542D121686D1A29463046FFF7A6FF09
:101E700001303AD023682B442360D8F800305A68E8
:101E800062BBC8F800700FE02268521B20D40B2AF6
:101E900017D96119A342256018BF5960636808BF4C
:101EA000C8F8001062514B60304600F02FF804F182
:101EB0000B00231D20F00700C21A1CBF1B1AA350E1
:101EC000AFE76268A3420CBFC8F800205A60EBE796
:101ED00023466468AEE73C467F68B6E71A465B680F
:101EE000A342FBD100235360DEE70C23336030466E
:101EF00000F00CF894E70560D6E700BF983B01249A
:101F0000014800F050BB00BFDC3C0124014800F058
:101F10004BBB00BFDC3C0124164B10B51C68236B87
:101F2000B3B91820FFF73AFF0246206320B9124BDD
:101F30001248522100F048FB1149124BC0E900132E
:101F4000114B83600B23838100210120C2E904012E
:101F5000216B0E480B694C690D4A584302FB040083
:101F6000A3FB0232013340EB0200C1E9043020F050
:101F7000004010BD40000024F25C0170095D01705A
:101F80000E33CDAB34126DE6ECDE05002DF4515866
:101F90002D7F954C10B504460448134620B10A46DF
:101FA00002202146AFF3008010BD00BF00000000FA
:101FB000002310B50446C0E90033C0E90433836050
:101FC00081814366C2818361194608225C3000F03A
:101FD00067FA0D4B63620D4BA3620D4BE3620D4B31
:101FE00023630D4B24629C4206D003F168029442A5
:101FF00002D0D0339C4205D104F15800BDE8104016
:1020000000F0D0BA10BD00BF252201704722017038
:102010007F220170A32201709C3B0124024A0349E4
:10202000034800F069B800BF34000024ED2F0170B0
:102030004400002441680C4B994210B5044601D07D
:1020400000F0D4FFA168094B994202D0204600F06D
:10205000CDFFE168064B994204D02046BDE8104010
:1020600000F0C4BF10BD00BF9C3B0124043C012410
:102070006C3C012410B50B4B0B4C0C4A1A602046EB
:1020800000220421FFF794FF04F1680001220921D6
:10209000FFF78EFF04F1D0000222BDE810401221AC
:1020A000FFF786BFD43C01249C3B01241D20017016
:1020B000014800F078BA00BFDD3C0124014800F07F
:1020C00073BA00BFDD3C012410B50446FFF7F0FFF2
:1020D000236A1BB1BDE81040FFF7F0BF044B236239
:1020E000044B1B68002BF5D1FFF7C4FFF2E700BFDC
:1020F00035200170D43C01242DE9F8430746884679
:1021000014460026D4E90195B9F1010905D52468E2
:10211000002CF7D13046BDE8F883AB89012B07D9F5
:10212000B5F90E30013303D029463846C04706437F
:102130006835E9E70FB407B5064904AB086853F8FA
:10214000042B8168019300F029FC03B05DF804EBD7
:1021500004B0704740000024024B014618688268B2
:1021600000F0E0BF40000024036A70B584680546B3
:102170000E460BB9FFF7A8FF636EDB0705D4A389F2
:10218000980502D4A06D00F00EFAA389190702D5B4
:102190002369002B35D12146284600F001F980B390
:1021A0004FF0FF35636EDA0705D4A3899B0502D48F
:1021B000A06D00F0F9F9284670BD002B04DAA26981
:1021C0009A4217DC0A2915D023685A1C226019701C
:1021D000A36816F8011F013BA3600029EDD1002B75
:1021E00011DA22460A21284600F09CF80130D7D0A7
:1021F0000A25D7E72246284600F094F80130E7D1B7
:10220000CEE7013EE4E723685A1C22600A221A70D6
:10221000EEE70000024B01461868FFF7A5BF00BFBC
:102220004000002410B50C46B1F90E1000F062F920
:102230000028ABBF636DA3891B1823F48053ACBF88
:102240006365A38110BD2DE9F0411F468B89DB0535
:1022500005460C46164605D5B1F90E10022300229C
:1022600000F036F9A389B4F90E1023F48053A3814A
:1022700032463B462846BDE8F04100F05DB910B556
:102280000C46B1F90E1000F023F9431CA38915BFC9
:10229000606523F4805343F48053A38118BFA38166
:1022A00010BDB1F90E1000F003B930B51446002C82
:1022B0009BB005461A4605DA8B2303604FF0FF30CA
:1022C0001BB030BD4FF40273ADF80C304FF000037B
:1022D000199314BF04F1FF332346029305934FF67D
:1022E000FF7300910491ADF80E3069461E9B00F01B
:1022F0002FFA431CBCBF8B232B60002CE0D0009B2B
:1023000000221A70DCE7000007B5009313460A4666
:10231000014603480068FFF7C8FF03B05DF804FBFF
:1023200040000024F8B50E461446054618B1036A6D
:102330000BB9FFF7C9FEA369A360A3891A0701D5EA
:10234000236943B92146284600F02AF818B14FF016
:10235000FF373846F8BD23682269981A6369F6B2D8
:102360008342374605DC2146284600F03FFE002820
:10237000EDD1A368013BA36023685A1C22601E7044
:102380006269431C9A4204D0A389DB07E1D50A2E77
:10239000DFD12146284600F029FE0028D9D0D6E713
:1023A00038B5294B054618680C4618B1036A0BB9B5
:1023B000FFF78AFEB4F90C30190722D4DA0607D4E5
:1023C00009222A6043F04003A3814FF0FF3033E03D
:1023D000580712D5616B41B104F14403994202D010
:1023E000284600F00FF900236363A38923F0240338
:1023F000A3810023636023692360A38943F008035A
:10240000A38123694BB9A38903F42073B3F5007F3B
:1024100003D02146284600F049FEB4F90C3013F0F1
:1024200001020AD00022A26062695242A2612269BE
:1024300042B913F08000C5D138BD990758BF626911
:10244000A260F4E70020F7E74000002410B501394E
:102450000244904201D1002005E0037811F8014FB9
:10246000A34201D0181B10BD0130F2E7884210B51D
:1024700001EB020402D98442234607D8431EA1423D
:1024800008D011F8012B03F8012FF8E702440146A8
:102490008A4200D110BD13F8014D02F8014DF7E753
:1024A00002440346934200D1704703F8011BF9E749
:1024B00038B5064D0023044608462B6000F00AFF9D
:1024C000431C02D12B6803B1236038BDD83C0124E2
:1024D00038B5074D04460846114600222A601A46C0
:1024E00000F020FF431C02D12B6803B1236038BDEC
:1024F000D83C012438B5074D044608461146002251
:102500002A601A4600F016FF431C02D12B6803B163
:10251000236038BDD83C012438B5064D002304465D
:1025200008462B6000F00EFF431C02D12B6803B15C
:10253000236038BDD83C012438B5074D0446084611
:10254000114600222A601A46EDF778FF431C02D19B
:102550002B6803B1236038BDD83C012470B50D4D04
:102560000D4C641BA4100026A64209D10B4D0C4C47
:1025700000F0F8FE641BA4100026A64205D170BD31
:1025800055F8043B98470136EEE755F8043B984769
:102590000136F2E7145F0170145F0170145F01707F
:1025A0001C5F01707047704770470A44914200F108
:1025B000FF3300D1704710B511F8014B03F8014FFC
:1025C0009142F9D110BD00001FB514461A46094BBF
:1025D0001B680546D8684CB1074B0091CDE9013422
:1025E00006492B4600F02AFD00F0F2FD044B1C4684
:1025F000F3E700BF40000024625D01706F5D017071
:10260000CB3E017038B50546002941D051F8043C55
:102610000C1F002BB8BFE418FFF772FC1D4A1368AB
:1026200033B9636014602846BDE83840FFF76EBCDC
:10263000A34208D9206821188B4201BF19685B6842
:1026400009182160EDE71A465B680BB1A342FAD97D
:1026500011685018A0420BD12068014450188342E1
:102660001160E0D118685B68536008441060DAE7D5
:1026700002D90C232B60D6E7206821188B4204BFB7
:1026800019685B68636004BF091821605460CAE779
:1026900038BD00BF983B01242DE9F0478E681F46E6
:1026A000BE420B6882460C4690462DD8B1F90C20EC
:1026B00012F4906F26D06569096905EB4505A3EB17
:1026C000010905EBD5757B1C4B446D109D4238BF4D
:1026D0001D46530527D52946FFF792FB064660B3F2
:1026E00021694A46FFF761FFA38923F4906343F011
:1026F0008003A381266165614E44A5EB0905266030
:10270000A5603E46BE4200D93E462068324641465C
:10271000FFF7ACFEA3689B1BA360236833442360D0
:102720000020BDE8F0872A4600F059FD0646002843
:10273000E0D121695046FFF765FF0C23CAF800304D
:10274000A38943F04003A3814FF0FF30E9E7000085
:102750002DE9F04F98468B891B069DB007460D4624
:10276000144610D50B6973B94021FFF749FB286067
:10277000286130B90C233B604FF0FF301DB0BDE83D
:10278000F08F40236B610023099320238DF82930BB
:10279000CDF80C803023DFF89C818DF82A304FF083
:1027A000010923469A4613F8012B0AB1252AF9D1CB
:1027B000BAEB040B0BD05B46224629463846FFF79E
:1027C0006BFF013000F0A780099A5A4409929AF8E9
:1027D0000030002B00F09F8000234FF0FF32CDE946
:1027E00005230AF1010A049307938DF853301A93D5
:1027F0005446052214F8011B4E48EDF779FD049A62
:10280000D8B9D00644BF20238DF85330110744BFF8
:102810002B238DF853309AF800302A2B15D0079AC5
:10282000544600204FF00A0C214611F8013B303B82
:10283000092B4BD9B0B1079214E0A0EB080309FAB9
:1028400003F313430493A246D2E7039B191D1B68AD
:102850000391002BBBBF5B4242F002020793079338
:10286000B8BF049223782E2B0AD163782A2B32D159
:10287000039B1A1D1B68039243EAE373023405931A
:10288000DFF8C0A0217803225046EDF731FD38B1C2
:10289000049BA0EB0A0040228240134301340493BE
:1028A00014F8011B24488DF828100622EDF720FDAE
:1028B000002836D0214B1BBB039B073323F00703B3
:1028C00008330393099B334409936AE70CFB0232F4
:1028D0000C460120A8E700230134059319464FF068
:1028E0000A0C204610F8012B303A092A03D9002B94
:1028F000C6D00591C4E70CFB012104460123F0E793
:1029000003AB00932A460E4B04A93846AFF3008070
:10291000421C0646D6D1AB895B063FF52DAF099820
:102920002CE703AB00932A46054B04A9384600F078
:10293000BBF9EDE79E5D0170A85D0170000000002D
:1029400099260170A45D01709368013B002B10B4BF
:10295000936008DA9469A34201DB0A2903D15DF888
:10296000044BFFF7DFBC1368581C10601970084651
:102970005DF8044B7047F8B506460F461446D51867
:10298000AC4201D1002007E014F8011B3A46304662
:10299000FFF7DAFF431CF3D1F8BD00002DE9F04F3B
:1029A0000D469DB014469846064618B1036A0BB909
:1029B000FFF78AFB6B6ED90705D4AB899A0502D461
:1029C000A86DFFF7F0FDAB891B0701D52B699BB9FB
:1029D00029463046FFF7E4FC70B16B6EDC0704D586
:1029E0004FF0FF301DB0BDE8F08FAB899805F7D4EC
:1029F000A86DFFF7D9FDF3E70023099320238DF895
:102A00002930CDF80C803023DFF8AC818DF82A30E6
:102A10004FF0010923469A4613F8012B0AB1252AE3
:102A2000F9D1BAEB040B0BD05B462246294630465F
:102A3000FFF7A1FF013000F0A780099A5A440992DC
:102A40009AF80030002B00F09F8000234FF0FF32F7
:102A5000CDE905230AF1010A049307938DF8533059
:102A60001A935446052214F8011B5348EDF740FC15
:102A7000049AD8B9D10644BF20238DF853301307E8
:102A800044BF2B238DF853309AF800302A2B15D0F1
:102A9000079A544600204FF00A0C214611F8013BDA
:102AA000303B092B4BD9B0B1079214E0A0EB0803DF
:102AB00009FA03F313430493A246D2E7039B191DBB
:102AC0001B680391002BBBBF5B4242F002020793DD
:102AD0000793B8BF049223782E2B0AD163782A2B50
:102AE00032D1039B1A1D1B68039243EAE37302343D
:102AF0000593DFF8D4A0217803225046EDF7F8FBC8
:102B000038B1049BA0EB0A004022824013430134F9
:102B1000049314F8011B29488DF828100622EDF7BC
:102B2000E7FB00283FD0264B1BBB039B073323F05A
:102B3000070308330393099B3B4409936AE70CFBA3
:102B400002320C460120A8E7002301340593194600
:102B50004FF00A0C204610F8012B303A092A03D90D
:102B6000002BC6D00591C4E70CFB012104460123CC
:102B7000F0E703AB00932A46124B04A93046AFF3AB
:102B800000800746781CD6D16B6ED90705D4AB8977
:102B90009A0502D4A86DFFF707FDAB895B063FF5E8
:102BA0001FAF09981EE703AB00932A46054B04A903
:102BB000304600F079F8E4E79E5D0170A85D017091
:102BC0000000000077290170A45D01702DE9F04735
:102BD000164698468A680B69DDF820909342B8BF84
:102BE0001346336091F8432007460C460AB101337F
:102BF00033602368990642BF336802333360256827
:102C000015F0060506D104F1190AE36832689B1A2B
:102C1000AB4226DC94F843302268003B18BF012306
:102C200092062BD404F1430241463846C84701308E
:102C30001ED02368226903F00603042B02BFE56857
:102C40003368ED1AA3680CBF25EAE57500259342A9
:102C5000C4BF9B1AED1800261A34B5421AD10020C1
:102C600008E00123524641463846C847013003D1A7
:102C70004FF0FF30BDE8F0870135C6E7E1185A1C78
:102C8000302081F84300224494F8451082F8431024
:102C90000233C7E70123224641463846C847013080
:102CA000E6D00136D9E700002DE9FF470F7E0C9EE4
:102CB000782F914680460C469A4601F1430207D888
:102CC000622F0AD8002F00F0D180582F00F0B88072
:102CD00004F1420684F842703AE0A7F16303152B31
:102CE000F6D801A151F823F0412D0170552D017046
:102CF000D12C0170D12C0170D12C0170D12C01701C
:102D0000552D0170D12C0170D12C0170D12C017086
:102D1000D12C0170532E01707F2D01700D2E01708A
:102D2000D12C0170D12C0170752E0170D12C017045
:102D30007F2D0170D12C0170D12C0170152E0170E6
:102D400033681A1D1B68326004F1420684F8423071
:102D500001239CE033682068191D3160060601D507
:102D60001D6803E04506FBD5B3F90050002D03DADA
:102D70002D236D4284F8433058480A2311E021681E
:102D80003368080653F8045B02D4490648BFADB265
:102D90006F2F5248336014BF0A230823002184F8A0
:102DA00043106668A660002E05DB21682E4321F0E3
:102DB000040121604BD01646B5FBF3F103FB11571C
:102DC000C75D06F8017D2F46BB420D46F4D9082B9E
:102DD0000BD12368DF0708D5236961689942DEBFFC
:102DE000302306F8013C06F1FF36921B2261CDF834
:102DF00000A04B4603AA21464046FFF7E7FE0130FC
:102E00004AD14FF0FF3004B0BDE8F087236843F0AB
:102E1000200323603248782784F84570236831689E
:102E20001F0651F8045B02D45F0648BFADB23160A3
:102E3000D90744BF43F0200323601DB11023ADE741
:102E40002648E9E7236823F020032360F6E71646C7
:102E5000BDE7336825686169181D30602E061B6860
:102E600001D5196002E06806FBD5198000232361B3
:102E70001646BCE733681A1D32601E68626800217E
:102E80003046EDF735FA08B1801B60606368236156
:102E9000002384F84330AAE7236932464946404676
:102EA000D0470130ADD023689B0713D4E068039B63
:102EB0009842B8BF1846A6E7012332464946404625
:102EC000D04701309DD00135E36803995B1AAB42CE
:102ED000F2DCEBE7002504F11906F5E7AF5D0170C0
:102EE000C05D0170B1F90C202DE9F04116070546CF
:102EF0000C4654D44B68002B02DC0B6C002B48DDD5
:102F0000E66A002E45D0002312F480522F68216A11
:102F10002B6030D0626DA389590705D56368D21A3A
:102F2000636B0BB1236CD21A0023E66A216A284630
:102F3000B047431CA38906D129681D292BD82A4AEA
:102F4000CA40D60727D500226260D90422692260D0
:102F500004D5421C01D12B6803B96065616B2F60F9
:102F6000B9B104F14403994202D02846FFF74AFB65
:102F7000002363630DE001232846B0470246501C3E
:102F8000C9D12B68002BC6D01D2B01D0162B1ED10A
:102F90002F60002022E043F040031BB21BE00F69CA
:102FA000002FF6D093070E6808BF4B690F6018BF5B
:102FB0000023A6EB07088B60B8F1000FE9DD216A5A
:102FC000A66A43463A462846B047002808DCB4F9CA
:102FD0000C3043F04003A3814FF0FF30BDE8F08197
:102FE0000744A8EB0008E7E70100402038B50B696B
:102FF00005460C4613B90025284638BD18B1036AAA
:103000000BB9FFF761F8B4F90C30002BF3D0626E06
:10301000D00704D4990502D4A06DFFF7C4FA28465E
:103020002146FFF75FFF636EDA070546E4D4A38904
:103030009B05E1D4A06DFFF7B7FADDE70EB403B549
:10304000014603AB054853F8042B00680193FFF7D2
:10305000A5FC02B05DF804EB03B07047400000240B
:1030600070B50C46B1F90E10002996B015461E46F3
:103070000DDAA38913F0800F4FF0000114BF402335
:103080004FF48063002031602B6016B070BD6A463B
:1030900000F07CF80028ECDB019901F47041A1F507
:1030A0000053594259414FF48063EBE78B89F7B5E0
:1030B0009D0706460C4607D504F1470323602361AC
:1030C0000123636103B0F0BD01AB6A46FFF7C8FF9F
:1030D000009F054639463046FEF792FE48B9B4F9DE
:1030E0000C309A05EED423F0030343F00203A381CE
:1030F000E2E7A389206043F08003A381019BC4E938
:1031000004075BB1B4F90E10304600F051F828B155
:10311000A38923F0030343F00103A381A3891D4383
:10312000A581CFE770B50D461446064618B1036A6F
:103130000BB9FEF7C9FF636ED80705D4A3899905BB
:1031400002D4A06DFFF72FFAA368013B002BA36008
:1031500005DAA269934212DBEBB20A2B0FD0236887
:103160005A1C22601D70EDB2636EDA0705D4A38984
:103170009B0502D4A06DFFF717FA284670BD2946BB
:1031800022463046FFF7CEF80546EDE738B5074D45
:1031900000230446084611462B6000F0A3F8431CA8
:1031A00002D12B6803B1236038BD00BFD83C012495
:1031B00038B5064D0023044608462B6000F0A2F8FF
:1031C000431C02D12B6803B1236038BDD83C0124D5
:1031D00008B5062000F05AF8012000F0C1F82DE9EA
:1031E000F041074614460D4621B9BDE8F0411146AD
:1031F000FEF706BE2AB9FFF705FA25462846BDE8C0
:10320000F08100F05FF88442064602D8B4EB500F1C
:10321000F4D821463846FEF7F3FD804608B9454606
:10322000ECE7B4422246294628BF3246FFF7BDF9F3
:1032300029463846FFF7E6F9F1E71F2938B5054674
:103240000C4604D9162303604FF0FF3038BDC26B23
:1032500012B152F821304BB9284600F031F822461D
:1032600001462846BDE8384000F018B8012B0AD0C6
:10327000591C03D1162303600120E7E7002142F81F
:103280002410204698470020E0E70000024B01464A
:103290001868FFF7D2BF00BF4000002438B5074DC3
:1032A00000230446084611462B6000F033F8431C07
:1032B00002D12B6803B1236038BD00BFD83C012484
:1032C00000F018B851F8043C181F002BBCBF0B5875
:1032D000C0187047024B58221A604FF0FF307047F9
:1032E000D83C0124024B58221A604FF0FF3070473F
:1032F000D83C0124024B58221A604FF0FF3070472F
:10330000D83C0124024B58221A600020704700BFAD
:10331000D83C0124024B58221A604FF0FF3070470E
:10332000D83C0124024B58221A604FF0FF307047FE
:10333000D83C0124024B58221A604FF0FF307047EE
:10334000D83C0124044A05491368002B08BF0B46EA
:103350001844106018467047E03C0124000000202B
:10336000FEE700BFF8B500BFF8BC08BC9E4670473A
:0C337000F8B500BFF8BC08BC9E467047D2
:10337C00656D626564646564706978656C000000F5
:10338C000D0A3D3D3D2045746865726E657444655B
:10339C0076203D3D3D0D0000426C696E6B546173AF
:1033AC006B0000004E65744D616E616765720000C4
:1033BC005B4E4554204442475D204E65744D616E12
:1033CC00616765723A205B74637069705F746872D0
:1033DC006561645D20656E746572696E67206362F9
:1033EC005F66616C6C6261636B5F7374617469635B
:1033FC000D0000005B4E4554204442475D204E6555
:10340C00744D616E616765723A205B7463706970AC
:10341C005F7468726561645D206578656375746955
:10342C006E672063625F6C696E6B5F646F776E0DA5
:10343C00000000005B4E4554204442475D204E6521
:10344C00744D616E616765723A205B74637069706C
:10345C005F7468726561645D206578656375746915
:10346C006E672063625F6C696E6B5F75700D000038
:10347C005B4E4554204442475D204E65744D616E51
:10348C00616765723A205B74637069705F7468720F
:10349C006561645D206F6E5F74637069705F696EE7
:1034AC0069745F646F6E652063616C6C6261636BE1
:1034BC002066697265640D005B4E45545D204E6557
:1034CC00744D616E616765723A20737461727469D0
:1034DC006E670D005B4E4554204552525D204E6583
:1034EC00744D616E616765723A2045544820496E8F
:1034FC006974206661696C656420E2809420746153
:10350C00736B2073746F707065640D005B4E455463
:10351C005D204E65744D616E616765723A2050484E
:10352C0059204944203D2030782530386C580D0AFC
:10353C00000000005B4E45545D204E65744D616E7D
:10354C00616765723A2077616974696E6720666F8E
:10355C0072206C696E6B00005B4E45545D202E0032
:10356C005B4E45545D200D0A4E65744D616E61676E
:10357C0065723A206C696E6B2055500D000000008E
:10358C005B4E4554204442475D204E65744D616E40
:10359C00616765723A2063616C6C696E6720746355
:1035AC007069705F696E69742E2E2E0D000000001C
:1035BC005B4E4554204442475D204E65744D616E10
:1035CC00616765723A206C77495020696E69742086
:1035DC00636F6D706C65746564207375636365737C
:1035EC007366756C6C790D005B4E455420444247F4
:1035FC005D204E65744D616E616765723A205B7437
:10360C00637069705F7468726561645D20696E696E
:10361C00744C776970207374617274696E672E2EA6
:10362C002E0D00005B4E45545D204E65744D616E51
:10363C00616765723A207374617274696E672044B5
:10364C004843500D000000005B4E45542044424757
:10365C005D204E65744D616E616765723A205B74D6
:10366C00637069705F7468726561645D20696E690E
:10367C00744C7769702066696E69736865640D00B7
:10368C005B4E45545D204E65744D616E616765728D
:10369C003A207374617469632049502025752E2576
:1036AC00752E25752E25750D0A0000005B4E4554B0
:1036BC005D204E65744D616E616765723A2077616D
:1036CC006974696E6720757020746F20256C756D38
:1036DC007320666F722044484350206C656173659B
:1036EC000D0A00005B4E45545D204E65744D616EB5
:1036FC00616765723A20444843502074696D656F68
:10370C00757420E28094206170706C79696E67200A
:10371C007374617469632066616C6C6261636B0DB8
:10372C00000000005B4E4554204552525D204E6512
:10373C00744D616E616765723A2074637069705F75
:10374C0063616C6C6261636B2066616C6C6261635B
:10375C006B206661696C6564206572723D25640D31
:10376C000A0000005B4E45545D204E65744D616E41
:10377C00616765723A2044484350204950203D20EF
:10378C0025730D0A000000005B4E45545D204E650C
:10379C00744D616E616765723A206C696E6B204482
:1037AC004F574E0D000000005B4E45545D204E659A
:1037BC00744D616E616765723A206C696E6B207234
:1037CC006573746F7265640D000000000D0A3D3D59
:1037DC003D3D3D3D3D3D3D3D3D3D3D3D3D3D3D3D0D
:1037EC003D3D3D3D3D3D3D3D3D3D3D3D3D3D3D3DFD
:1037FC003D3D3D3D3D3D0D002121212048415244A0
:10380C004641554C5420444554454354454420218D
:10381C0021210D00504320203D2030782530386C7C
:10382C00580D0A004C5220203D2030782530386C41
:10383C00580D0A00523020203D2030782530386C4D
:10384C00582020523120203D2030782530386C58BB
:10385C000D0A0000523220203D2030782530386C83
:10386C00582020523320203D2030782530386C5899
:10387C000D0A0000523132203D2030782530386C52
:10388C00582020505352203D2030782530386C5829
:10389C000D0A00005343422D3E43465352203D2017
:1038AC0030782530386C580D0A0000005343422DF7
:1038BC003E48465352203D2030782530386C580D08
:1038CC000A0000005343422D3E4D4D4641523D20CF
:1038DC0030782530386C580D0A0000005343422DC7
:1038EC003E42464152203D2030782530386C580DF0
:1038FC000A0000003D3D3D3D3D3D3D3D3D3D3D3DD6
:10390C003D3D3D3D3D3D3D3D3D3D3D3D3D3D3D3DDB
:10391C003D3D3D3D3D3D3D3D3D3D3D3D0D000000B2
:10392C000D0A21212120535441434B204F5645521F
:10393C00464C4F5720444554454354454420696EEA
:10394C00207461736B3A202573202121210D0A000C
:10395C005B4E4554204552525D2048414C5F4554C6
:10396C00485F496E6974206661696C65640D00007E
:10397C005B4E4554204552525D2050485920496EAB
:10398C006974206661696C65640D00005B4E45547A
:10399C00204442475D202D2D2D2050485920524562
:1039AC0047495354455253202D2D2D0D0000000036
:1039BC005B4E4554204442475D20526567202530BC
:1039CC0032643A2030782530346C580D0A000000EF
:1039DC005B4E4554204442475D202D2D2D2D2D2D21
:1039EC002D2D2D2D2D2D2D2D2D2D2D2D2D2D2D0D1B
:1039FC00000000005B4E4554204442475D20455476
:103A0C00482054782025642062797465730D0A006F
:103A1C005B4E4554204552525D2045544820547805
:103A2C00206661696C6564204572723D3078256C46
:103A3C005820444D414572723D3078256C582053C6
:103A4C00746174653D3078256C580D0A00000000D7
:103A5C005B4E4554204442475D20455448205278E3
:103A6C002025642062797465730D0A005B4E455401
:103A7C005D202D2D2D204D4143204D4D4320436F76
:103A8C00756E74657273202D2D2D0D005B4E455493
:103A9C005D2044657363302E44455343333A2030E4
:103AAC00782530386C580D0A000000005B4E4554E8
:103ABC005D204465736320416464723A2025702054
:103ACC00204275666620416464723A2025700D0AA6
:103ADC00000000005B4E45545D204D414343523A7B
:103AEC00202030782530386C580D0A005B4E455438
:103AFC005D20444D414353523A2030782530386C88
:103B0C00580D0A005B4E45545D204D4D4343523ACF
:103B1C00202030782530386C580D0A005B4E455407
:103B2C005D20527820435243204572726F723A20C6
:103B3C00202020202020256C750D0A005B4E45545A
:103B4C005D20527820416C69676E6D656E742045FE
:103B5C0072726F723A20256C750D0A005B4E4554DB
:103B6C005D20527820476F6F6420556E69636173D6
:103B7C00743A20202020256C750D0A005B4E4554AC
:103B8C005D205278205061636B65747320746F7480
:103B9C00616C3A202020256C750D0A005B4E455453
:103BAC005D202D2D2D2D2D2D2D2D2D2D2D2D2D2D16
:103BBC002D2D2D2D2D2D2D2D2D2D0D005B4E4554E8
:103BCC00204552525D204C414E383734323A204217
:103BDC004D43522072656164206661696C65640DA9
:103BEC00000000005B4E4554204552525D204C4174
:103BFC004E383734323A20424D435220706F6C6C41
:103C0C00206661696C65640D000000005B4E4554D4
:103C1C00204552525D204C414E383734323A2052B6
:103C2C00657365742074696D6564206F75740D001F
:103C3C005B4E45545D204C414E383734323A204966
:103C4C006E6974204F4B202850485920616464726F
:103C5C00202575290D0A0000010203040607080936
:103C6C0049444C4500000000546D722053766300AB
:103C7C00546D7251000000000080E11122330000ED
:103C8C000100000000000000000000000000000027
:103C9C000000000000000000000000000000000018
:103CAC000000000000000000000000000000000008
:103CBC0000000000000000000000000000000000F8
:103CCC0000000000B9050070DD050070950A007059
:103CDC000000000000000000F104007015050070E9
:103CEC00E10E007000000000000000000000000069
:103CFC0000000000000000000000000000000000B8
:103D0C0000000000000000000000000000000000A7
:103D1C000000000000000000000000000000000097
:103D2C0000000000D9120070FD120070E51A00703E
:103D3C00051B0070251B0070451B00700000000067
:103D4C000000000055120070791200702F1C0070DA
:103D5C00611C00700000000000000000651F007076
:103D6C009D1F0070BD1F0070AD21007031230070CD
:103D7C007923007035250070A1230070492600704E
:103D8C005523007085260070000000000000000024
:103D9C000000000000000000000000000000000017
:103DAC000000000000000000000000000000000007
:103DBC0000000000000000000000000000000000F7
:103DCC0000000000000000000000000000000000E7
:103DDC00000000000000000000000000C51E007084
:103DEC00E91E0070A9270070F52700700000000084
:103DFC0000000000750500709905007085280070A2
:103E0C00A1280070A52900700B2A0070912A00705F
:103E1C000000000000000000DD2B0070152C00706D
:103E2C00352C0070812C0070A32C00700000000059
:103E3C000000000000000000000000000000000076
:103E4C000000000000000000010002000400060059
:103E5C0008000A000C001000200040008000000147
:103E6C0037000000443A5C7265706F735C456D629C
:103E7C006564646564506978656C5C76656E646FC6
:103E8C00725C6C7769705C7372635C636F72655C97
:103E9C00706275662E6300417373657274696F6E20
:103EAC002022257322206661696C65642061742070
:103EBC006C696E6520256420696E2025730D0A00DF
:103ECC00696E76616C696420706275665F74797076
:103EDC006500696E6372656D656E745F6D61676EAA
:103EEC006974756465203C3D20702D3E6C656E00D8
:103EFC00706275665F667265653A20702D3E7265FC
:103F0C0066203E203000696E76616C6964207062B8
:103F1C007566207479706500706275665F616C6C93
:103F2C006F633A206572726F6E656F75732074796A
:103F3C00706500706275665F7265616C6C6F633A78
:103F4C00207020213D204E554C4C00706275665FF0
:103F5C007265616C6C6F633A207120213D204E5567
:103F6C004C4C006D656D5F7472696D207265747573
:103F7C00726E65642072203D3D204E554C4C006D98
:103F8C00656D5F7472696D2072657475726E6564AF
:103F9C00207220213D20710070627566207265666A
:103FAC00206F766572666C6F7700286820213D2043
:103FBC004E554C4C2920262620287420213D204E7D
:103FCC00554C4C29202870726F6772616D6D65724B
:103FDC002076696F6C6174657320415049290043E8
:103FEC0072656174696E6720616E20696E66696EB8
:103FFC00697465206C6F6F7000702D3E746F745F08
:10400C006C656E203D3D20702D3E6C656E20286FDA
:10401C0066206C617374207062756620696E206313
:10402C006861696E2900706275665F636F70795F95
:10403C007061727469616C5F706275663A20636F4F
:10404C0070795F6C656E2062696767657220746851
:10405C00616E20736F7572636500706275665F6365
:10406C006F70795F7061727469616C5F7062756694
:10407C003A20746172676574206E6F742062696790
:10408C0020656E6F756768006F66667365745F7424
:10409C006F203C3D20705F746F2D3E6C656E006F21
:1040AC0066667365745F66726F6D203C3D20705F51
:1040BC0066726F6D2D3E6C656E00705F66726F6D13
:1040CC0020213D204E554C4C00705F746F20213DDB
:1040DC00204E554C4C00706275665F636F70795F53
:1040EC007061727469616C5F7062756628292064F6
:1040FC006F6573206E6F7420616C6C6F77207061CC
:10410C00636B6574207175657565732100706275DC
:10411C00665F636F70793A20696E76616C696420B2
:10412C00736F7572636500706275665F636F70792B
:10413C005F7061727469616C3A20696E76616C694A
:10414C00642062756600706275665F636F70795F7C
:10415C007061727469616C3A20696E76616C696425
:10416C00206461746170747200706275665F746152
:10417C006B653A20696E76616C69642062756600C5
:10418C00706275665F74616B653A20696E76616CFE
:10419C006964206461746170747200706275665F2A
:1041AC0074616B653A20627566206E6F74206C6169
:1041BC0072676520656E6F75676800706275665F03
:1041CC0074616B653A20696E76616C69642070620B
:1041DC00756600646964206E6F7420636F7079205B
:1041EC00616C6C206461746100706275665F636FF2
:1041FC007079206661696C656400443A5C72657024
:10420C006F735C456D626564646564506978656C58
:10421C005C76656E646F725C6C7769705C737263EC
:10422C005C636F72655C7463702E630070636220F4
:10423C00213D204E554C4C007463705F6672656571
:10424C003A204C495354454E007463705F7570644A
:10425C006174655F7263765F616E6E5F776E643AF0
:10426C0020696E76616C696420706362006E65779C
:10427C005F7263765F616E6E5F776E64203C3D208B
:10428C00307866666666007463705F726563766527
:10429C00643A20696E76616C6964207063620064B4
:1042AC006F6E27742063616C6C207463705F726531
:1042BC006376656420666F72206C697374656E2D0D
:1042CC0070636273007463705F7365675F636F70B4
:1042DC00793A20696E76616C696420736567007445
:1042EC0063705F6E6578745F6973733A20696E767C
:1042FC00616C696420706362007463705F656666EC
:10430C005F73656E645F6D73735F6E657469663A37
:10431C0020696E76616C6964206473745F697000E7
:10432C007463705F7063625F70757267653A206961
:10433C006E76616C696420706362007463705F7088
:10434C0063625F72656D6F76653A20696E76616C3B
:10435C00696420706362007463705F7063625F7283
:10436C00656D6F76653A20696E76616C6964207054
:10437C0063626C69737400756E73656E742073651B
:10438C00676D656E7473206C65616B696E67007523
:10439C006E61636B6564207365676D656E74732005
:1043AC006C65616B696E67006F6F73657120736507
:1043BC00676D656E7473206C65616B696E670074F4
:1043CC0063705F6162616E646F6E3A20696E7661D4
:1043DC006C69642070636200646F6E277420636183
:1043EC006C6C207463705F61626F72742F74637095
:1043FC005F6162616E646F6E20666F72206C6973B0
:10440C0074656E2D70636273007463705F6E657497
:10441C0069665F69705F616464725F6368616E672F
:10442C0065645F7063626C6973743A20696E76615F
:10443C006C6964206F6C645F616464720074637097
:10444C005F636C6F73655F73687574646F776E3AD6
:10445C0020696E76616C69642070636200706362BF
:10446C002D3E666C61677320262054465F5258437C
:10447C004C4F534544007463705F667265655F6CA6
:10448C00697374656E3A20214C495354454E00743F
:10449C0063705F636C6F73653A20696E76616C69EB
:1044AC006420706362007463705F726563765F6E24
:1044BC00756C6C3A20696E76616C6964207063620D
:1044CC00007463705F70726F636573735F7265669F
:1044DC00757365645F646174613A20696E76616CB2
:1044EC00696420706362007463705F736C6F7774BF
:1044FC006D723A20616374697665207063622D3E3B
:10450C00737461746520213D20434C4F5345440026
:10451C007463705F736C6F77746D723A206163743F
:10452C00697665207063622D3E7374617465202119
:10453C003D204C495354454E007463705F736C6F4F
:10454C0077746D723A20616374697665207063626A
:10455C002D3E737461746520213D2054494D452DC9
:10456C0057414954007463705F736C6F7774696D55
:10457C00723A2070657273697374207469636B6925
:10458C006E67207769746820696E2D666C69676840
:10459C00742064617461007463705F736C6F777402
:1045AC00696D723A207065727369737420746963F3
:1045BC006B696E67207769746820656D70747920FB
:1045CC0073656E6420627566666572007463705FF5
:1045DC00736C6F77746D723A206D6964646C6520CE
:1045EC0074637020213D207463705F61637469761D
:1045FC00655F70636273007463705F736C6F777464
:10460C006D723A20666972737420706362203D3D4E
:10461C00207463705F6163746976655F7063627345
:10462C00007463705F736C6F77746D723A205449C9
:10463C004D452D57414954207063622D3E73746172
:10464C007465203D3D2054494D452D57414954003A
:10465C007463705F736C6F77746D723A206D6964FC
:10466C00646C652074637020213D207463705F74EA
:10467C00775F70636273007463705F736C6F7774D1
:10468C006D723A20666972737420706362203D3DCE
:10469C00207463705F74775F7063627300443A5C7C
:1046AC007265706F735C456D6265646465645069B6
:1046BC0078656C5C76656E646F725C6C7769705C47
:1046CC007372635C636F72655C7463705F696E2E8A
:1046DC0063007463705F6F6F735F696E7365727480
:1046EC005F7365676D656E743A20696E76616C698F
:1046FC00642063736567007463705F7061727365C7
:10470C006F70743A20696E76616C696420706362B4
:10471C00007063622D3E736E645F71756575656CB8
:10472C00656E203E3D20706275665F636C656E2819
:10473C006E6578742D3E7029007463705F726563CA
:10474C00656976653A2076616C696420717565756A
:10475C0065206C656E677468007463705F72656366
:10476C00656976653A2077726F6E67207374617431
:10477C006500696E7365672E7020213D204E554C87
:10478C004C00696E73616E65206F6666736574218B
:10479C00007062756620746F6F2073686F7274217D
:1047AC00007463705F726563656976653A20736542
:1047BC00676D656E74206E6F74207472696D6D65B3
:1047CC006420636F72726563746C7920746F2072ED
:1047DC0063765F776E64007463705F72656365699E
:1047EC0076653A207365676D656E74206E6F742004
:1047FC007472696D6D656420636F72726563746C3D
:10480C007920746F206F6F73657120717565756594
:10481C00007463705F726563656976653A207463D2
:10482C00706C656E203E207263765F776E640074E8
:10483C0063705F726563656976653A206F6F736547
:10484C0071207463706C656E203E207263765F77A6
:10485C006E64007463705F696E7075743A20696E73
:10486C0076616C6964207062756600702D3E6E65B1
:10487C00787420213D204E554C4C00702D3E6C65BB
:10488C006E203D3D203000702D3E746F745F6C6562
:10489C006E203D3D20702D3E6E6578742D3E746FFC
:1048AC00745F6C656E007463705F696E7075743ADA
:1048BC0020616374697665207063622D3E73746148
:1048CC00746520213D20434C4F5345440074637064
:1048DC005F696E7075743A206163746976652070D7
:1048EC0063622D3E737461746520213D2054494DE3
:1048FC00452D57414954007463705F696E7075742F
:10490C003A20616374697665207063622D3E73741E
:10491C0061746520213D204C495354454E0074630D
:10492C00705F696E7075743A207063622D3E6E65AF
:10493C00787420213D2070636220286265666F7256
:10494C006520636163686529007463705F696E70CC
:10495C0075743A207063622D3E6E65787420213D2B
:10496C0020706362202861667465722063616368DD
:10497C006529007463705F696E7075743A205449D0
:10498C004D452D57414954207063622D3E7374611F
:10499C007465203D3D2054494D452D5741495400E7
:1049AC007463705F696E7075743A207063622D3E2B
:1049BC00737461746520213D20434C4F5345440072
:1049CC007063622D3E736E645F71756575656C65A1
:1049DC006E203E2030006E6F207365676D656E74BF
:1049EC0020746F2066726565007063622D3E6C6981
:1049FC007374656E65722D3E6163636570742021FE
:104A0C003D204E554C4C007063622D3E72656675B0
:104A1C007365645F64617461203D3D204E554C4C60
:104A2C0000443A5C7265706F735C456D62656464DA
:104A3C006564506978656C5C76656E646F725C6CED
:104A4C007769705C7372635C636F72655C746370BE
:104A5C005F6F75742E63007463705F6F757470751F
:104A6C00745F636F6E74726F6C5F7365676D656E88
:104A7C00745F6E657469663A206E6F206E6574693A
:104A8C006620676976656E007463705F6F7574700D
:104A9C0075745F7365676D656E745F627573793A73
:104AAC0020696E76616C696420736567007463704D
:104ABC005F6372656174655F7365676D656E743A8B
:104ACC0020696E76616C6964207063620074637037
:104ADC005F6372656174655F7365676D656E743A6B
:104AEC0020696E76616C6964207062756600702D49
:104AFC003E746F745F6C656E203E3D206F70746CFD
:104B0C00656E00636865636B207468617420666908
:104B1C0072737420706275662063616E20686F6CAE
:104B2C006420737472756374207463705F6864724C
:104B3C00007463705F6F75747075745F616C6C6F0B
:104B4C00635F6865616465723A20696E76616C6951
:104B5C006420706362007463705F6F757470757439
:104B6C005F66696C6C5F6F7074696F6E733A206905
:104B7C006E76616C69642070627566007463705F38
:104B8C007273743A20696E76616C6964206C6F6321
:104B9C00616C5F6970007463705F7273743A206942
:104BAC006E76616C69642072656D6F74655F697097
:104BBC00007463705F6F75747075745F636F6E747F
:104BCC00726F6C5F7365676D656E743A20696E7693
:104BDC00616C69642070627566007463705F7370D9
:104BEC006C69745F756E73656E745F7365673A207C
:104BFC00696E76616C6964207063620043616E2734
:104C0C00742073706C6974207365676D656E7420A5
:104C1C00696E746F206C656E6774682030007370F9
:104C2C006C6974203C3D206D7373007463705F6518
:104C3C006E71756575655F666C6167733A206E653C
:104C4C00656420656974686572205443505F5359DC
:104C5C004E206F72205443505F46494E20696E209F
:104C6C00666C616773202870726F6772616D6D6519
:104C7C00722076696F6C617465732041504929000C
:104C8C007463705F656E71756575655F666C616781
:104C9C00733A20696E76616C69642070636200748B
:104CAC0063705F656E71756575655F666C61677362
:104CBC003A20636865636B2074686174206669725E
:104CCC00737420706275662063616E20686F6C640B
:104CDC00206F70746C656E007365672D3E74637025
:104CEC00686472206E6F7420616C69676E65640015
:104CFC007463705F656E71756575655F666C616711
:104D0C00733A20696E76616C6964207365676D65B2
:104D1C006E74206C656E677468007463705F656E8A
:104D2C0071756575655F666C6167733A20696E763F
:104D3C00616C6964207175657565206C656E67744E
:104D4C0068007463705F73656E645F66696E3A20A9
:104D5C00696E76616C696420706362007463705F65
:104D6C007265786D69745F72746F5F707265706173
:104D7C0072653A20696E76616C69642070636200BA
:104D8C007463705F7265786D69743A20696E7661D0
:104D9C006C696420706362007463705F7265786D17
:104DAC0069745F666173743A20696E76616C6964CC
:104DBC0020706362007463705F73656E645F656D11
:104DCC007074795F61636B3A20696E76616C6964AB
:104DDC0020706362007463705F6F75747075743AE1
:104DEC0020696E76616C69642070636200646F6E1A
:104DFC0027742063616C6C207463705F6F757470C2
:104E0C00757420666F72206C697374656E2D706397
:104E1C00627300525354206E6F7420657870656312
:104E2C00746564206865726521006F7074696F6EBB
:104E3C0073206E6F742066696C6C656400746370AB
:104E4C005F7265786D69745F72746F5F636F6D6D9F
:104E5C0069743A20696E76616C69642070636200D3
:104E6C007463705F7265786D69745F72746F3A20E9
:104E7C00696E76616C696420706362007463705F44
:104E8C006B656570616C6976653A20696E76616CEC
:104E9C00696420706362007463705F7A65726F5F1F
:104EAC0077696E646F775F70726F62653A20696EB6
:104EBC0076616C69642070636200443A5C72657060
:104ECC006F735C456D626564646564506978656C8C
:104EDC005C76656E646F725C6C7769705C73726320
:104EEC005C636F72655C6E657469662E63006E65DB
:104EFC007469665F69737375655F7265706F7274E0
:104F0C00733A20696E76616C6964206E65746966AB
:104F1C00006E657469665F6164643A20696E7661DF
:104F2C006C6964206E65746966006E657469665F91
:104F3C006164643A204E6F20696E69742066756EE8
:104F4C006374696F6E20676976656E006E6574694F
:104F5C00662D3E6877616464725F6C656E203C3DC3
:104F6C00204E455449465F4D41585F485741444493
:104F7C00525F4C454E006E6574696620616C7265BB
:104F8C0061647920616464656400746F6F206D6185
:104F9C006E79206E65746966732C206D61782E2095
:104FAC00737570706F72746564206E756D62657266
:104FBC0020697320323535006E657469665F7365E0
:104FCC00745F75703A20696E76616C6964206E65E9
:104FDC00746966006E657469665F7365745F6C698D
:104FEC006E6B5F75703A20696E76616C6964206EC9
:104FFC0065746966006E657469665F7365745F6C71
:10500C00696E6B5F646F776E3A20696E76616C695E
:10501C0064206E6574696600443A5C7265706F73E7
:10502C005C456D626564646564506978656C5C763A
:10503C00656E646F725C6C7769705C7372635C63D1
:10504C006F72655C74696D656F7574732E63007334
:10505C0079735F74696D656F75743A2074696D65E9
:10506C006F757420213D204E554C4C2C20706F6F69
:10507C006C204D454D505F5359535F54494D454F2E
:10508C00555420697320656D7074790054696D6591
:10509C006F75742074696D6520746F6F206C6F6E02
:1050AC00672C206D6178206973204C5749505F55EF
:1050BC00494E5433325F4D41582F34206D73656324
:1050CC007300696E76616C696420736C65657074CD
:1050DC00696D6500443A5C7265706F735C456D6216
:1050EC006564646564506978656C5C76656E646F44
:1050FC00725C6C7769705C7372635C636F72655C15
:10510C00697076345C646863702E630064686370E5
:10511C005F696E635F7063625F726566636F756E05
:10512C007428293A206D656D6F7279206C65616BFE
:10513C0000646863705F62696E643A206E657469BE
:10514C006620213D204E554C4C00646863705F62B4
:10515C00696E643A206468637020213D204E554C82
:10516C004C00646863705F6F7074696F6E5F736816
:10517C006F72743A206F7074696F6E735F6F7574B1
:10518C005F6C656E202B2032203C3D204448435000
:10519C005F4F5054494F4E535F4C454E006468630B
:1051AC00705F6F7074696F6E3A206F7074696F6E98
:1051BC00735F6F75745F6C656E202B2032202B2013
:1051CC006F7074696F6E5F6C656E203C3D20444857
:1051DC0043505F4F5054494F4E535F4C454E006403
:1051EC006863705F6F7074696F6E5F627974653A33
:1051FC00206F7074696F6E735F6F75745F6C656E22
:10520C00203C20444843505F4F5054494F4E535F0D
:10521C004C454E00646863705F6F7074696F6E5FAD
:10522C006C6F6E673A206F7074696F6E735F6F7519
:10523C00745F6C656E202B2034203C3D2044484329
:10524C00505F4F5054494F4E535F4C454E0064686D
:10525C0063705F7063625F726566636F756E7428EE
:10526C00293A20726566636F756E74206572726F71
:10527C007200646863705F6372656174655F6D73FF
:10528C00673A206E6574696620213D204E554C4C62
:10529C0000646863705F6372656174655F6D7367EA
:1052AC003A206468637020213D204E554C4C0064BC
:1052BC006863705F6372656174655F6D73673A20D4
:1052CC00636865636B2074686174206669727374BB
:1052DC0020706275662063616E20686F6C64207349
:1052EC00747275637420646863705F6D73670064B7
:1052FC006863705F73656C6563743A206E6574697E
:10530C006620213D204E554C4C00646863705F73E1
:10531C00656C6563743A206468637020213D204E8F
:10532C00554C4C00636865636B206465636F646502
:10533C005F696478006E6574696620616C72656182
:10534C0064792068617320612073747275637420B2
:10535C00646863702073657400696E76616C69644F
:10536C0020646863702D3E7374617465006E65749F
:10537C006966206973206E6F742075702C206F6CB9
:10538C0064207374796C6520706F72743F00443ABA
:10539C005C7265706F735C456D62656464656450C6
:1053AC006978656C5C76656E646F725C6C7769703D
:1053BC005C7372635C636F72655C697076345C6598
:1053CC0074686172702E63006172705F7461626CDC
:1053DC00655B695D2E71203D3D204E554C4C006146
:1053EC0072705F7461626C655B695D2E737461745D
:1053FC0065203D3D204554484152505F5354415423
:10540C00455F454D50545900636865636B20746863
:10541C0061742066697273742070627566206361B2
:10542C006E20686F6C64207374727563742065747D
:10543C00686172705F686472006E657469662D3E97
:10544C006877616464725F6C656E206D757374202F
:10545C006265207468652073616D652061732045F9
:10546C0054485F4857414444525F4C454E20666F48
:10547C007220657468617270210069706164647275
:10548C0020213D204E554C4C006574685F7265744C
:10549C0020213D204E554C4C006E657469662D3EA6
:1054AC006877616464725F6C656E203D3D20455485
:1054BC00485F4857414444525F4C454E00617270FE
:1054CC005F7461626C655B6172705F6964785D2E9C
:1054DC007374617465203E3D204554484152505FC1
:1054EC0053544154455F535441424C4500747970B8
:1054FC0065206F766572666C6F77006E6F207061D9
:10550C00636B65742071756575657320616C6C6F68
:10551C007765642100443A5C7265706F735C456D0D
:10552C00626564646564506978656C5C76656E640C
:10553C006F725C6C7769705C7372635C636F7265BD
:10554C005C697076345C6970342E6300702D3E7229
:10555C006566203D3D203100636865636B2074688F
:10556C006174206669727374207062756620636161
:10557C006E20686F6C64207374727563742069702C
:10558C005F68647200443A5C7265706F735C456D61
:10559C00626564646564506978656C5C76656E649C
:1055AC006F725C6C7769705C7372635C636F72654D
:1055BC005C697076345C69636D702E630069636D31
:1055CC00705F696E7075743A206D6F76696E6720C6
:1055DC00722D3E7061796C6F616420746F20696309
:1055EC006D7020686561646572206661696C6564C4
:1055FC000069636D705F696E7075743A20726573C3
:10560C00746F72696E67206F726967696E616C2066
:10561C00702D3E7061796C6F6164206661696C6598
:10562C006400636865636B207468617420666972DA
:10563C00737420706275662063616E20686F6C6491
:10564C002069636D70206D65737361676500443A02
:10565C005C7265706F735C456D6265646465645003
:10566C006978656C5C76656E646F725C6C7769707A
:10567C005C7372635C6E657469665C657468657294
:10568C006E65742E63006E657469662D3E68776175
:10569C006464725F6C656E206D7573742062652036
:1056AC003620666F722065746865726E65745F6F04
:1056BC0075747075742100443A5C7265706F735C1C
:1056CC00456D626564646564506978656C5C76658B
:1056DC006E646F725C6C7769705C7372635C617022
:1056EC00695C74637069702E630074637069705FB9
:1056FC007468726561643A20696E76616C696420C5
:10570C006D65737361676500496E76616C696420C1
:10571C006D626F78006661696C656420746F2063DC
:10572C0072656174652074637069705F746872650A
:10573C006164206D626F78006661696C65642074C9
:10574C006F20637265617465206C6F636B5F74634B
:10575C007069705F636F72650074637069705F74F9
:10576C00687265616400443A5C7265706F735C4585
:10577C006D626564646564506978656C5C636F6DBB
:10578C00706F6E656E74735C6E65745C6C7769704B
:10579C005F706F72745C65746865726E657469664F
:1057AC002E637070006E657469662D3E737461743F
:1057BC006520213D204E554C4C0073746174652D51
:1057CC003E64726976657220213D204E554C4C002A
:1057DC00443A5C7265706F735C456D6265646465B8
:1057EC0064506978656C5C76656E646F725C6C771E
:1057FC0069705C7372635C636F72655C6D656D2E52
:10580C0063006661696C656420746F206372656106
:10581C007465206D656D5F6D75746578006D656D73
:10582C005F667265653A2073616E6974792063688E
:10583C0065636B20616C69676E6D656E74006D6578
:10584C006D5F667265653A20696C6C6567616C208A
:10585C006D656D6F7279006D656D5F667265653A29
:10586C0020696C6C6567616C206D656D6F72793A3F
:10587C0020646F75626C652066726565006D656D80
:10588C005F667265653A20696C6C6567616C206D4A
:10589C00656D6F72793A206E6F6E2D6C696E6B65EB
:1058AC00643A20646F75626C652066726565007081
:1058BC006C75675F686F6C65733A206D656D203E23
:1058CC003D2072616D00706C75675F686F6C6573FD
:1058DC003A206D656D203C2072616D5F656E6400D1
:1058EC006D656D5F7472696D3A206C6567616C20D3
:1058FC006D656D6F7279006D656D5F7472696D2089
:10590C0063616E206F6E6C7920736872696E6B20A8
:10591C006D656D6F727900696E76616C6964206E6D
:10592C0065787420707472006D656D5F6D616C6C60
:10593C006F633A20616C6C6F6361746564206D6594
:10594C006D6F7279206E6F742061626F7665207254
:10595C00616D5F656E642E006D656D5F6D616C6C65
:10596C006F633A20616C6C6F6361746564206D6564
:10597C006D6F72792070726F7065726C7920616CCA
:10598C0069676E65642E00443A5C7265706F735C77
:10599C00456D626564646564506978656C5C7665B8
:1059AC006E646F725C6C7769705C7372635C636F4E
:1059BC0072655C6D656D702E63006D656D705F6DED
:1059CC00616C6C6F633A206D656D702070726F70D6
:1059DC0065726C7920616C69676E6564006D656DCC
:1059EC00705F667265653A206D656D2070726F70C0
:1059FC0065726C7920616C69676E6564006D656DAC
:105A0C00705F6D616C6C6F633A2074797065203CCB
:105A1C00204D454D505F4D4158006D656D705F6672
:105A2C007265653A2074797065203C204D454D5067
:105A3C005F4D415800504255465F504F4F4C0050FF
:105A4C004255465F5245462F524F4D005359535FB6
:105A5C0054494D454F55540054435049505F4D5394
:105A6C00475F494E504B540054435049505F4D537F
:105A7C00475F415049004E4554434F4E4E004E45F2
:105A8C0054425546005443505F53454700544350CD
:105A9C005F5043425F4C495354454E005443505F52
:105AAC00504342005544505F50434200443A5C72AC
:105ABC0065706F735C456D6265646465645069788C
:105ACC00656C5C76656E646F725C6C7769705C7328
:105ADC0072635C636F72655C7564702E63007564D1
:105AEC00705F696E7075743A20696E76616C69646A
:105AFC002070627566007564705F696E7075743ABB
:105B0C0020696E76616C6964206E657469660070DC
:105B1C006275665F72656D6F76655F6865616465F9
:105B2C0072206661696C6564007564705F62696E91
:105B3C00643A20696E76616C6964207063620075EA
:105B4C0064705F73656E64746F5F69665F737263B4
:105B5C003A20696E76616C696420706362007564CA
:105B6C00705F73656E64746F5F69665F7372633ABE
:105B7C0020696E76616C696420706275660075646C
:105B8C00705F73656E64746F5F69665F7372633A9E
:105B9C0020696E76616C6964206473745F6970004F
:105BAC007564705F73656E64746F5F69665F737242
:105BBC00633A20696E76616C6964207372635F6905
:105BCC0070007564705F73656E64746F5F69665F97
:105BDC007372633A20696E76616C6964206E6574C9
:105BEC00696600636865636B20746861742066691C
:105BFC0072737420706275662063616E20686F6CBE
:105C0C006420737472756374207564705F68647259
:105C1C00007564705F73656E64746F5F69663A20BB
:105C2C00696E76616C696420706362007564705F84
:105C3C0073656E64746F5F69663A20696E76616C29
:105C4C0069642070627566007564705F73656E645C
:105C5C00746F5F69663A20696E76616C6964206462
:105C6C0073745F6970007564705F73656E64746FD4
:105C7C005F69663A20696E76616C6964206E657442
:105C8C006966007564705F636F6E6E6563743A204D
:105C9C00696E76616C696420706362007564705F14
:105CAC00636F6E6E6563743A20696E76616C6964BD
:105CBC0020697061646472007564705F72656376EC
:105CCC003A20696E76616C69642070636200756459
:105CDC00705F72656D6F76653A20696E76616C697E
:105CEC006420706362005245454E54206D616C6CAB
:105CFC006F6320737563636565646564002F64610D
:105D0C0074612F6A656E6B696E732F776F726B732C
:105D1C00706163652F474E552D746F6F6C636861AE
:105D2C00696E2F61726D2D31332F7372632F6E6517
:105D3C00776C69622D63796777696E2F6E65776C06
:105D4C0069622F6C6962632F7374646C69622F7261
:105D5C00616E642E63002C2066756E6374696F6EC1
:105D6C003A2000617373657274696F6E202225731B
:105D7C0022206661696C65643A2066696C65202234
:105D8C002573222C206C696E652025642573257380
:105D9C000A00232D302B2000686C4C00656667458B
:105DAC004647003031323334353637383941424387
:105DBC004445460030313233343536373839616238
:105DCC006364656600000000A48A0024A88A00248D
:105DDC00A08A00249C8A002403060C1830607801E9
:105DEC00020304050607070707070707FA00000068
:105DFC0085C30070E80300003100017060EA000008
:105E0C0021FA0070F401000095FB007001031C00E6
:105E1C00FFFFFFFF00000000000000000000FFFF7C
:105E2C00FFFFFFFFFC5E0170EC5E0170DC5E017039
:105E3C00CC5E0170BC5E0170AC5E01709C5E01704A
:105E4C008C5E01707C5E01706C5E01705C5E01703A
:105E5C00415A01701006100090D000248CD0002400
:105E6C004B5A017010001000983101249431012418
:105E7C00585A017010000400A03201249C320124F5
:105E8C00645A017010000800E8320124E432012445
:105E9C00745A017010000800703301246C33012413
:105EAC00825A017028000400F8330124F4330124D1
:105EBC008A5A017010000200A03401249C34012481
:105ECC00915A017014001000C8340124C434012408
:105EDC00995A01701C000800103601240C3601245C
:105EEC00A85A01709C000500F8360124F4360124F0
:105EFC00B05A0170200004000C3A0124083A012425
:085F0C00E4A3FE7F0100000088
:085F1400F90300706D13007029
:045F1C00D10300703D
:105F20000000000001000000000000000000000070
:105F300000000000102700007C3301700090D003A7
:105F40001000000001000000AAAAAAAA6E19000011
:105F500000C000C000000000030000009C3B0124C2
:105F600044000024000000009C3B0124043C012468
:105F70006C3C012400000000000000000000000054
:105F80000000000000000000000000000000000011
:105F90000000000000000000000000000000000001
:105FA00000000000000000000000000000000000F1
:040000057000167100
:00000001FF
