:020000040800F2
:1000000000000220750C0008C90C00081512000839
:10001000291200082F120008351200080000000005
:10002000000000000000000000000000D17C00087B
:10003000C90C000800000000FD7D00080F11000839
:10004000C90C0008C90C0008C90C0008C90C00083C
:10005000C90C0008C90C0008C90C0008C90C00082C
:10006000C90C0008C90C0008C90C0008C90C00081C
:10007000C90C0008C90C0008C90C0008C90C00080C
:10008000C90C0008C90C0008C90C0008C90C0008FC
:10009000C90C0008C90C0008C90C0008C90C0008EC
:1000A000C90C0008C90C0008C90C0008C90C0008DC
:1000B000C90C0008C90C0008C90C0008C90C0008CC
:1000C000C90C0008C90C0008C90C0008C90C0008BC
:1000D000C90C0008C90C0008C90C0008C90C0008AC
:1000E000C90C0008C90C000800000000C90C000879
:1000F000C90C0008C90C0008C90C0008C90C00088C
:10010000C90C0008C90C0008C90C0008C90C00087B
:10011000C90C0008C90C0008C90C0008C90C00086B
:10012000C90C0008C90C0008C90C0008C90C00085B
:10013000C90C0008C90C0008C90C0008C90C00084B
:1001400000000000000000000000000000000000AF
:10015000C90C0008C90C0008C90C0008C90C00082B
:10016000C90C0008C90C0008C90C0008C90C00081B
:10017000C90C0008C90C0008C90C000800000000E8
:10018000C90C0008C90C0008C90C0008C90C0008FB
:10019000C90C0008C90C0008C90C0008C90C0008EB
:1001A000C90C0008C90C0008C90C0008C90C0008DB
:1001B000C90C0008C90C0008C90C0008C90C0008CB
:1001C000C90C0008C90C0008C90C0008C90C0008BB
:1001D000C90C0008C90C0008C90C0008C90C0008AB
:1001E000C90C0008C90C0008C90C0008C90C00089B
:1001F000C90C0008C90C0008C90C0008C90C00088B
:10020000C90C0008C90C0008C90C0008C90C00087A
:10021000C90C0008C90C0008C90C0008C90C00086A
:10022000C90C0008C90C0008C90C00080000000037
:10023000C90C0008C90C000800000000C90C000827
:10024000C90C0008C90C0008C90C0008C90C00083A
:10025000C90C0008C90C0008C90C0008C90C00082A
:10026000C90C0008C90C0008C90C0008C90C00081A
:10027000C90C0008C90C0008C90C000800000000E7
:10028000C90C0008C90C0008C90C000800000000D7
:0802900000000000C90C000889
:1002A00053B94AB9002908BF00281CBF4FF0FF31DD
:1002B0004FF0FF3000F00CB8ADF1080C6DE904CE42
:1002C00007F0DCFFDDF804E0DDE9022304B070474D
:1002D000704700BF000000000000000000000000A8
:1002E00001F0FF01102A2BDB10F0070F08D010F8E7
:1002F000013B013A8B422DD010F0070F42B3F6D1EB
:10030000F0B441EA012141EA014122F007047FF003
:1003100000070023F0E80256083C85EA010586EA5A
:10032000010685FA47F5A3FA87F586FA47F6A5FA96
:1003300087F68EB9EED1F0BC01F0FF0102F00702A2
:1003400032B110F8013B013A83EA010313B1F8D14D
:100350000020704701387047002D06BF354603382E
:10036000073815F0010F07D1013015F4807F02BF67
:10037000013015F4C03F0130F0BC0138704700BFB8
:100380000348044B834202D0034B03B11847704724
:100390007400002074000020000000000548064B97
:1003A0001B1AD90F01EBA301491002D0034B03B173
:1003B00018477047740000207400002000000000FF
:1003C00010B5064C237843B9FFF7DAFF044B13B19D
:1003D0000448AFF300800123237010BD7400002097
:1003E00000000000F894000808B5054B1BB1054952
:1003F0000548AFF30080BDE80840FFF7CFBF00BF5E
:100400000000000078000020F894000880B483B059
:1004100000AF7860044A7B68136000BF0C37BD46AC
:100420005DF8047B704700BF9000002080B584B069
:1004300000AFF860B9607A60094B1B68002B09D0E7
:10044000074B1B681B6808331B68054A10687A68ED
:10045000B96898477B6818461037BD4680BD00BF15
:100460009000002080B483B000AF7860044A7B68BD
:100470001A607B6818460C37BD465DF8047B7047F0
:10048000D897000880B483B000AF7860044A7B68D6
:100490001A607B6818460C37BD465DF8047B7047D0
:1004A000D897000880B582B000AF78607868FFF711
:1004B000E9FF0421786807F0CEFE7B68184608370C
:1004C000BD4680BD80B584B000AFF860B9607A6089
:1004D000FB681846FFF7C6FF084AFB681A60FB680E
:1004E000BA685A60FB687A689A60FB680022DA6032
:1004F000FB6818461037BD4680BD00BFC497000892
:1005000080B582B000AF78607B685B681B68103391
:100510001B687A685268104698477B68DB685A1CEB
:100520007B68DA607B68DB681946044808F08AF962
:100530004FF47A7005F0E0FE00BFE5E7289500086B
:1005400080B582B000AF7860054A7B681A607B682E
:100550001846FFF797FF7B6818460837BD4680BDF1
:10056000C497000880B582B000AF78607868FFF764
:10057000E7FF1021786807F06EFE7B6818460837A1
:10058000BD4680BDB0B590B002AF00F075F900F087
:1005900001FA03461846FFF739FF4D4B3C1D1D4637
:1005A0000FCD0FC40FCD0FC40FCD0FC42B68236028
:1005B00000F0F0F903461A6808321468391D332236
:1005C0001846A047434808F0A5F9434808F0A2F9A7
:1005D000424808F09FF9424808F09CF9414B1B68DB
:1005E000BFF35B8F03F00103002B0CBF012300233B
:1005F000DBB2002B12D03B4807F02FFE0346002B46
:1006000014BF01230023DBB2002B07D000F0CCF98C
:100610000346354A1360334807F02BFE334B1B6803
:10062000BFF35B8F03F00103002B0CBF01230023FA
:10063000DBB2002B1CD02D4807F00FFE0346002B29
:1006400014BF01230023DBB2002B11D0264B1C6802
:1006500000F0A0F903461A4621462548FFF732FF6D
:10066000244A2549224807F0F1FD204807F001FE01
:10067000224B1B68BFF35B8F03F00103002B0CBF01
:1006800001230023DBB2002B1BD01C4807F0E5FD43
:100690000346002B14BF01230023DBB2002B10D034
:1006A000032300934FF40073154A1149154800F0D5
:1006B0000FFF104A1449134807F0C8FD0F4807F010
:1006C000D8FD104800F054FF05F0B6FF00BFFDE76D
:1006D000349600085C95000890950008C0950008C5
:1006E000F09500089800002094000020AC00002045
:1006F0009C0000200000002041050008C8000020E8
:1007000024960008B00000201915000880B59CB0A0
:1007100000AF07F124034C220021184608F0DAF953
:100720003B1D20220021184608F0D4F9022001F0D8
:100730007DFB00233B60384B9B69374A43F44043C1
:100740009361354B9B6903F440433B60334BDB6A59
:10075000324A43F00103D362304BDB6A03F00103FA
:100760003B603B6800BF2C4B9B6903F40053B3F51F
:10077000005F14BF01230023DBB2002BF3D1012360
:100780007B624FF48033BB620223BB640223FB64B1
:1007900002233B653C237B650223BB650F23FB657E
:1007A00002233B660C237B660023BB660023FB66AB
:1007B00007F12403184601F073FB0346002B14BF16
:1007C00001230023DBB2002B01D000F09AFC3F2371
:1007D0007B600323BB600023FB6008233B61402355
:1007E0007B614023BB614FF48063FB6140233B622C
:1007F0003B1D0421184601F0ADFF0346002B14BF3A
:1008000001230023DBB2002B01D000F07AFC00BFF3
:100810007037BD4680BD00BF004802580004005834
:1008200080B584B000AF3B4600221A605A609A60DF
:10083000DA6001F07DF801233B7000237B70002318
:100840007B601F233B7287237B720023BB720023D4
:10085000FB7201233B7301237B730023BB730023D3
:10086000FB733B46184601F09BF8042001F078F832
:1008700000BF1037BD4680BD80B584B000AFFFF724
:10088000CFFF424B5B6903F40033002B14BF0123FD
:100890000023DBB2002B1BD1BFF34F8F00BFBFF390
:1008A0006F8F00BF394B0022C3F85022BFF34F8F28
:1008B00000BFBFF36F8F00BF344B5B69334A43F413
:1008C00000335361BFF34F8F00BFBFF36F8F00E062
:1008D00000BF2E4B5B6903F48033002B14BF012350
:1008E0000023DBB2002B42D1284B0022C3F8842026
:1008F000BFF34F8F00BF254BD3F88030FB60FB6800
:100900005B0BC3F30E03BB60FB68DB08C3F3090397
:100910007B60BB685A0143F6E07313407A68920724
:100920001A491343C1F860327B685A1E7A60002B63
:1009300014BF01230023DBB2002BEAD1BB685A1E8F
:10094000BA60002B14BF01230023DBB2002BDBD1E4
:10095000BFF34F8F00BF0D4B5B690C4A43F48033EC
:100960005361BFF34F8F00BFBFF36F8F00E000BF35
:1009700000F05CFEFFF7CAFE00F048FA044800F001
:100980001BFD00BF1037BD4680BD00BF00ED00E07D
:10099000CC00002080B400AF024B1846BD465DF885
:1009A000047B7047CC00002080B586B000AF144BAC
:1009B000D3F8E030124A43F00403C2F8E030104BA1
:1009C000D3F8E03003F004033B603B683B1D00229A
:1009D0001A605A609A60DA601A6101237B60012311
:1009E000BB600023FB6000233B613B1D19460548AB
:1009F00001F016F8044B18461837BD4680BD00BFFD
:100A000000440258000802586401002080B483B0FA
:100A100000AF7860044A7B681A607B6818460C3720
:100A2000BD465DF8047B7047EC97000880B582B046
:100A300000AF78607868FFF7E9FF0421786807F075
:100A40000AFC7B6818460837BD4680BD80B582B079
:100A500000AF7860054A7B681A607B681846FFF72C
:100A6000D5FF7B6818460837BD4680BD54980008FE
:100A700080B582B000AF78607868FFF7E7FF982113
:100A8000786807F0E8FB7B6818460837BD4680BDEC
:100A900080B483B000AF7860044A7B681A607B68DA
:100AA00018460C37BD465DF8047B70470498000873
:100AB00080B582B000AF78607868FFF7E9FF042165
:100AC000786807F0C8FB7B6818460837BD4680BDCC
:100AD00080B582B000AF7860054A7B681A607B6899
:100AE0001846FFF7D5FF7B6818460837BD4680BD1E
:100AF0003498000880B582B000AF78607868FFF75E
:100B0000E7FF0C21786807F0A6FB7B6818460837DA
:100B1000BD4680BD80B500AF4FF4E1320A490B48B5
:100B200000F00EFC0A4A0B49084807F08FFB01222F
:100B300009490A4800F092FB054A0949074807F0AD
:100B400085FB00BF80BD00BF00100140CC0000202D
:100B5000000000204D0A000800080258640100202F
:100B6000D10A000880B500AFFFF7D4FF80BD0000B8
:100B700080B483B000AF0A4BD3F8F430084A43F096
:100B80000203C2F8F430064BD3F8F43003F002034A
:100B90007B607B6800BF0C37BD465DF8047B704707
:100BA0000044025880B5BAB000AF786007F1D403B2
:100BB00000221A605A609A60DA601A6107F1100325
:100BC000C0220021184607F085FF7B681B68264A73
:100BD000934245D14FF001024FF00003C7E90423CF
:100BE0000023C7F88C3007F11003184602F03EF9D5
:100BF0000346002B01D000F084FA1C4BD3F8F030F0
:100C00001A4A43F01003C2F8F030184BD3F8F03012
:100C100003F01003FB60FB68144BD3F8E030134A79
:100C200043F00203C2F8E030104BD3F8E03003F099
:100C30000203BB60BB68C023C7F8D4300223C7F8E7
:100C4000D8300023C7F8DC300023C7F8E030072392
:100C5000C7F8E43007F1D4031946054800F0E0FE78
:100C600000BFE837BD4680BD001001400044025877
:100C700000040258DFF838D000F042FA00F026F8FD
:100C80000C480D490D4A002302E0D458C4500433E7
:100C9000C4188C42F9D30A4A0A4C002301E01360BD
:100CA0000432A242FBD307F073FFFFF76BFCFEE7B1
:100CB00000000220000000207400002010990008AD
:100CC000740000205C080120FEE7000080B400AF43
:100CD000434BD3F88830424A43F47003C2F888305B
:100CE000404B1B6803F00F03062B07D83D4B1B68D6
:100CF00023F00F033B4A43F0070313603A4B1B6892
:100D0000394A43F001031360374B00221A61364B16
:100D10001A683549354B13400B60324B1B6803F0A2
:100D20000803002B07D02F4B1B6823F00F032D4A1D
:100D300043F0070313602C4B00229A612A4B0022D8
:100D4000DA61294B00221A62274B294A9A62264B04
:100D5000284ADA62244B284A1A63234B00225A633A
:100D6000214B254A9A63204B0022DA631E4B224A0C
:100D70001A641D4B00225A641B4B1B681A4A23F449
:100D800080231360184B00221A661C4B1A681C4BF8
:100D90001340B3F1005F02D21A4B01221A60124BCA
:100DA000D3F8D43003F48053002B13D10E4BD3F877
:100DB000D4300D4A43F48053C2F8D430124B43F27E
:100DC000D2021A60084BD3F8D430074A23F4805378
:100DD000C2F8D43000BFBD465DF8047B704700BF49
:100DE00000ED00E000200052004402587FEDF6EADA
:100DF000000202020000FF01800201010010005CFD
:100E00000000FFFF088100510040005280B48BB009
:100E100000AFB14B1B6903F03803182B00F22E8191
:100E200001A252F823F000BF8D0E00087D100008CB
:100E30007D1000087D1000087D1000087D1000085E
:100E40007D1000087D100008A10E00087D1000082C
:100E50007D1000087D1000087D1000087D1000083E
:100E60007D1000087D100008A70E00087D10000806
:100E70007D1000087D1000087D1000087D1000081E
:100E80007D1000087D100008AD0E0008924B1B6815
:100E9000DB0803F00303914A22FA03F37B62F7E0D5
:100EA0008F4B7B62F4E08F4B7B62F1E08A4B9B6A55
:100EB00003F00303FB61884B9B6A1B0903F03F03AC
:100EC000BB61854BDB6A03F001037B61824B5B6B8B
:100ED000DB08C3F30C037A6902FB03F307EE903AD5
:100EE000F8EE677AC7ED047ABB69002B00F0C38087
:100EF000FB69022B59D0FB69022B78D8FB69002BC8
:100F000003D0FB69012B2ED071E0734B1B68DB080B
:100F100003F00303714A22FA03F3FB60FB6807EE58
:100F2000903AF8EE676ABB6907EE903AF8EE677A96
:100F300086EEA77A684B1B6BC3F3080307EE903A63
:100F4000F8EE676A97ED046ADFED675AC6EE257A18
:100F500076EEA77AF7EE006A77EEA67A67EE277A42
:100F6000C7ED087A71E0BB6907EE903AF8EE677A50
:100F7000DFED5E6A86EEA77A574B1B6BC3F308035F
:100F800007EE903AF8EE676A97ED046ADFED565A7D
:100F9000C6EE257A76EEA77AF7EE006A77EEA67AA5
:100FA00067EE277AC7ED087A4FE0BB6907EE903A03
:100FB000F8EE677ADFED4E6A86EEA77A464B1B6B3A
:100FC000C3F3080307EE903AF8EE676A97ED046AF8
:100FD000DFED455AC6EE257A76EEA77AF7EE006A7F
:100FE00077EEA67A67EE277AC7ED087A2DE03A4BBE
:100FF0001B68DB0803F00303384A22FA03F3FB60A3
:10100000FB6807EE903AF8EE676ABB6907EE903A24
:10101000F8EE677A86EEA77A2F4B1B6BC3F30803B3
:1010200007EE903AF8EE676A97ED046ADFED2E5A04
:10103000C6EE257A76EEA77AF7EE006A77EEA67A04
:1010400067EE277AC7ED087A00BF234B1B6B5B0A5C
:1010500003F07F030133BB60BB6807EE903AB8EE44
:10106000677AD7ED086AC6EE877AFCEEE77A17EE64
:10107000903A7B620CE000237B6209E0164B1B6810
:10108000DB0803F00303154A22FA03F37B6200BF77
:10109000114B9B691B0A03F00F03164AD35C7B605C
:1010A0007A6A7B6822FA03F37B620B4B9B6903F03D
:1010B0000F03104AD35C03F01F037A6A22FA03F38A
:1010C0000D4A13600D4A7B6A136000BF2C37BD4682
:1010D0005DF8047B704700BF004402580090D003C5
:1010E00000093D000048E801000000460024744A61
:1010F0000024F44B1C980008080000200400002085
:10110000704780B400AF72B600BF00BFFDE780B586
:1011100000AF00F0FDFA05F061FF0346012B14BF9C
:1011200001230023DBB2002B01D006F09BFE00BFA1
:1011300080BD000080B58AB000AF78607B681B6816
:101140007B627B685B683B627B689B68FB617B685A
:10115000DB68BB617B681B697B617B685B693B61AA
:101160007B689B69FB607B68DB69BB601C4807F0A0
:10117000D1FB1C4807F0CEFBF9681B4807F062FB67
:1011800039691A4807F05EFB3A6A796A184807F02D
:1011900059FBBA69F969174807F054FBBA687969CD
:1011A000154807F04FFB154B9B6A1946144807F08A
:1011B00049FB124BDB6A1946124807F043FB0F4B01
:1011C0005B6B1946104807F03DFB0C4B9B6B1946B7
:1011D0000E4807F037FB0E4807F09CFB00BFFDE709
:1011E0006896000894960008B0960008C09600081B
:1011F000D0960008F09600081097000800ED00E077
:101200003097000848970008609700087897000812
:10121000909700081EF0040F0CBFEFF30880EFF367
:101220000980FFF787BF00BFFFF7F4FF00BFFFF79C
:10123000F1FF00BFFFF7EEFF00BF000080B483B0F6
:1012400000AF7860044A7B681A607B6818460C37E8
:10125000BD465DF8047B70470498000880B584B0F3
:1012600000AFF860B9601346FB80FB681846FFF7D3
:10127000E5FF074AFB681A60FB68BA685A60FB68BA
:10128000FA881A81FB6818461037BD4680BD00BF3A
:101290003498000880B582B000AF78607B685868E9
:1012A0007B681B890122194600F08CFD00BF0837BE
:1012B000BD4680BD80B582B000AF78607B6858685D
:1012C0007B681B890022194600F07CFD00BF0837AF
:1012D000BD4680BD80B582B000AF78607B685A683B
:1012E0007B681B891946104600F085FD00BF083752
:1012F000BD4680BD80B582B000AF78607B685A681B
:101300007B681B891946104600F044FD0346012BFB
:101310000CBF01230023DBB218460837BD4680BD51
:1013200080B483B000AF7860044A7B681A607B6841
:1013300018460C37BD465DF8047B7047EC970008F3
:1013400080B584B000AFF860B9607A60FB68184679
:10135000FFF7E6FF174AFB681A60FB680433942224
:101360000021184607F0B6FBFB68BA685A60FB68B4
:101370007A689A60FB680022DA60FB6800221A61D2
:10138000FB6800225A61FB680C229A61FB6800220C
:10139000DA61FB6800221A62FB6800225A62FB686D
:1013A00000229A62FB680022DA62FB681846103756
:1013B000BD4680BD5498000880B582B000AF78600B
:1013C0007B680433184603F07DFB0346002B14BFF3
:1013D00001230023DBB2002B01D0002311E07B6846
:1013E00004330021184604F0E8FC7B680433002134
:1013F000184604F020FD7B680433184604F0A4FC72
:10140000012318460837BD4680BD80B584B000AFC3
:10141000F860B9607A60FB68181D7B689AB24FF07B
:10142000FF33B96803F09EFB0346002B0CBF01237A
:101430000023DBB218461037BD4680BD80B584B0AE
:1014400000AFF860B9607A60FB68181D7B689AB2DB
:101450004FF0FF33B96803F01EFC0346002B0CBFAE
:1014600001230023DBB218461037BD4680BD0000C3
:1014700080B483B000AF7860044A7B681A607B68F0
:1014800018460C37BD465DF8047B70478898000805
:1014900080B483B000AF7860044A7B681A607B68D0
:1014A00018460C37BD465DF8047B704788980008E5
:1014B00080B582B000AF78607868FFF7E9FF04215B
:1014C000786806F0C8FE7B6818460837BD4680BDC0
:1014D00080B584B000AFF860B9607A607B80FB684B
:1014E0001846FFF7C5FF0B4AFB681A60FB68BA682D
:1014F0005A60FB6800229A60FB687A68DA60FB68D1
:101500007A881A82FB68BA695A61FB6818461037F4
:10151000BD4680BD6C98000880B582B000AF786091
:101520000A4A7B681A607B689B68002B04D07B6842
:101530009B68184604F06CFE7B681846FFF7A8FF0E
:101540007B6818460837BD4680BD00BF6C98000810
:1015500080B582B000AF78607868FFF7DDFF1821B2
:10156000786806F078FE7B6818460837BD4680BD6F
:1015700080B586B002AF78607B689B68002B01D095
:10158000002315E07B68D9687B68188A7B685B69F3
:101590007A680832019200937B680246064804F09C
:1015A00014FDF860FB68012B0CBF01230023DBB2A4
:1015B00018461037BD4680BD0116000880B582B0C0
:1015C00000AF78607B689B68002B04D07B689B68C9
:1015D000184604F0B5FE00BF0837BD4680BD80B593
:1015E00082B000AF78607B689B68002B04D07B687A
:1015F0009B68184604F050FF00BF0837BD4680BD09
:1016000080B584B000AF78607B68FB60FB685B6886
:101610001B6808331B68FA68526810469847002018
:1016200004F0F6FD00BF1037BD4680BD80B582B026
:1016300000AF032000F04AF901F042FA0246154BD0
:101640009B691B0A03F00F031349CB5C03F01F03D4
:1016500022FA03F37B600F4B9B6903F00F030E4AE2
:10166000D35C03F01F037A6822FA03F30B4A13607A
:101670000B4A7B6813600F2000F014F80346002B20
:1016800001D0012302E0FFF773FA00231846083760
:10169000BD4680BD004402581C9800080800002088
:1016A0000400002080B582B000AF7860154B1B7835
:1016B000002B01D1012321E0134B1A68114B1B7839
:1016C00019464FF47A73B3FBF1F3B2FBF3F3184608
:1016D00000F021F90346002B01D001230EE07B68C6
:1016E0000F2B0AD8002279684FF0FF3000F0F9F88C
:1016F000064A7B681360002300E001231846083780
:10170000BD4680BD10000020040000200C00002019
:1017100080B400AF064B1B781A46064B1B68134477
:10172000044A136000BFBD465DF8047B704700BFEC
:10173000100000207001002080B400AF034B1B6834
:101740001846BD465DF8047B704700BF700100205D
:1017500080B400AF034B1B681B0C1846BD465DF8F8
:10176000047B70470010005C80B485B000AF7860E7
:101770007B6803F00703FB600B4BDB68BB60BA6858
:101780004FF6FF031340BB60FB681A02BB681A43A5
:10179000064B1343BB60044ABB68D36000BF1437D9
:1017A000BD465DF8047B704700ED00E00000FA05DF
:1017B00080B400AF044BDB681B0A03F00703184634
:1017C000BD465DF8047B704700ED00E080B483B057
:1017D00000AF03463960FB80B7F90630002B0ADB07
:1017E0003B68DAB20C49B7F906301201D2B20B44A9
:1017F00083F800230AE03B68DAB20849FB8803F06B
:101800000F03043B1201D2B20B441A7600BF0C370F
:10181000BD465DF8047B704700E100E000ED00E0AC
:1018200080B489B000AFF860B9607A60FB6803F0FB
:101830000703FB61FB69C3F10703042B28BF0423E3
:10184000BB61FB690433062B02D9FB69033B00E053
:1018500000237B614FF0FF32BB6902FA03F3DA43E6
:10186000BB681A407B699A404FF0FF317B6901FAEF
:1018700003F3D9437B680B40134318462437BD4616
:101880005DF8047B7047000080B582B000AF7860DF
:101890007B68013BB3F1807F01D301230FE00A4A4B
:1018A0007B68013B53600F214FF0FF30FFF78EFF45
:1018B000054B00229A60044B07221A600023184649
:1018C0000837BD4680BD00BF10E000E080B582B0A3
:1018D00000AF78607868FFF747FF00BF0837BD4664
:1018E00080BD80B586B000AF0346B9607A60FB81E9
:1018F000FFF75EFF78617A68B9687869FFF790FF53
:101900000246B7F90E3011461846FFF75FFF00BFD9
:101910001837BD4680BD80B582B000AF786078686A
:10192000FFF7B2FF034618460837BD4680BD0000EA
:1019300080B400AFBFF35F8F00BF074B5B6A064AFE
:1019400023F480335362054B00225A6000BFBD462A
:101950005DF8047B704700BF00ED00E090ED00E013
:1019600080B483B000AF78600B4A7B6843F001031A
:1019700053600A4B5B6A094A43F480335362BFF3F6
:101980004F8F00BFBFF36F8F00BF00BF0C37BD4646
:101990005DF8047B704700BF90ED00E000ED00E0D3
:1019A00080B483B000AF78607B685A781B4B9A6034
:1019B0001A4B1B69194A23F001031361174A7B680C
:1019C0005B68D3607B681B7B1A077B68DB7A1B062E
:1019D0001A437B689B7ADB041A437B685B7B9B041E
:1019E0001A437B689B7B5B041A437B68DB7B1B048D
:1019F0001A437B685B7A1B021A437B681B7A5B0085
:101A000013437A6812781146044A0B43136100BFEE
:101A10000C37BD465DF8047B704700BF90ED00E0D9
:101A200080B489B000AF786039600023FB618E4BD1
:101A30007B619EE13B681A680121FB6901FA03F3AF
:101A400013403B613B69002B00F090813B685B6871
:101A500003F00303012B05D03B685B6803F003032D
:101A6000022B30D17B689B68BB61FB695B00032262
:101A700002FA03F3DB43BA691340BB613B68DA68DF
:101A8000FB695B0002FA03F3BA691343BB617B682D
:101A9000BA699A607B685B68BB610122FB6902FAE4
:101AA00003F3DB43BA691340BB613B685B681B0906
:101AB00003F00102FB6902FA03F3BA691343BB6145
:101AC0007B68BA695A603B685B6803F00303032BC9
:101AD00009D13B685B6803F00303032B1BD13B6810
:101AE0009B68012B17D07B68DB68BB61FB695B00DF
:101AF000032202FA03F3DB43BA691340BB613B687C
:101B00009A68FB695B0002FA03F3BA691343BB618D
:101B10007B68BA69DA603B685B6803F00303022BF9
:101B200023D1FB69DA087B68083253F82230BB61A5
:101B3000FB6903F007039B000F2202FA03F3DB4368
:101B4000BA691340BB613B681A69FB6903F007037C
:101B50009B0002FA03F3BA691343BB61FB69DA081D
:101B60007B680832B96943F822107B681B68BB6147
:101B7000FB695B00032202FA03F3DB43BA691340FB
:101B8000BB613B685B6803F00302FB695B0002FA20
:101B900003F3BA691343BB617B68BA691A603B6897
:101BA0005B6803F44033002B00F0E0802F4BD3F848
:101BB000F4302E4A43F00203C2F8F4302B4BD3F832
:101BC000F43003F00203FB60FB68294AFB699B08C1
:101BD000023352F82330BB61FB6903F003039B001F
:101BE0000F2202FA03F3DB43BA691340BB617B683F
:101BF000204A934252D07B681F4A934231D07B687F
:101C00001E4A93422BD07B681D4A934225D07B68A5
:101C10001C4A93421FD07B681B4A934219D07B68B1
:101C20001A4A934213D07B68194A93420DD07B68BD
:101C3000184A934207D07B68174A934201D109237F
:101C40002DE00A232BE0082329E0072327E00623C1
:101C500025E0052323E0042321E003231FE00223E2
:101C60001DE001231BE000BF800000580044025823
:101C700000040058000002580004025800080258EE
:101C8000000C0258001002580014025800180258A4
:101C9000001C025800200258002402580023FA6950
:101CA00002F0030292009340BA691343BB613849C2
:101CB000FB699B080233BA6941F823204FF0B04317
:101CC0001B68BB613B69DB43BA691340BB613B687E
:101CD0005B6803F48013002B03D0BA693B6913439C
:101CE000BB614FF0B042BB6913604FF0B0435B681B
:101CF000BB613B69DB43BA691340BB613B685B680E
:101D000003F40013002B03D0BA693B691343BB6192
:101D10004FF0B042BB6953607B695B68BB613B6954
:101D2000DB43BA691340BB613B685B6803F4003373
:101D3000002B03D0BA693B691343BB617B69BA6965
:101D40005A607B691B68BB613B69DB43BA6913401E
:101D5000BB613B685B6803F48033002B03D0BA6936
:101D60003B691343BB617B69BA691A60FB69013344
:101D7000FB613B681A68FB6922FA03F3002B7FF4CE
:101D800059AE00BF00BF2437BD465DF8047B7047E5
:101D90000004005880B485B000AF78600B467B80AB
:101DA0007B681A697B881340002B02D00123FB73E8
:101DB00001E00023FB73FB7B18461437BD465DF83A
:101DC000047B704780B483B000AF78600B467B80A3
:101DD00013467B707B78002B03D07A887B689A61EE
:101DE00003E07B881A047B689A6100BF0C37BD460C
:101DF0005DF8047B704780B485B000AF78600B4617
:101E00007B807B685B69FB607A88FB6813401A04FF
:101E1000FB68D9437B880B401A437B689A6100BFFB
:101E20001437BD465DF8047B7047000080B584B070
:101E300000AF7860194BDB6803F00403042B0AD071
:101E4000164BDB6803F007037A689A4201D001233E
:101E50001FE000231DE0114BDB6823F007020F4950
:101E60007B681343CB60FFF767FCF86009E0FFF77E
:101E700063FC0246FB68D31AB3F57A7F01D90123CC
:101E800007E0064B5B6803F40053B3F5005FEED147
:101E9000002318461037BD4680BD00BF00480258D9
:101EA00080B58CB000AF78607B68002B02D1012335
:101EB00000F048BC7B681B6803F00103002B00F0B6
:101EC0008880994B1B6903F03803FB62964B9B6A31
:101ED000BB62FB6A102B07D0FB6A182B11D1BB6ABF
:101EE00003F00303022B0CD18F4B1B6803F4003368
:101EF000002B6DD07B685B68002B69D1012300F05B
:101F000021BC7B685B68B3F5803F06D1864B1B68BC
:101F1000854A43F4803313602EE07B685B68002BB6
:101F20000CD1814B1B68804A23F4803313607E4BB5
:101F30001B687D4A23F4802313601DE07B685B6887
:101F4000B3F5A02F0CD1784B1B68774A43F480235C
:101F50001360754B1B68744A43F4803313600BE0C5
:101F6000714B1B68704A23F4803313606E4B1B68FF
:101F70006D4A23F4802313607B685B68002B13D0C9
:101F8000FFF7DAFB786208E0FFF7D6FB02467B6AD0
:101F9000D31A642B01D90323D4E3634B1B6803F4E6
:101FA0000033002BF0D014E0FFF7C6FB786208E0A6
:101FB000FFF7C2FB02467B6AD31A642B01D90323C5
:101FC000C0E3594B1B6803F40033002BF0D100E051
:101FD00000BF7B681B6803F00203002B00F0CA807F
:101FE000514B1B6903F038033B624F4B9B6AFB610B
:101FF0003B6A002B07D03B6A182B56D1FB6903F0D4
:102000000303002B51D1484B1B6803F00403002B42
:1020100005D07B68DB68002B01D1012392E3424BA2
:102020001B6823F019027B68DB683F4913430B6090
:10203000FFF782FB786208E0FFF77EFB02467B6ACF
:10204000D31A022B01D903237CE3374B1B6803F01F
:102050000403002BF0D0FFF77BFB034641F20302A1
:10206000934217D87B681B69402B08D12E4B5B68C5
:1020700023F47C332C4A43F4003353607AE02A4B38
:102080005B6823F47C327B681B691B03264913437E
:102090004B606FE0244B5B6823F0FE427B681B695A
:1020A0001B06214913434B6064E07B68DB68002B0F
:1020B00047D01D4B1B6823F019027B68DB681A4967
:1020C00013430B60FFF738FB786208E0FFF734FB3F
:1020D00002467B6AD31A022B01D9032332E3124B47
:1020E0001B6803F00403002BF0D0FFF731FB03461D
:1020F00041F20302934219D87B681B69402B08D137
:10210000094B5B6823F47C33074A43F40033536084
:1021100030E0054B5B6823F47C327B681B691B0352
:10212000014913434B6025E0004402589A4B5B6819
:1021300023F0FE427B681B691B06974913434B60E3
:1021400018E0954B1B68944A23F001031360FFF7D6
:10215000F3FA786208E0FFF7EFFA02467B6AD31AD7
:10216000022B01D90323EDE28B4B1B6803F0040320
:10217000002BF0D17B681B6803F01003002B00F0EC
:10218000A980854B1B6903F03803BB61824B9B6AB6
:102190007B61BB69082B07D0BB69182B3AD17B69DF
:1021A00003F00303012B35D17B4B1B6803F48073D1
:1021B000002B05D07B68DB69802B01D00123C1E2B5
:1021C000FFF7C6FA034641F20302934217D87B6831
:1021D0001B6A202B08D1704B5B6823F0F8436E4AD2
:1021E00043F08043536075E06B4B5B6823F0F8422B
:1021F0007B681B6A9B06684913434B606AE0664B29
:10220000DB6823F07C527B681B6A1B066249134320
:10221000CB605FE07B68DB69002B42D05E4B1B68C4
:102220005D4A43F080031360FFF786FA786208E0A6
:10223000FFF782FA02467B6AD31A022B01D90323E5
:1022400080E2554B1B6803F48073002BF0D0FFF73E
:102250007FFA034641F20302934217D87B681B6A58
:10226000202B08D14C4B5B6823F0F8434A4A43F0DB
:10227000804353602EE0484B5B6823F0F8427B6854
:102280001B6A9B06444913434B6023E0424BDB68C7
:1022900023F07C527B681B6A1B063F491343CB60CB
:1022A00018E03D4B1B683C4A23F080031360FFF7A6
:1022B00043FA786208E0FFF73FFA02467B6AD31AD6
:1022C000022B01D903233DE2334B1B6803F48073D7
:1022D000002BF0D17B681B6803F00803002B36D07D
:1022E0007B685B69002B19D02B4B5B6F2A4A43F04C
:1022F00001035367FFF720FA786208E0FFF71CFA42
:1023000002467B6AD31A022B01D903231AE2224B1D
:102310005B6F03F00203002BF0D018E01E4B5B6FE5
:102320001D4A23F001035367FFF706FA786208E0BD
:10233000FFF702FA02467B6AD31A022B01D9032364
:1023400000E2154B5B6F03F00203002BF0D17B68BA
:102350001B6803F02003002B39D07B689B69002B9E
:102360001CD00D4B1B680C4A43F480531360FFF7DD
:10237000E3F9786208E0FFF7DFF902467B6AD31AD7
:10238000022B01D90323DDE1034B1B6803F4005347
:10239000002BF0D01BE000BF004402589B4B1B6891
:1023A0009A4A23F480531360FFF7C6F9786208E075
:1023B000FFF7C2F902467B6AD31A022B01D9032325
:1023C000C0E1924B1B6803F40053002BF0D17B68F3
:1023D0001B6803F00403002B00F081808C4B1B680A
:1023E0008B4A43F480731360FFF7A6F9786208E024
:1023F000FFF7A2F902467B6AD31A642B01D90323A3
:10240000A0E1834B1B6803F48073002BF0D07B6842
:102410009B68012B06D17D4B1B6F7C4A43F0010367
:1024200013672DE07B689B68002B0CD1774B1B6FEB
:10243000764A23F001031367744B1B6F734A23F032
:10244000040313671CE07B689B68052B0CD16F4B62
:102450001B6F6E4A43F0040313676C4B1B6F6B4A90
:1024600043F0010313670BE0684B1B6F674A23F0CF
:1024700001031367654B1B6F644A23F00403136762
:102480007B689B68002B15D0FFF756F978620AE04D
:10249000FFF752F902467B6AD31A41F2883293421F
:1024A00001D903234EE1594B1B6F03F00203002BAC
:1024B000EED014E0FFF740F978620AE0FFF73CF94C
:1024C00002467B6AD31A41F28832934201D9032330
:1024D00038E14E4B1B6F03F00203002BEED17B68FB
:1024E0005B6A002B00F02D81484B1B6903F0380319
:1024F000182B00F0BD807B685B6A022B40F09E8049
:10250000424B1B68414A23F080731360FFF714F9B4
:10251000786208E0FFF710F902467B6AD31A022BB3
:1025200001D903230EE1394B1B6803F00073002B24
:10253000F0D1364B9A6A374B13407A68916A7A68C1
:10254000D26A12010A43314913438B627B681B6BC9
:10255000013BC3F308027B685B6B013B5B029BB2F0
:102560001A437B689B6B013B1B0403F4FE031A4375
:102570007B68DB6B013B1B0603F0FE4323491343DF
:102580000B63224BDB6A214A23F00103D3621F4B0A
:102590005A6B214B13407A68926CD2001B4913434B
:1025A0004B631A4BDB6A23F00C027B681B6C1749E8
:1025B0001343CB62154BDB6A23F002027B685B6C32
:1025C00012491343CB62114BDB6A104A43F4803348
:1025D000D3620E4BDB6A0D4A43F40033D3620B4BDC
:1025E000DB6A0A4A43F48023D362084BDB6A074A5A
:1025F00043F00103D362054B1B68044A43F0807328
:102600001360FFF799F8786211E000BF00440258A8
:10261000004802580CFCFFFF0700FFFFFFF78CF893
:1026200002467B6AD31A022B01D903238AE0474B67
:102630001B6803F00073002BF0D082E0434B1B6853
:10264000424A23F080731360FFF776F8786208E05F
:10265000FFF772F802467B6AD31A022B01D90323D3
:1026600070E03A4B1B6803F00073002BF0D168E078
:10267000364B9B6A3B61354B1B6BFB607B685B6A2F
:10268000012B31D03B6903F003027B689B6A9A42BD
:102690002AD13B691B0903F03F027B68DB6A9A423F
:1026A00022D1FB68C3F308027B681B6B013B9A4293
:1026B0001AD1FB685B0A03F07F027B685B6B013B0E
:1026C0009A4211D1FB681B0C03F07F027B689B6B65
:1026D000013B9A4208D1FB681B0E03F07F027B6826
:1026E000DB6B013B9A4201D001232BE0174B5B6B64
:1026F000DB08C3F30C033B617B689B6C3A699A422D
:102700001FD0124BDB6A114A23F00103D362FFF79B
:1027100013F8786200BFFFF70FF802467B6A934216
:10272000F9D00A4B5A6B0A4B13407A68926CD2006C
:10273000064913434B63054BDB6A044A43F001032C
:10274000D362002318463037BD4680BD004402588E
:102750000700FFFF80B586B000AF786039607B6806
:10276000002B01D101239CE18A4B1B6803F00F036E
:102770003A689A4210D9874B1B6823F00F028549AB
:102780003B6813430B60834B1B6803F00F033A68ED
:102790009A4201D0012384E17B681B6803F00403A3
:1027A000002B10D07B681A697B4B9B6903F0700388
:1027B0009A4208D9784B9B6923F070027B681B69A9
:1027C000754913438B617B681B6803F00803002B7A
:1027D00010D07B685A69704BDB6903F070039A4232
:1027E00008D96D4BDB6923F070027B685B696A492D
:1027F0001343CB617B681B6803F01003002B10D0E0
:102800007B689A69644BDB6903F4E0639A4208D9F8
:10281000614BDB6923F4E0627B689B695E4913438B
:10282000CB617B681B6803F02003002B10D07B6812
:10283000DA69594B1B6A03F070039A4208D9564B68
:102840001B6A23F070027B68DB69534913430B62F8
:102850007B681B6803F00203002B10D07B68DA68EA
:102860004D4B9B6903F00F039A4208D94A4B9B6971
:1028700023F00F027B68DB68474913438B617B6859
:102880001B6803F00103002B55D0434B9B6923F4D5
:1028900070627B689B68404913438B617B685B680F
:1028A000022B07D13C4B1B6803F40033002B21D1D2
:1028B0000123F6E07B685B68032B07D1364B1B686E
:1028C00003F00073002B15D10123EAE07B685B68FD
:1028D000012B07D1304B1B6803F48073002B09D107
:1028E0000123DEE02C4B1B6803F00403002B01D115
:1028F0000123D6E0284B1B6923F007027B685B6845
:10290000254913430B61FEF717FF78610AE0FEF7D4
:1029100013FF02467B69D31A41F28832934201D9F0
:102920000323BEE01C4B1B6903F038027B685B6825
:10293000DB009A42EBD17B681B6803F00203002B9B
:1029400010D07B68DA68144B9B6903F00F039A423E
:1029500008D2114B9B6923F00F027B68DB680E499C
:1029600013438B610B4B1B6803F00F033A689A42C9
:1029700014D2084B1B6823F00F0206493B6813432F
:102980000B60044B1B6803F00F033A689A4205D0B2
:10299000012386E000200052004402587B681B6837
:1029A00003F00403002B10D07B681A693F4B9B692E
:1029B00003F070039A4208D23C4B9B6923F07002EB
:1029C0007B681B69394913438B617B681B6803F083
:1029D0000803002B10D07B685A69344BDB6903F085
:1029E00070039A4208D2314BDB6923F070027B6896
:1029F0005B692E491343CB617B681B6803F01003AE
:102A0000002B10D07B689A69284BDB6903F4E063E4
:102A10009A4208D2254BDB6923F4E0627B689B690C
:102A200022491343CB617B681B6803F02003002B12
:102A300010D07B68DA691D4B1B6A03F070039A4261
:102A400008D21A4B1B6A23F070027B68DB691749B6
:102A500013430B6200F034F80246144B9B691B0AC7
:102A600003F00F031249CB5C03F01F0322FA03F3B8
:102A70003B610E4B9B6903F00F030D4AD35C03F0DF
:102A80001F033A6922FA03F30A4A13600A4A3B69B0
:102A900013600A4B1B681846FEF704FE0346FB73DF
:102AA000FB7B18461837BD4680BD00BF0044025866
:102AB0001C98000808000020040000200C000020E2
:102AC00080B489B000AFB34B1B6903F03803182BF7
:102AD00000F2558101A252F823F000BF412B0008FB
:102AE0007F2D00087F2D00087F2D00087F2D000816
:102AF0007F2D00087F2D00087F2D0008672B000820
:102B00007F2D00087F2D00087F2D00087F2D0008F5
:102B10007F2D00087F2D00087F2D00086D2B0008F9
:102B20007F2D00087F2D00087F2D00087F2D0008D5
:102B30007F2D00087F2D00087F2D0008732B0008D3
:102B4000944B1B6803F02003002B09D0914B1B68AA
:102B5000DB0803F00303904A22FA03F3BB6111E19F
:102B60008D4BBB610EE18D4BBB610BE18C4BBB61AF
:102B700008E1884B9B6A03F003037B61854B9B6AEA
:102B80001B0903F03F033B61824BDB6A03F0010347
:102B9000FB60804B5B6BDB08C3F30C03FA6802FB42
:102BA00003F307EE903AF8EE677AC7ED027A3B69D5
:102BB000002B00F0E1807B69022B00F083807B69B1
:102BC000022B00F2A1807B69002B03D07B69012BD3
:102BD00056D099E06F4B1B6803F02003002B2DD0DB
:102BE0006C4B1B68DB0803F003036B4A22FA03F308
:102BF0007B607B6807EE903AF8EE676A3B6907EE08
:102C0000903AF8EE677A86EEA77A624B1B6BC3F3B5
:102C1000080307EE903AF8EE676A97ED026ADFED77
:102C2000615AC6EE257A76EEA77AF7EE006A77EE5D
:102C3000A67A67EE277AC7ED077A87E03B6907EE49
:102C4000903AF8EE677ADFED586A86EEA77A514B34
:102C50001B6BC3F3080307EE903AF8EE676A97ED33
:102C6000026ADFED505AC6EE257A76EEA77AF7EEC5
:102C7000006A77EEA67A67EE277AC7ED077A65E0F5
:102C80003B6907EE903AF8EE677ADFED486A86EE28
:102C9000A77A404B1B6BC3F3080307EE903AF8EE9C
:102CA000676A97ED026ADFED3F5AC6EE257A76EE47
:102CB000A77AF7EE006A77EEA67A67EE277AC7ED75
:102CC000077A43E03B6907EE903AF8EE677ADFED6A
:102CD000386A86EEA77A2F4B1B6BC3F3080307EE07
:102CE000903AF8EE676A97ED026ADFED2E5AC6EE6B
:102CF000257A76EEA77AF7EE006A77EEA67A67EE87
:102D0000277AC7ED077A21E03B6907EE903AF8EEA3
:102D1000677ADFED266A86EEA77A1E4B1B6BC3F33C
:102D2000080307EE903AF8EE676A97ED026ADFED66
:102D30001D5AC6EE257A76EEA77AF7EE006A77EE90
:102D4000A67A67EE277AC7ED077A00BF114B1B6B97
:102D50005B0A03F07F0301333B603B6807EE903A68
:102D6000B8EE677AD7ED076AC6EE877AFCEEE77AA7
:102D700017EE903ABB6105E00023BB6102E0074B10
:102D8000BB6100BFBB6918462437BD465DF8047BB4
:102D9000704700BF004402580090D00300093D0076
:102DA0000048E801000000460024744C0024744AE6
:102DB0000024F44B80B582B000AFFFF781FE0246DD
:102DC000104B9B691B0A03F00F030F49CB5C03F008
:102DD0001F0322FA03F37B600A4B9B6903F00F0386
:102DE000094AD35C03F01F037A6822FA03F3074A07
:102DF0001360074A7B681360044B1B68184608374A
:102E0000BD4680BD004402581C9800080800002000
:102E10000400002080B500AFFFF7CCFF0246064B50
:102E2000DB691B0903F007030449CB5C03F01F03B4
:102E300022FA03F3184680BD004402581C9800088B
:102E400080B500AFFFF7B6FF0246064BDB691B0AF1
:102E500003F007030449CB5C03F01F0322FA03F3DA
:102E6000184680BD004402581C9800082DE9B04F58
:102E7000CAB000AFC7F81401002387F82731002338
:102E800087F82631D7F81431D3E9002302F0006423
:102E9000002554EA050349D0D7F814319B6EB3F5E9
:102EA000401F2FD0B3F5401F28D8B3F5001F1AD00C
:102EB000B3F5001F22D8002B03D0B3F5801F07D035
:102EC0001CE0B84BDB6AB74A43F40033D3621AE024
:102ED000D7F8143108330221184601F08FFC03465D
:102EE00087F827310FE0D7F814312833022118462C
:102EF00001F036FD034687F8273104E0012387F807
:102F0000273100E000BF97F82731002B0AD1A54BED
:102F10001B6D23F44011D7F814319B6EA14A0B436B
:102F2000136503E097F8273187F82631D7F8143175
:102F3000D3E9002302F480784FF0000958EA09032E
:102F400047D0D7F814319B6D042B2AD801A252F830
:102F500023F000BF692F0008772F00088D2F00088D
:102F6000AB2F0008AB2F00088E4BDB6A8D4A43F471
:102F70000033D3621AE0D7F8143108330021184621
:102F800001F03CFC034687F827310FE0D7F81431F5
:102F900028330021184601F0E3FC034687F8273167
:102FA00004E0012387F8273100E000BF97F82731BC
:102FB000002B0AD17B4B1B6D23F00701D7F814318E
:102FC0009B6D784A0B43136503E097F8273187F828
:102FD0002631D7F81431D3E9002302F4007A4FF0F8
:102FE000000B5AEA0B034CD0D7F81431DB6DB3F564
:102FF000807F30D0B3F5807F29D8C02B2DD0C02B57
:1030000025D8802B18D0802B21D8002B02D0402B24
:1030100007D01CE0634BDB6A624A43F40033D3629F
:103020001CE0D7F8143108330021184601F0E6FB04
:10303000034687F8273111E0D7F8143128330021EF
:10304000184601F08DFC034687F8273106E001237E
:1030500087F8273102E000BF00E000BF97F8273172
:10306000002B0AD14F4B1B6D23F4E071D7F81431BC
:10307000DB6D4C4A0B43136503E097F8273187F863
:103080002631D7F81431D3E9002302F48063C7F85E
:1030900008310023C7F80C31D7E942120B4613431D
:1030A00053D0D7F81431D3F8A830B3F5000F35D08A
:1030B000B3F5000F2ED8B3F5C00F31D0B3F5C00F64
:1030C00028D8B3F5800F1AD0B3F5800F22D8002B83
:1030D00003D0B3F5001F07D01CE0324BDB6A314A46
:1030E00043F40033D3621CE0D7F8143108330021D5
:1030F000184601F083FB034687F8273111E0D7F823
:10310000143128330021184601F02AFC034687F8C1
:10311000273106E0012387F8273102E000BF00E0F5
:1031200000BF97F82731002B0BD11E4B9B6D23F46A
:103130006001D7F81431D3F8A8301A4A0B439365CD
:1031400003E097F8273187F82631D7F81431D3E90F
:10315000002302F40063C7F800310023C7F80431EC
:10316000D7E940120B46134356D0D7F81431D3F8A1
:10317000AC30B3F1806F38D0B3F1806F31D8B3F198
:10318000407F34D0B3F1407F2BD8B3F1007F1DD006
:10319000B3F1007F25D8002B06D0B3F1807F0AD091
:1031A0001FE000BF00440258A24BDB6AA14A43F46F
:1031B0000033D3621CE0D7F81431083300211846DD
:1031C00001F01CFB034687F8273111E0D7F81431D2
:1031D00028330021184601F0C3FB034687F8273146
:1031E00006E0012387F8273102E000BF00E000BFBE
:1031F00097F82731002B0BD18E4B9B6D23F0E061AC
:10320000D7F81431D3F8AC308A4A0B43936503E006
:1032100097F8273187F82631D7F81431D3E90023FE
:1032200002F00073C7F8F8300023C7F8FC30D7E984
:103230003E120B4613433AD0D7F81431DB6C302BD7
:103240001FD0302B19D8202B0CD0202B15D8002BB9
:1032500019D0102B11D1774BDB6A764A43F4003337
:10326000D36211E0D7F8143108330221184601F077
:10327000C5FA034687F8273106E0012387F827318E
:1032800002E000BF00E000BF97F82731002B0AD111
:10329000684BDB6C23F03001D7F81431DB6C654AE6
:1032A0000B43D36403E097F8273187F82631D7F82A
:1032B0001431D3E9002302F48053C7F8F03000231F
:1032C000C7F8F430D7E93C120B46134351D0D7F876
:1032D00014311B6EB3F5804F35D0B3F5804F2ED827
:1032E000B3F5405F31D0B3F5405F28D8B3F5005F48
:1032F0001AD0B3F5005F22D8002B03D0B3F5805F5E
:1033000007D01CE04B4BDB6A4A4A43F40033D362DC
:103310001CE0D7F8143108330021184601F06EFA8A
:10332000034687F8273111E0D7F8143128330021FC
:10333000184601F015FB034687F8273106E0012304
:1033400087F8273102E000BF00E000BF97F827317F
:10335000002B0AD1374B1B6D23F4E041D7F8143111
:103360001B6E344A0B43136503E097F8273187F847
:103370002631D7F81431D3E9002302F40053C7F8FB
:10338000E8300023C7F8EC30D7E93A120B46134374
:1033900056D0D7F814315B6EB3F5A02F33D0B3F508
:1033A000A02F2CD8B3F5802F2FD0B3F5802F26D89F
:1033B000B3F5403F2BD0B3F5403F20D8B3F5003FE5
:1033C00012D0B3F5003F1AD8002B22D0B3F5803FBE
:1033D00015D1D7F8143108330121184601F00EFA3F
:1033E000034687F8273115E0D7F814312833012137
:1033F000184601F0B5FA034687F827310AE00123A1
:1034000087F8273106E000BF04E000BF02E000BFFC
:1034100000E000BF97F82731002B0DD1054B1B6D45
:1034200023F4E021D7F814315B6E024A0B43136595
:1034300006E000BF0044025897F8273187F826318C
:10344000D7F81431D3E9002302F48043C7F8E03001
:103450000023C7F8E430D7E938120B46134355D0A0
:10346000D7F81431D3F8B030B3F1A04F33D0B3F163
:10347000A04F2CD8B3F1804F2FD0B3F1804F26D876
:10348000B3F1405F2BD0B3F1405F20D8B3F1005FC0
:1034900012D0B3F1005F1AD8002B22D0B3F1805FB5
:1034A00015D1D7F8143108330121184601F0A6F9D7
:1034B000034687F8273115E0D7F814312833012166
:1034C000184601F04DFA034687F827310AE0012338
:1034D00087F8273106E000BF04E000BF02E000BF2C
:1034E00000E000BF97F82731002B0BD1A34B9B6D59
:1034F00023F0E041D7F81431D3F8B0309F4A0B43A2
:10350000936503E097F8273187F82631D7F814310F
:10351000D3E9002302F40043C7F8D8300023C7F8EA
:10352000DC30D7E936120B46134337D0D7F81431C5
:103530001B6FB3F1005F0ED0B3F1005F16D8002B04
:1035400018D0B3F1805F11D18C4BDB6A8B4A43F406
:103550000033D3620FE0D7F8143108330121184645
:1035600001F04CF9034687F8273104E0012387F87E
:10357000273100E000BF97F82731002B0AD17F4B9D
:103580001B6D23F04051D7F814311B6F7B4A0B435E
:10359000136503E097F8273187F82631D7F81431FF
:1035A000D3E9002302F08073C7F8D0300023C7F8B6
:1035B000D430D7E934120B46134339D0D7F814313D
:1035C0009B6C032B1CD801A252F823F0093600088B
:1035D000DD350008EB35000809360008674BDB6A6B
:1035E000664A43F40033D3620FE0D7F8143108334E
:1035F0000221184601F002F9034687F8273104E05A
:10360000012387F8273100E000BF97F82731002B0E
:103610000AD15A4BDB6C23F00301D7F814319B6CB1
:10362000564A0B43D36403E097F8273187F82631D5
:10363000D7F81431D3E9002302F48003C7F8C83067
:103640000023C7F8CC30D7E932120B46134300F001
:103650009F804B4B1B684A4A43F480731360FEF70C
:103660006BF8C7F820010BE0FEF766F80246D7F8C2
:103670002031D31A642B03D9032387F8273105E0BF
:103680003F4B1B6803F48073002BEDD097F8273174
:10369000002B79D1394B1A6FD7F81431D3F8B430E5
:1036A000534003F44073002B15D0344B1B6F23F4AD
:1036B0004073C7F81C31314B1B6F304A43F48033E1
:1036C00013672E4B1B6F2D4A23F4803313672B4A4D
:1036D000D7F81C311367D7F81431D3F8B430B3F5E9
:1036E000807F18D1FEF728F8C7F820010DE0FEF71B
:1036F00023F80246D7F82031D21A41F288339A4291
:1037000003D9032387F8273105E01C4B1B6F03F017
:103710000203002BEBD097F82731002B29D1D7F8E3
:103720001431D3F8B43003F44073B3F5407F0ED1B5
:10373000124B1B6923F47C51D7F81431D3F8B43001
:103740001A09104B13400D4A0B43136105E00B4B54
:103750001B690A4A23F47C531361084B196FD7F88D
:103760001431D3F8B430C3F30B03044A0B4313678B
:103770000EE097F8273187F8263109E00044025817
:1037800000480258CFFFFF0097F8273187F826310D
:10379000D7F81431D3E9002302F00103C7F8C03091
:1037A0000023C7F8C430D7E930120B46134300F0AA
:1037B0008980D7F81431DB6F282B6BD801A252F81F
:1037C00023F000BF9D3800089538000895380008A0
:1037D0009538000895380008953800089538000895
:1037E00095380008693800089538000895380008B1
:1037F0009538000895380008953800089538000875
:10380000953800087F38000895380008953800087A
:103810009538000895380008953800089538000854
:10382000953800089D38000895380008953800083C
:103830009538000895380008953800089538000834
:10384000953800089D38000895380008953800081C
:103850009538000895380008953800089538000814
:10386000953800089D380008D7F814310833012135
:10387000184600F0C3FF034687F827310FE0D7F85A
:10388000143128330121184601F06AF8034687F8FD
:10389000273104E0012387F8273100E000BF97F8C3
:1038A0002731002B0AD1BF4B5B6D23F03801D7F8CD
:1038B0001431DB6FBB4A0B43536503E097F82731A4
:1038C00087F82631D7F81431D3E9002302F0020338
:1038D000C7F8B8300023C7F8BC30D7E92E120B4622
:1038E000134341D0D7F814319B6F052B24D801A284
:1038F00052F823F0413900080D3900082339000837
:10390000413900084139000841390008D7F814311D
:1039100008330121184600F071FF034687F827316C
:103920000FE0D7F8143128330121184601F018F8B8
:10393000034687F8273104E0012387F8273100E0A8
:1039400000BF97F82731002B0AD1964B5B6D23F00F
:103950000701D7F814319B6F924A0B43536503E07C
:1039600097F8273187F82631D7F81431D3E90023A7
:1039700002F00403C7F8B0300023C7F8B430D7E929
:103980002C120B46134344D0D7F81431D3F894309B
:10399000052B25D801A252F823F000BFE939000811
:1039A000B5390008CB390008E9390008E9390008C1
:1039B000E9390008D7F8143108330121184600F01E
:1039C0001DFF034687F827310FE0D7F8143128335D
:1039D0000121184600F0C4FF034687F8273104E0B0
:1039E000012387F8273100E000BF97F82731002B2B
:1039F0000BD16C4B9B6D23F00701D7F81431D3F832
:103A00009430684A0B43936503E097F8273187F8B1
:103A10002631D7F81431D3E9002302F02003C7F888
:103A2000A8300023C7F8AC30D7E92A120B4613435D
:103A300055D0D7F81431D3F89030B3F1A04F33D02C
:103A4000B3F1A04F2CD8B3F1804F2FD0B3F1804FFA
:103A500026D8B3F1405F2BD0B3F1405F20D8B3F14B
:103A6000005F12D0B3F1005F1AD8002B22D0B3F15F
:103A7000805F15D1D7F8143108330021184600F0C3
:103A8000BDFE034687F8273115E0D7F814312833F7
:103A90000221184600F064FF034687F827310AE048
:103AA000012387F8273106E000BF04E000BF02E0F1
:103AB00000BF00E000BF97F82731002B0BD1394B36
:103AC0005B6D23F0E041D7F81431D3F89030354ADC
:103AD0000B43536503E097F8273187F82631D7F871
:103AE0001431D3E9002302F04003C7F8A0300023CB
:103AF000C7F8A430D7E928120B46134358D0D7F89B
:103B00001431D3F89C30B3F5A05F33D0B3F5A05F88
:103B10002CD8B3F5805F2FD0B3F5805F26D8B3F5EE
:103B2000406F2BD0B3F5406F20D8B3F5006F12D0A3
:103B3000B3F5006F1AD8002B22D0B3F5806F15D1E2
:103B4000D7F8143108330021184600F057FE034619
:103B500087F8273115E0D7F81431283302211846A9
:103B600000F0FEFE034687F827310AE0012387F8BC
:103B7000273106E000BF04E000BF02E000BF00E024
:103B800000BF97F82731002B0ED1064B9B6D23F415
:103B9000E051D7F81431D3F89C30024A0B439365B7
:103BA00006E000BF0044025897F8273187F8263115
:103BB000D7F81431D3E9002302F08003C7F8983016
:103BC0000023C7F89C30D7E926120B46134355D083
:103BD000D7F81431D3F8A030B3F5204F33D0B3F574
:103BE000204F2CD8B3F5004F2FD0B3F5004F26D877
:103BF000B3F5C04F2BD0B3F5C04F20D8B3F5804FED
:103C000012D0B3F5804F1AD8002B22D0B3F5005F45
:103C100015D1D7F8143108330021184600F0EEFD15
:103C2000034687F8273115E0D7F8143128330221ED
:103C3000184600F095FE034687F827310AE0012375
:103C400087F8273106E000BF04E000BF02E000BFB4
:103C500000E000BF97F82731002B0BD1A14B9B6DE3
:103C600023F46041D7F81431D3F8A0309D4A0B43B8
:103C7000936503E097F8273187F82631D7F8143198
:103C8000D3E9002302F00803C7F890300023C7F8F7
:103C90009430D7E924120B4613431ED0D7F81431C1
:103CA000D3F88430B3F5805F0CD1D7F814312833C2
:103CB0000221184600F054FE0346002B02D00123D7
:103CC00087F82631874B5B6D23F44051D7F81431C8
:103CD000D3F88430834A0B435365D7F81431D3E9C2
:103CE000002302F01003C7F888300023C7F88C3097
:103CF000D7E922120B4613431ED0D7F81431D3F85C
:103D00009830B3F5807F0CD1D7F8143128330221D5
:103D1000184600F025FE0346002B02D0012387F849
:103D20002631704B9B6D23F44071D7F81431D3F8D2
:103D300098306C4A0B439365D7F81431D3E90023CC
:103D400002F40023C7F880300023C7F88430D7E995
:103D500020120B4613433ED0D7F81431D3F8A430C9
:103D6000B3F5003F22D0B3F5003F1BD8002B03D0A2
:103D7000B3F5803F0BD015E0D7F81431083300219C
:103D8000184600F03BFD034687F827310FE0D7F8CF
:103D9000143128330221184600F0E2FD034687F86B
:103DA000273104E0012387F8273100E000BF97F8AE
:103DB0002731002B0BD14B4B9B6D23F44031D7F8AF
:103DC0001431D3F8A430474A0B43936503E097F8C6
:103DD000273187F82631D7F81431D3E9002302F4CC
:103DE0008023BB670023FB67D7E91E120B461343F2
:103DF0003BD0D7F81431D3F88830B3F5401F1FD02B
:103E0000B3F5401F18D8B3F5801F03D0B3F5001FDA
:103E100007D011E0334BDB6A324A43F40033D362FC
:103E20000FE0D7F8143128330121184600F098FD2F
:103E3000034687F8273104E0012387F8273100E0A3
:103E400000BF97F82731002B0BD1264B5B6D23F475
:103E50004011D7F81431D3F88830224A0B43536508
:103E600003E097F8273187F82631D7F81431D3E9E2
:103E7000002302F480333B6700237B67D7E91C12E1
:103E80000B46134334D0D7F814311B6D002B03D0ED
:103E9000B3F5803F07D011E0124BDB6A114A43F4BF
:103EA0000033D3620EE0D7F81431083302211846EC
:103EB00000F0A4FC034687F8273103E0012387F8CC
:103EC000273100BF97F82731002B0DD1054BDB6C54
:103ED00023F48031D7F814311B6D024A0B43D364AD
:103EE00006E000BF0044025897F8273187F82631D2
:103EF000D7F81431D3E9002302F00053BB66002346
:103F0000FB66D7E91A120B4613430CD0D7F81431CD
:103F100028330221184600F023FD0346002B02D06F
:103F2000012387F82631D7F81431D3E9002302F4AE
:103F300000333B6600237B66D7E918120B46134318
:103F400038D0D7F81431D3F88030B3F5407F18D08B
:103F5000B3F5407F11D8B3F5007F14D0B3F5007FDF
:103F60000BD8002B11D0B3F5807F06D1C34BDB6A91
:103F7000C24A43F40033D36208E0012387F82731B3
:103F800004E000BF02E000BF00E000BF97F8273167
:103F9000002B0BD1B94B5B6D23F44071D7F8143172
:103FA000D3F88030B54A0B43536503E097F82731C7
:103FB00087F82631D7F81431D3E9002302F48013AF
:103FC000BB650023FB65D7E916120B46134309D0E6
:103FD000AA4B1B6D23F00041D7F814315B6FA74A41
:103FE0000B431365D7F81431D3E9002302F0805353
:103FF0003B6500237B65D7E914120B4613430AD0B7
:104000009E4B1B6923F48041D7F81431D3F8B830A4
:104010009A4A0B431361D7F81431D3E9002302F411
:104020000013BB640023FB64D7E912120B46134351
:1040300009D0924B1B6D23F08071D7F81431DB6EE1
:104040008E4A0B431365D7F81431D3E9002302F0ED
:1040500080433B6400237B64D7E910120B46134373
:104060000ED0864B1B69854A23F400431361834BB2
:104070001969D7F81431D3F8BC30804A0B43136167
:10408000D7F81431D3E9002302F00043BB630023C7
:10409000FB63D7E90E120B46134309D0774BDB6C59
:1040A00023F04051D7F814315B6D744A0B43D3644D
:1040B000D7F81431D3E9002302F400033B63002353
:1040C0007B63D7E90C120B4613430AD06B4B5B6D35
:1040D00023F44001D7F81431D3F88C30674A0B43EE
:1040E0005365D7F81431D3E900230021B96203F0F6
:1040F0000103FB62D7E90A120B46134311D0D7F82C
:10410000143108330021184600F078FB034687F885
:10411000273197F82731002B03D097F8273187F8FC
:104120002631D7F81431D3E900230021396203F096
:1041300002037B62D7E908120B46134311D0D7F86C
:10414000143108330121184600F058FB034687F864
:10415000273197F82731002B03D097F8273187F8BC
:104160002631D7F81431D3E900230021B96103F0D7
:104170000403FB61D7E906120B46134311D0D7F8AD
:10418000143108330221184600F038FB034687F843
:10419000273197F82731002B03D097F8273187F87C
:1041A0002631D7F81431D3E900230021396103F017
:1041B00008037B61D7E904120B46134311D0D7F8EB
:1041C000143128330021184600F0CAFB034687F853
:1041D000273197F82731002B03D097F8273187F83C
:1041E0002631D7F81431D3E900230021B96003F058
:1041F0001003FB60D7E902120B46134311D0D7F826
:10420000143128330121184600F0AAFB034687F831
:10421000273197F82731002B03D097F8273187F8FB
:104220002631D7F81431D3E900230021396003F097
:1042300020037B60D7E900120B46134311D0D7F857
:10424000143128330221184600F08AFB034687F810
:10425000273197F82731002B03D097F8273187F8BB
:10426000263197F82631002B01D1002300E00123ED
:10427000184607F59477BD46BDE8B08F0044025854
:1042800080B500AFFEF796FD0246064B1B6A1B0980
:1042900003F007030449CB5C03F01F0322FA03F386
:1042A000184680BD004402581C98000880B489B0AC
:1042B00000AF7860A14B9B6A03F00303BB619F4B87
:1042C0009B6A1B0B03F03F037B619C4BDB6A1B0962
:1042D00003F001033B61994BDB6BDB08C3F30C0379
:1042E0003A6902FB03F307EE903AF8EE677AC7EDFE
:1042F000037A7B69002B00F01181BB69022B00F06F
:104300008380BB69022B00F2A180BB69002B03D024
:10431000BB69012B56D099E0884B1B6803F0200342
:10432000002B2DD0854B1B68DB0803F00303844A68
:1043300022FA03F3BB60BB6807EE903AF8EE676AB7
:104340007B6907EE903AF8EE677A86EEA77A7B4BA8
:104350009B6BC3F3080307EE903AF8EE676A97ED9C
:10436000036ADFED785AC6EE257A76EEA77AF7EE85
:10437000006A77EEA67A67EE277AC7ED077A87E0BC
:104380007B6907EE903AF8EE677ADFED6F6A86EEAA
:10439000A77A6A4B9B6BC3F3080307EE903AF8EEDB
:1043A000676A97ED036ADFED675AC6EE257A76EE07
:1043B000A77AF7EE006A77EEA67A67EE277AC7ED5E
:1043C000077A65E07B6907EE903AF8EE677ADFEDF1
:1043D0005F6A86EEA77A594B9B6BC3F3080307EE1F
:1043E000903AF8EE676A97ED036ADFED565AC6EE2B
:1043F000257A76EEA77AF7EE006A77EEA67A67EE70
:10440000277AC7ED077A43E07B6907EE903AF8EE2A
:10441000677ADFED4F6A86EEA77A484B9B6BC3F352
:10442000080307EE903AF8EE676A97ED036ADFED4E
:10443000455AC6EE257A76EEA77AF7EE006A77EE51
:10444000A67A67EE277AC7ED077A21E07B6907EE47
:10445000903AF8EE677ADFED3D6A86EEA77A374B41
:104460009B6BC3F3080307EE903AF8EE676A97ED8B
:10447000036ADFED345AC6EE257A76EEA77AF7EEB8
:10448000006A77EEA67A67EE277AC7ED077A00BF53
:104490002A4B9B6B5B0A03F07F0307EE903AF8EE22
:1044A000677AB7EE007A37EE877AD7ED076AC6EEFD
:1044B000877AFCEEE77A17EE902A7B681A601F4B2A
:1044C0009B6B1B0C03F07F0307EE903AF8EE677AC4
:1044D000B7EE007A37EE877AD7ED076AC6EE877AAD
:1044E000FCEEE77A17EE902A7B685A60134B9B6BC1
:1044F0001B0E03F07F0307EE903AF8EE677AB7EEF3
:10450000007A37EE877AD7ED076AC6EE877AFCEE37
:10451000E77A17EE902A7B689A6008E07B680022B1
:104520001A607B6800225A607B6800229A6000BF94
:104530002437BD465DF8047B704700BF0044025835
:104540000090D003000000460024744C0024744AFC
:104550000024F44B80B489B000AF7860A14B9B6A13
:1045600003F00303BB619F4B9B6A1B0D03F03F03EA
:104570007B619C4BDB6A1B0A03F001033B61994B97
:104580005B6CDB08C3F30C033A6902FB03F307EE31
:10459000903AF8EE677AC7ED037A7B69002B00F05A
:1045A0001181BB69022B00F08380BB69022B00F2F2
:1045B000A180BB69002B03D0BB69012B56D099E0C9
:1045C000884B1B6803F02003002B2DD0854B1B6804
:1045D000DB0803F00303844A22FA03F3BB60BB68E1
:1045E00007EE903AF8EE676A7B6907EE903AF8EECC
:1045F000677A86EEA77A7B4B1B6CC3F3080307EE42
:10460000903AF8EE676A97ED036ADFED785AC6EEE6
:10461000257A76EEA77AF7EE006A77EEA67A67EE4D
:10462000277AC7ED077A87E07B6907EE903AF8EEC4
:10463000677ADFED6F6A86EEA77A6A4B1B6CC3F36D
:10464000080307EE903AF8EE676A97ED036ADFED2C
:10465000675AC6EE257A76EEA77AF7EE006A77EE0D
:10466000A67A67EE277AC7ED077A65E07B6907EEE1
:10467000903AF8EE677ADFED5F6A86EEA77A594BDB
:104680001B6CC3F3080307EE903AF8EE676A97EDE8
:10469000036ADFED565AC6EE257A76EEA77AF7EE74
:1046A000006A77EEA67A67EE277AC7ED077A43E0CD
:1046B0007B6907EE903AF8EE677ADFED4F6A86EE97
:1046C000A77A484B1B6CC3F3080307EE903AF8EE49
:1046D000676A97ED036ADFED455AC6EE257A76EEF6
:1046E000A77AF7EE006A77EEA67A67EE277AC7ED2B
:1046F000077A21E07B6907EE903AF8EE677ADFED02
:104700003D6A86EEA77A374B1B6CC3F3080307EEAE
:10471000903AF8EE676A97ED036ADFED345AC6EE19
:10472000257A76EEA77AF7EE006A77EEA67A67EE3C
:10473000277AC7ED077A00BF2A4B1B6C5B0A03F090
:104740007F0307EE903AF8EE677AB7EE007A37EE1D
:10475000877AD7ED076AC6EE877AFCEEE77A17EE1E
:10476000902A7B681A601F4B1B6C1B0C03F07F03A5
:1047700007EE903AF8EE677AB7EE007A37EE877A6E
:10478000D7ED076AC6EE877AFCEEE77A17EE902A35
:104790007B685A60134B1B6C1B0E03F07F0307EE04
:1047A000903AF8EE677AB7EE007A37EE877AD7ED6F
:1047B000076AC6EE877AFCEEE77A17EE902A7B68E6
:1047C0009A6008E07B6800221A607B6800225A60C9
:1047D0007B6800229A6000BF2437BD465DF8047BE9
:1047E000704700BF004402580090D003000000460C
:1047F0000024744C0024744A0024F44B80B584B027
:1048000000AF786039600023FB73534B9B6A03F061
:104810000303032B01D1012399E04F4B1B684E4A40
:1048200023F080631360FCF787FFB86008E0FCF7B3
:1048300083FF0246BB68D31A022B01D9032386E00B
:10484000454B1B6803F00063002BF0D1424B9B6A81
:1048500023F47C327B681B681B033F4913438B6244
:104860007B685B68013BC3F308027B689B68013B84
:104870005B029BB21A437B68DB68013B1B0403F4B9
:10488000FE031A437B681B69013B1B0603F0FE43D2
:10489000314913438B63304BDB6A23F0C0027B68E2
:1048A0005B692D491343CB622B4BDB6A23F020025B
:1048B0007B689B6928491343CB62274BDB6A264AF6
:1048C00023F01003D362244BDA6B244B13407A6835
:1048D000D269D20020491343CB631F4BDB6A1E4AC7
:1048E00043F01003D3623B68002B06D11A4BDB6AFE
:1048F000194A43F40023D3620FE03B68012B06D131
:10490000154BDB6A144A43F48013D36205E0124B63
:10491000DB6A114A43F40013D3620F4B1B680E4A43
:1049200043F080631360FCF707FFB86008E0FCF712
:1049300003FF0246BB68D31A022B01D9032306E00A
:10494000054B1B6803F00063002BF0D0FB7B18467F
:104950001037BD4680BD00BF004402580700FFFF6E
:1049600080B584B000AF786039600023FB73534B8F
:104970009B6A03F00303032B01D1012399E04F4B02
:104980001B684E4A23F080531360FCF7D5FEB860D5
:1049900008E0FCF7D1FE0246BB68D31A022B01D90E
:1049A000032386E0454B1B6803F00053002BF0D136
:1049B000424B9B6A23F07C727B681B681B053F4956
:1049C00013438B627B685B68013BC3F308027B681F
:1049D0009B68013B5B029BB21A437B68DB68013B2F
:1049E0001B0403F4FE031A437B681B69013B1B068F
:1049F00003F0FE43314913430B64304BDB6A23F46D
:104A000040627B685B692D491343CB622B4BDB6AA9
:104A100023F400727B689B6928491343CB62274BC0
:104A2000DB6A264A23F48073D362244B5A6C244BEE
:104A300013407A68D269D200204913434B641F4B5C
:104A4000DB6A1E4A43F48073D3623B68002B06D1B5
:104A50001A4BDB6A194A43F48003D3620FE03B68C8
:104A6000012B06D1154BDB6A144A43F40003D362D1
:104A700005E0124BDB6A114A43F08073D3620F4B9F
:104A80001B680E4A43F080531360FCF755FEB86074
:104A900008E0FCF751FE0246BB68D31A022B01D98D
:104AA000032306E0054B1B6803F00053002BF0D0F6
:104AB000FB7B18461037BD4680BD00BF004402583E
:104AC0000700FFFF80B582B000AF78607B68002BE5
:104AD00001D1012342E07B68D3F88830002B06D156
:104AE0007B68002283F884207868FCF75BF87B6899
:104AF0002422C3F888207B681B681A687B681B68BF
:104B000022F001021A607B689B6A002B02D0786851
:104B100000F0FAFE786800F08FF90346012B01D10E
:104B200001231BE07B681B685A687B681B6822F4C2
:104B300090425A607B681B689A687B681B6822F009
:104B40002A029A607B681B681A687B681B6842F0BF
:104B500001021A60786800F079FF034618460837AA
:104B6000BD4680BD80B58AB002AFF860B9603B60D9
:104B70001346FB80FB68D3F88830202B40F08680FA
:104B8000BB68002B02D0FB88002B01D101237EE003
:104B9000FB680022C3F89020FB682122C3F888201C
:104BA000FCF7CAFD7861FB68FA88A3F85420FB681B
:104BB000FA88A3F85620FB689B68B3F5805F08D19C
:104BC000FB681B69002B04D10023FB61BB68BB6140
:104BD00003E0BB68FB610023BB613AE03B680093E4
:104BE0007B6900228021F86800F0DAFF0346002B81
:104BF00005D0FB682022C3F88820032347E0FB6927
:104C0000002B0BD1BB691B881A46FB681B68C2F3DB
:104C100008029A62BB690233BB6107E0FB691A783C
:104C2000FB681B689A62FB690133FB61FB68D3F880
:104C3000883003F02103212B09D1FB68B3F85630EB
:104C40009BB2013B9AB2FB68A3F8562001E0012316
:104C50001DE0FB68B3F856309BB2002BBED13B6819
:104C600000937B6900224021F86800F099FF034619
:104C7000002B05D0FB682022C3F88820032306E020
:104C8000FB682022C3F88820002300E00223184696
:104C90002037BD4680BD80B58AB002AFF860B960EC
:104CA0003B601346FB80FB68D3F88C30202B40F030
:104CB000BD80BB68002B02D0FB88002B01D10123F3
:104CC000B5E0FB680022C3F89020FB682222C3F8FD
:104CD0008C20FB680022DA66FCF72EFD7861FB6809
:104CE000FA88A3F85C20FB68FA88A3F85E20FB68CA
:104CF0009B68B3F5805F0ED1FB681B69002B05D163
:104D0000FB6840F2FF12A3F860202DE0FB68FF2251
:104D1000A3F8602028E0FB689B68002B0DD1FB689E
:104D20001B69002B04D1FB68FF22A3F860201BE065
:104D3000FB687F22A3F8602016E0FB689B68B3F154
:104D4000805F0DD1FB681B69002B04D1FB687F22BB
:104D5000A3F8602008E0FB683F22A3F8602003E08E
:104D6000FB680022A3F86020FB68B3F860307B8208
:104D7000FB689B68B3F5805F08D1FB681B69002B5B
:104D800004D10023FB61BB68BB6103E0BB68FB612E
:104D90000023BB613EE03B6800937B690022202139
:104DA000F86800F0FDFE0346002B05D0FB682022CA
:104DB000C3F88C2003233AE0FB69002B0CD1FB687D
:104DC0001B685B6A9AB27B8A13409AB2BB691A80ED
:104DD000BB690233BB610CE0FB681B685B6ADAB23B
:104DE0007B8ADBB21340DAB2FB691A70FB690133CC
:104DF000FB61FB68D3F88C30222B09D1FB68B3F838
:104E00005E309BB2013B9AB2FB68A3F85E2001E0E2
:104E100001230CE0FB68B3F85E309BB2002BBAD1E3
:104E2000FB682022C3F88C20002300E002231846F0
:104E30002037BD4680BD00002DE9B04F92B000AFD5
:104E40007861002387F842307B699A687B691B6927
:104E50001A437B695B691A437B69DB6913437B6493
:104E60007B691B681A68BE4B13407A691268796CBB
:104E70000B4313607B691B685B6823F440517B69BB
:104E8000DA687B691B680A435A607B699B697B64AB
:104E90007B691B68B34A934204D07B691B6A7A6CB6
:104EA00013437B647B691B689A68AF4B13407A6934
:104EB0001268796C0B4393607B691B68DB6A23F093
:104EC0000F017B695A6A7B691B680A43DA627B6956
:104ED0001B68A64A934277D1A54B5B6D03F038035C
:104EE000282B6DD801A252F823F000BF914F000883
:104EF000C14F0008C14F0008C14F0008C14F000852
:104F0000C14F0008C14F0008C14F0008994F000869
:104F1000C14F0008C14F0008C14F0008C14F000831
:104F2000C14F0008C14F0008C14F0008A14F000841
:104F3000C14F0008C14F0008C14F0008C14F000811
:104F4000C14F0008C14F0008C14F0008A94F000819
:104F5000C14F0008C14F0008C14F0008C14F0008F1
:104F6000C14F0008C14F0008C14F0008B14F0008F1
:104F7000C14F0008C14F0008C14F0008C14F0008D1
:104F8000C14F0008C14F0008C14F0008B94F0008C9
:104F9000012387F8433022E2042387F843301EE2DE
:104FA000082387F843301AE2102387F8433016E2CB
:104FB000202387F8433012E2402387F843300EE283
:104FC000802387F843300AE27B691B68694A934271
:104FD00030D1674B5B6D03F00703052B26D801A288
:104FE00052F823F0FD4F0008055000080D5000084E
:104FF000155000081D50000825500008002387F8B0
:105000004330ECE1042387F84330E8E1082387F8D4
:105010004330E4E1102387F84330E0E1202387F8B0
:105020004330DCE1402387F84330D8E1802387F820
:105030004330D4E17B691B684F4A934230D14C4BDB
:105040005B6D03F00703052B26D801A252F823F06D
:10505000695000087150000879500008815000081C
:105060008950000891500008002387F84330B6E1CA
:10507000042387F84330B2E1082387F84330AEE1D8
:10508000102387F84330AAE1202387F84330A6E1B4
:10509000402387F84330A2E1802387F843309EE124
:1050A0007B691B68354A934230D1314B5B6D03F00D
:1050B0000703052B26D801A252F823F0D55000088B
:1050C000DD500008E5500008ED500008F5500008DC
:1050D000FD500008002387F8433080E1042387F85F
:1050E00043307CE1082387F8433078E1102387F8C8
:1050F000433074E1202387F8433070E1402387F880
:1051000043306CE1802387F8433068E17B691B689A
:105110001B4A934242D1164B5B6D03F00703052BEC
:1051200038D801A252F823F0415100084951000833
:105130005151000859510008855100088D5100084F
:10514000002387F843304AE1042387F8433046E1DF
:10515000082387F8433042E1102387F843303EE1CB
:10516000F369FFCF000C0058FFF4FF11001001405D
:10517000004402580044004000480040004C0040F9
:1051800000500040202387F8433028E1402387F86F
:10519000433024E1802387F8433020E17B691B689A
:1051A000CB4A934276D1CB4B5B6D03F03803282B6F
:1051B0006CD801A252F823F05D5200088D5200080D
:1051C0008D5200088D5200088D5200088D52000843
:1051D0008D5200088D520008655200088D5200085B
:1051E0008D5200088D5200088D5200088D52000823
:1051F0008D5200088D5200086D5200088D52000833
:105200008D5200088D5200088D5200088D52000802
:105210008D5200088D520008755200088D5200080A
:105220008D5200088D5200088D5200088D520008E2
:105230008D5200088D5200087D5200088D520008E2
:105240008D5200088D5200088D5200088D520008C2
:105250008D5200088D52000885520008012387F8FE
:105260004330BCE0042387F84330B8E0082387F8D4
:105270004330B4E0102387F84330B0E0202387F8B0
:105280004330ACE0402387F84330A8E0802387F820
:105290004330A4E07B691B688F4A934230D18D4B29
:1052A0005B6D03F00703052B26D801A252F823F00B
:1052B000C9520008D1520008D9520008E152000832
:1052C000E9520008F1520008002387F8433086E0D5
:1052D000042387F8433082E0082387F843307EE0D8
:1052E000102387F843307AE0202387F8433076E0B4
:1052F000402387F8433072E0802387F843306EE024
:105300007B691B68754A934230D1724B5B6D03F029
:105310000703052B26D801A252F823F035530008C5
:105320003D530008455300084D53000855530008ED
:105330005D530008002387F8433050E0042387F8CA
:1053400043304CE0082387F8433048E0102387F8C7
:10535000433044E0202387F8433040E0402387F87F
:1053600043303CE0802387F8433038E07B691B689A
:105370005B4A934230D1574B9B6D03F00703052BDB
:1053800026D801A252F823F0A1530008A95300081F
:10539000B1530008B9530008C1530008C9530008AD
:1053A000022387F843301AE0042387F8433016E0DD
:1053B000082387F8433012E0102387F843300EE0CB
:1053C000202387F843300AE0402387F8433006E083
:1053D000802387F8433002E0802387F843307B69DD
:1053E0001B683F4A934240F0F88097F84330202BE7
:1053F00046DC022BC0F28280023B1E2B7ED801A22B
:1054000052F823F087540008FD5400088F54000818
:10541000FD540008FD540008FD5400089F54000886
:10542000FD540008FD540008FD540008FD54000818
:10543000FD540008FD540008FD540008AF54000856
:10544000FD540008FD540008FD540008FD540008F8
:10545000FD540008FD540008FD540008FD540008E8
:10546000FD540008FD540008FD540008FD540008D8
:10547000FD540008FD540008FD540008EF540008D6
:10548000402B37D03AE0FEF7FBFEF8633CE007F133
:1054900024031846FEF70AFFBB6AFB6334E007F1FA
:1054A00018031846FFF756F8FB69FB632CE0094B1D
:1054B0001B6803F02003002B16D0064B1B68DB088B
:1054C00003F00303074A22FA03F3FB631CE000BF67
:1054D000001401400044025800780040007C004065
:1054E000000C00580090D0039D4BFB630CE09D4BDB
:1054F000FB6309E04FF40043FB6305E00023FB631B
:10550000012387F8423000BFFB6B002B00F0DE81E7
:105510007B695B6A944A32F813301A46FB6BB3FB23
:10552000F2F33B637B695A6813465B0013443A6BA2
:105530009A4205D37B695B681B033A6B9A4203D995
:10554000012387F84230C1E1FB6B0022BB60FA60A7
:105550007B695B6A844A32F813309BB200223B605D
:105560007A60D7E90023D7E90201FAF799FE0246EB
:105570000B46104619464FF000024FF000030B0295
:1055800043EA1063020279694968490800200C4621
:10559000054612EB040843EB05097B695B680022B2
:1055A0009A46934652465B4640464946FAF778FE8D
:1055B00002460B461346BB63BB6BB3F5407F08D373
:1055C000BB6BB3F5801F04D27B691B68BA6BDA60D2
:1055D0007CE1012387F8423078E17B69DB69B3F530
:1055E000004F40F0C58097F84330202B48DC002B5B
:1055F0007BDB202B79D801A252F823F087560008D4
:105600008F560008EB560008EB5600089756000826
:10561000EB560008EB560008EB560008A7560008AA
:10562000EB560008EB560008EB560008EB56000856
:10563000EB560008EB560008EB560008B75600087A
:10564000EB560008EB560008EB560008EB56000836
:10565000EB560008EB560008EB560008EB56000826
:10566000EB560008EB560008EB560008EB56000816
:10567000EB560008EB560008EB560008DD56000814
:10568000402B2ED031E0FDF7C5FBF86333E0FDF78A
:10569000D7FBF8632FE007F124031846FEF706FE58
:1056A000BB6AFB6327E007F118031846FEF752FFB9
:1056B000FB69FB631FE02D4B1B6803F02003002BED
:1056C00009D02A4B1B68DB0803F00303244A22FAA3
:1056D00003F3FB630FE0224BFB630CE0214BFB6306
:1056E00009E04FF40043FB6305E00023FB63012363
:1056F00087F8423000BFFB6B002B00F0E7807B692E
:105700005B6A194A32F813301A46FB6BB3FBF2F3AB
:105710005A007B695B685B081A447B695B68B2FB73
:10572000F3F3BB63BB6B0F2B16D9BB6BB3F5803F99
:1057300012D2BB6B9BB223F00F03FB86BB6B5B08E3
:105740009BB203F007039AB2FB8E1343FB867B697F
:105750001B68FA8EDA60B9E0012387F84230B5E0C1
:105760000090D00300093D009C98000800440258B6
:1057700097F84330202B49DC002B7CDB202B7AD898
:1057800001A252F823F000BF135800081B5800086C
:105790007758000877580008235800087758000801
:1057A00077580008775800083358000877580008E1
:1057B000775800087758000877580008775800088D
:1057C00077580008775800084358000877580008B1
:1057D000775800087758000877580008775800086D
:1057E000775800087758000877580008775800085D
:1057F000775800087758000877580008775800084D
:10580000775800087758000869580008402B2ED0B8
:1058100031E0FDF7FFFAF86333E0FDF711FBF863C1
:105820002FE007F124031846FEF740FDBB6AFB6337
:1058300027E007F118031846FEF78CFEFB69FB63AF
:105840001FE02D4B1B6803F02003002B09D02A4BCF
:105850001B68DB0803F00303284A22FA03F3FB6307
:105860000FE0264BFB630CE0254BFB6309E04FF494
:105870000043FB6305E00023FB63012387F842300C
:1058800000BFFB6B002B21D07B695B6A1D4A32F89D
:1058900013301A46FB6BB3FBF2F27B695B685B0863
:1058A0001A447B695B68B2FBF3F3BB63BB6B0F2BE2
:1058B00009D9BB6BB3F5803F05D2BB6B9AB27B694C
:1058C0001B68DA6002E0012387F842307B6901221D
:1058D000A3F86A207B690122A3F868207B69002273
:1058E0005A677B6900229A6797F842301846483712
:1058F000BD46BDE8B08F00BF004402580090D00301
:1059000000093D009C98000880B483B000AF786027
:105910007B689B6A03F00803002B0AD07B681B6836
:105920005B6823F400417B689A6B7B681B680A43C1
:105930005A607B689B6A03F00103002B0AD07B68E6
:105940001B685B6823F400317B68DA6A7B681B683C
:105950000A435A607B689B6A03F00203002B0AD05B
:105960007B681B685B6823F480317B681A6B7B68FB
:105970001B680A435A607B689B6A03F00403002B90
:105980000AD07B681B685B6823F480217B685A6BB4
:105990007B681B680A435A607B689B6A03F01003AC
:1059A000002B0AD07B681B689B6823F480517B68BE
:1059B000DA6B7B681B680A439A607B689B6A03F01A
:1059C0002003002B0AD07B681B689B6823F40051DE
:1059D0007B681A6C7B681B680A439A607B689B6AC9
:1059E00003F04003002B1AD07B681B685B6823F42C
:1059F00080117B685A6C7B681B680A435A607B681D
:105A00005B6CB3F5801F0AD17B681B685B6823F46D
:105A1000C0017B689A6C7B681B680A435A607B688C
:105A20009B6A03F08003002B0AD07B681B685B68CD
:105A300023F400217B68DA6C7B681B680A435A6098
:105A400000BF0C37BD465DF8047B704780B598B049
:105A500002AF78607B680022C3F89020FBF76CFEF1
:105A600078657B681B681B6803F00803082B2FD13F
:105A70006FF07E4300937B6D00224FF40011786835
:105A800000F08EF80346002B22D07B681B68BB63B6
:105A9000BB6B53E8003F7B637B6B23F080033B656C
:105AA0007B681B681A463B6D7B643A64396C7A6C80
:105AB00041E80023FB63FB6B002BE6D17B682022CF
:105AC000C3F888207B68002283F88420032363E0E6
:105AD0007B681B681B6803F00403042B49D16FF03B
:105AE0007E4300937B6D00224FF48001786800F0C4
:105AF00057F80346002B3CD07B681B687B627B6AAF
:105B000053E8003F3B623B6A23F49073FB647B687D
:105B10001B681A46FB6C3B63FA62F96A3A6B41E810
:105B20000023BB62BB6A002BE6D17B681B6808338D
:105B30003B613B6953E8003FFB60FB6823F00103D6
:105B4000BB647B681B680833BA6CFA61BB61B969D6
:105B5000FA6941E800237B617B69002BE5D17B6812
:105B60002022C3F88C207B68002283F88420032342
:105B700012E07B682022C3F888207B682022C3F8CB
:105B80008C207B680022DA667B6800221A677B68BB
:105B9000002283F88420002318465837BD4680BD74
:105BA00080B584B000AFF860B9603B601346FB710C
:105BB0004FE0BB69B3F1FF3F4BD0FBF7BDFD0246A1
:105BC0003B68D31ABA699A4202D3BB69002B01D150
:105BD00003234EE0FB681B681B6803F00403002BE3
:105BE00037D0BB68802B34D0BB68402B31D0FB68EA
:105BF0001B68DB6903F00803082B10D1FB681B68E6
:105C000008221A62F86800F039F8FB680822C3F825
:105C10009020FB68002283F88420012329E0FB68A0
:105C20001B68DB6903F40063B3F5006F11D1FB68F7
:105C30001B684FF400621A62F86800F01FF8FB68F6
:105C40002022C3F89020FB68002283F884200323DD
:105C50000FE0FB681B68DA69BB681340BA689A42B8
:105C60000CBF01230023DBB21A46FB799A42A0D075
:105C7000002318461037BD4680BD000080B495B0A3
:105C800000AF78607B681B687B637B6B53E8003FE9
:105C90003B633B6B23F49073FB647B681B681A4681
:105CA000FB6C3B64FA63F96B3A6C41E80023BB631D
:105CB000BB6B002BE6D17B681B6808333B623B6AF9
:105CC00053E8003FFB61FA691E4B1340BB647B68DD
:105CD0001B680833BA6CFA62BB62B96AFA6A41E8B7
:105CE00000237B627B6A002BE5D17B68DB6E012B96
:105CF00018D17B681B68FB60FB6853E8003FBB6002
:105D0000BB6823F010037B647B681B681A467B6CBE
:105D1000BB617A617969BA6941E800233B613B69FB
:105D2000002BE6D17B682022C3F88C207B68002200
:105D3000DA667B6800225A6700BF5437BD465DF8BB
:105D4000047B7047FEFFFFEF80B485B000AF786042
:105D50007B6893F88430012B01D1022327E07B6814
:105D6000012283F884207B682422C3F888207B6882
:105D70001B681B68FB607B681B681A687B681B6874
:105D800022F001021A60FB6823F00053FB607B687D
:105D900000225A667B681B68FA681A607B682022BA
:105DA000C3F888207B68002283F8842000231846EB
:105DB0001437BD465DF8047B704780B584B000AFF2
:105DC000786039607B6893F88430012B01D102231D
:105DD0002DE07B68012283F884207B682422C3F8AD
:105DE00088207B681B681B68FB607B681B681A68DF
:105DF0007B681B6822F001021A607B681B689B6845
:105E000023F060417B681B683A680A439A607868AF
:105E100000F050F87B681B68FA681A607B682022E3
:105E2000C3F888207B68002283F88420002318466A
:105E30001037BD4680BD80B584B000AF7860396052
:105E40007B6893F88430012B01D102232DE07B681D
:105E5000012283F884207B682422C3F888207B6891
:105E60001B681B68FB607B681B681A687B681B6883
:105E700022F001021A607B681B689B6823F0606156
:105E80007B681B683A680A439A60786800F012F8E9
:105E90007B681B68FA681A607B682022C3F8882038
:105EA0007B68002283F88420002318461037BD4603
:105EB00080BD000080B485B000AF78607B685B6E09
:105EC000002B08D17B680122A3F86A207B6801229D
:105ED000A3F8682031E01023FB731023BB737B68A9
:105EE0001B689B685B0EDBB203F007037B737B6868
:105EF0001B689B685B0FDBB203F007033B73BB7B44
:105F00003A7B11498A5C02FB03F33A7B0F498A5CB6
:105F100093FBF2F39AB27B68A3F86A20FB7B7A7B4F
:105F200009498A5C02FB03F37A7B08498A5C93FB8C
:105F3000F2F39AB27B68A3F8682000BF1437BD461D
:105F40005DF8047B704700BFB4980008BC98000857
:105F500080B58AB004AFF860B9603B601346FB803F
:105F6000FB889B00184601F0D1FF38613B69002B8C
:105F700013D0702001F0CAFF78617B69002B08D034
:105F800070220021786902F0A5FD7B693A691A63E5
:105F900005E0386902F06CF801E000237B617B6961
:105FA000002B0DD0FA88002303937B6902937B6A50
:105FB00001933B6A00933B68B968F86800F029F8E0
:105FC0007B6918461837BD4680BD80B588B002AFE2
:105FD000F860B9603B601346FB80FA887B6A0193E6
:105FE0003B6A00933B68B968F868FFF7B1FF386116
:105FF0003B69002B05D0386900F074F801237B6100
:1060000002E04FF0FF337B617B6918461837BD46CD
:1060100080BD80B586B000AFF860B9603B601346C4
:10602000FB80BB6A1A6BF9886FF040430B449B00FE
:1060300013443B613B6923F007033B61BB68002BC2
:106040001ED000237B6112E0BA687B691344197883
:10605000BA6A7B69134434330A461A70BA687B699A
:1060600013441B78002B06D07B6901337B617B696D
:106070000F2BE9D900E000BFBB6A002283F8432060
:106080003B6A372B01D937233B62BB6A3A6ADA6233
:10609000BB6A3A6A5A64BB6A0433184601F0C2FA12
:1060A000BB6A1833184601F0BDFABB6ABA6A1A61B6
:1060B0003B6AC3F13802BB6A9A61BB6ABA6A5A6228
:1060C0003A68F968386901F0B3FD0246BB6A1A60A4
:1060D0007B6A002B02D07B6ABA6A1A6000BF18374D
:1060E000BD4680BD80B584B000AF786001F050FE41
:1060F000404B1B6801333F4A13603F4B1B68002B2A
:1061000009D13D4A7B6813603A4B1B68012B10D1C3
:1061100000F0CAFE0DE0394B1B68002B09D1364B4D
:106120001B68DA6A7B68DB6A9A4202D8324A7B686B
:106130001360334B1B680133314A13607B68DA6AA2
:10614000304B1B689A4203D97B68DB6A2D4A136087
:106150007B68DA6A2C4913469B0013449B000B446E
:1061600004331B68FB607B68FA689A60FB689A6876
:106170007B68DA60FB689B687A6804325A607B68E7
:106180001A1DFB689A607B68DA6A13469B00134409
:106190009B001D4A1A447B685A617B68DA6A1A4977
:1061A00013469B0013449B000B441B687A68D26A19
:1061B000591C154813469B0013449B000344196067
:1061C00001F002FE0D4B1B68002B0ED00A4B1B6822
:1061D000DA6A7B68DB6A9A4207D20C4B4FF0805236
:1061E0001A60BFF34F8FBFF36F8F00BF1037BD46EC
:1061F00080BD00BF48060020740100205406002026
:1062000064060020500600207801002004ED00E024
:1062100080B586B000AF786000237B6101F0B8FDE7
:106220007B68002B02D12D4B1B6800E07B683B6133
:106230003B690433184601F05FFA3B699B6A002B07
:1062400004D03B691833184601F056FA244B1B68FA
:106250000133234A1360214B1B683A699A4201D1EA
:10626000012300E00023FB601E4B1B68002B10D0B5
:10627000FB68002B0DD03B69043319461A4801F026
:10628000DEF91A4B1B680133184A136001237B6146
:1062900006E0174B1B68013B154A136000F082FEB5
:1062A00001F092FD7B69012B02D0386900F06AFE93
:1062B0000C4B1B68002B0CD0084B1B683A699A42A8
:1062C00007D10C4B4FF080521A60BFF34F8FBFF3D2
:1062D0006F8F00BF1837BD4680BD00BF740100201E
:1062E00064060020540600201C0600203006002012
:1062F0004806002004ED00E080B584B000AF78606F
:106300000023FB607B68002B08D000F0CBF9002154
:10631000786800F081FE00F0D3F9F860FB68002B8C
:1063200007D1064B4FF080521A60BFF34F8FBFF377
:106330006F8F00BF1037BD4680BD00BF04ED00E089
:1063400080B586B000AF786001F022FD7B68002B3D
:1063500002D1304B1B6800E07B683B613B69043332
:10636000184601F0C9F93B699B6A002B04D03B69D0
:106370001833184601F0C0F93B6904331946264822
:1063800001F05DF900237B6110E03A697B691344F9
:106390006C331B78DBB2012B05D13A697B6913445E
:1063A0006C3300221A707B6901337B617B69022B9D
:1063B000EBDD01F009FD194B1B68002B05D001F046
:1063C000E7FC00F0EFFD01F0FFFC124B1B683A699F
:1063D0009A421AD1114B1B68002B08D0104B4FF07A
:1063E00080521A60BFF34F8FBFF36F8F0DE00A4BDF
:1063F0001B68FB600B4B1B68FA689A4203D1054B84
:1064000000221A6001E000F061FB00BF1837BD46B2
:1064100080BD00BF74010020340600205406002017
:1064200004ED00E04806002080B487B000AF78603B
:1064300000237B617B68FB60FB685B69144A9342C5
:106440001ED1FB689B6A134A934219D0FB689B6A72
:10645000002B15D101237B6100233B610DE0FA681D
:106460003B6913446C331B78DBB2012B02D1002350
:106470007B6105E03B6901333B613B69022BEEDD4B
:106480007B6918461C37BD465DF8047B704700BF2A
:10649000340600200806002080B584B000AF786084
:1064A0007B68FB60354B1B68FA689A4262D0FB68D8
:1064B000002B5FD001F06CFCF868FFF7B5FF0346D6
:1064C000002B55D0FB680433184601F015F9FB6822
:1064D000DA6A2B4B1B689A4203D9FB68DB6A284AAD
:1064E0001360FB68DA6A274913469B0013449B003C
:1064F0000B4404331B68BB60FB68BA689A60BB68D6
:106500009A68FB68DA60BB689B68FA6804325A6074
:10651000FB681A1DBB689A60FB68DA6A13469B0029
:1065200013449B00174A1A44FB685A61FB68DA6AF5
:10653000144913469B0013449B000B441B68FA68E4
:10654000D26A591C0F4813469B0013449B00034416
:1065500019600A4B1B68DA6AFB68DB6A9A4207D249
:10656000094B4FF080521A60BFF34F8FBFF36F8F0C
:1065700001F02AFC00BF1037BD4680BD7401002029
:10658000500600207801002004ED00E080B58AB0BC
:1065900002AF0123FB613B4600221A605A609A60F9
:1065A000DA6000233B6100237B6111E01F4A7B69B5
:1065B000134419783A467B6913440A461A703A46DE
:1065C0007B6913441B78002B06D07B6901337B6108
:1065D0007B690E2BEAD900E000BF3A467B69134481
:1065E00000221A700023BB6115E0114B3B61BB69AF
:1065F0009B00104A13443946019300230093002363
:1066000080223869FFF7E1FCF861FB69012B06D1B4
:10661000BB690133BB61BB69002BE6DD00E000BF55
:10662000FB6918462037BD4680BD00BF10950008A5
:10663000796E00086C06002080B582B000AFFFF7CD
:10664000A5FF78607B68012B02D101F07FF87860AC
:106650007B68012B17D14FF0500372B683F311887A
:10666000BFF36F8FBFF34F8F62B63B6000BF094B24
:106670004FF0FF321A60084B01221A60074B0022CC
:106680001A6001F04DFB064B1B6800BF0837BD4682
:1066900080BD00BF68060020540600204C06002084
:1066A000C498000880B400AF044B1B680133034A50
:1066B000136000BFBD465DF8047B70477006002084
:1066C00080B588B000AF0023FB610023BB6101F0FF
:1066D0005FFB00233B616E4B1B68013B6C4A136000
:1066E0006B4B1B68002B40F0CB806A4B1B68002B68
:1066F00000F0C6808FE0684BDB68DB68FB61FB69FC
:106700009B6AFB60FB69DB69FA69126A9A60FB6944
:106710001B6AFA69D2695A60FB685A68FB691833C8
:106720009A4203D1FB691A6AFB685A60FB6900222E
:106730009A62FB681B685A1EFB681A60FB695B69FA
:10674000BB60FB699B68FA69D2689A60FB69DB6889
:10675000FA6992685A60BB685A68FB6904339A42C6
:1067600003D1FB69DA68BB685A60FB6900225A6191
:10677000BB681B685A1EBB681A60FB69DA6A474B24
:106780001B689A4203D9FB69DB6A444A1360FB69C0
:10679000DA6A434913469B0013449B000B440433BD
:1067A0001B687B60FB697A689A607B689A68FB6902
:1067B000DA607B689B68FA6904325A60FB691A1DCB
:1067C0007B689A60FB69DA6A13469B0013449B005E
:1067D000334A1A44FB695A61FB69DA6A3049134645
:1067E0009B0013449B000B441B68FA69D26A591C36
:1067F0002B4813469B0013449B0003441960FB691C
:10680000DA6A284B1B68DB6A9A4204D9264A3B693C
:10681000012142F82310204B1B68002B7FF46BAF43
:10682000FB69002B01D000F0BDFB204B1B687B6196
:106830007B69002B12D000F04DF80346002B04D0EA
:10684000194A3B69012142F823107B69013B7B61B6
:106850007B69002BEFD1154B00221A60124A3B696D
:1068600052F82330002B0BD00123BB610D4B1B686A
:106870000F4B4FF080521A60BFF34F8FBFF36F8FF3
:1068800001F0A2FABB6918462037BD4680BD00BFA3
:106890007006002048060020080600205006002050
:1068A00078010020740100205C06002058060020BA
:1068B00004ED00E080B483B000AF054B1B687B6043
:1068C0007B6818460C37BD465DF8047B704700BFF7
:1068D0004C06002080B588B000AF0023FB61704BF0
:1068E0001B68002B40F0D1806E4B1B680133BB61ED
:1068F0006C4ABB691360BB69002B10D16A4B1B68E3
:106900007B616A4B1B68684A1360684A7B69136045
:10691000674B1B680133664A136000F043FB654B0D
:106920001B68BA699A42C0F0A9805F4B1B681B685C
:10693000002B04D15F4B4FF0FF321A609EE05A4BA0
:106940001B68DB68DB683B613B695B68FB60BA69BD
:10695000FB689A4203D2574AFB6813608EE03B699A
:106960005B69BB603B699B683A69D2689A603B6926
:10697000DB683A6992685A60BB685A683B690433BD
:106980009A4203D13B69DA68BB685A603B690022CE
:106990005A61BB681B685A1EBB681A603B699B6AD8
:1069A000002B1ED03B699B6A7B603B69DB693A69BF
:1069B000126A9A603B691B6A3A69D2695A607B68BD
:1069C0005A683B6918339A4203D13B691A6A7B685B
:1069D0005A603B6900229A627B681B685A1E7B687A
:1069E0001A603B69DA6A344B1B689A4203D93B69E7
:1069F000DB6A314A13603B69DA6A304913469B000F
:106A000013449B000B4404331B683B603B693A68AA
:106A10009A603B689A683B69DA603B689B683A69B0
:106A200004325A603B691A1D3B689A603B69DA6A16
:106A300013469B0013449B00204A1A443B695A6149
:106A40003B69DA6A1D4913469B0013449B000B44C3
:106A50001B683A69D26A591C184813469B001344B4
:106A60009B00034419603B69DA6A154B1B68DB6ABB
:106A70009A427FF65AAF0123FB6156E7114B1B6820
:106A8000002B07D00123FB6104E00F4B1B6801338F
:106A90000D4A1360FB6918462037BD4680BD00BF14
:106AA000700600204C06002000060020040600208E
:106AB00060060020680600205006002078010020B3
:106AC000740100205C0600205806002080B483B0CA
:106AD00000AF214B1B68002B03D0204B01221A6012
:106AE00034E01E4B00221A601D4B1B687B6002E0E5
:106AF0007B68013B7B601B497A6813469B0013440B
:106B00009B000B441B68002BF2D07A6813469B0055
:106B100013449B00134A13443B603B685B685A680C
:106B20003B685A603B685A683B6808339A4203D115
:106B30003B68DA683B685A603B685B68DB680A4A16
:106B40001360074A7B681360074B1B6800BF0C3754
:106B5000BD465DF8047B7047700600205C0600208F
:106B600050060020780100207401002080B582B01A
:106B700000AF78603960074B1B6818331946786896
:106B800000F081FD0121386800F046FA00BF0837A7
:106B9000BD4680BD7401002080B586B000AFF860AE
:106BA000B9607A60FB685B687B61164B1B687A6929
:106BB000DA61144B1B687A6992681A62114B1A6881
:106BC0007B699B6818325A600E4B1B6803F11802F0
:106BD0007B699A600B4B1B68FA689A62FB681B68BA
:106BE0005A1CFB681A607B68002B02D04FF0FF3301
:106BF000BB607968B86800F00FFA00BF1837BD466F
:106C000080BD00BF7401002080B489B000AF7860FF
:106C10007B68DB68DB68BB61BB699B6A7B61BB69C6
:106C2000DB69BA69126A9A60BB691B6ABA69D26980
:106C30005A607B695A68BB6918339A4203D1BB69B1
:106C40001A6A7B695A60BB6900229A627B691B6879
:106C50005A1E7B691A604C4B1B68002B61D1BB69C3
:106C60005B69FB60BB699B68BA69D2689A60BB6963
:106C7000DB68BA6992685A60FB685A68BB6904337A
:106C80009A4203D1BB69DA68FB685A60BB6900228B
:106C90005A61FB681B685A1EFB681A60BB69DA6A96
:106CA0003A4B1B689A4203D9BB69DB6A374A1360C7
:106CB000BB69DA6A364913469B0013449B000B44B8
:106CC00004331B68BB60BB69BA689A60BB689A688A
:106CD000BB69DA60BB689B68BA6904325A60BB69F9
:106CE0001A1DBB689A60BB69DA6A13469B0013449D
:106CF0009B00274A1A44BB695A61BB69DA6A244976
:106D000013469B0013449B000B441B68BA69D26A6C
:106D1000591C1F4813469B0013449B0003441960F1
:106D20001BE01C4B5B683B61BB693A69DA613B69FC
:106D30009A68BB691A623B699B68BA6918325A60E3
:106D4000BB6903F118023B699A60BB69114A9A62F8
:106D5000104B1B6801330F4A1360BB69DA6A0E4B94
:106D60001B68DB6A9A4205D90123FB610B4B0122A8
:106D70001A6001E00023FB61FB6918462437BD4619
:106D80005DF8047B704700BF7006002050060020AD
:106D90007801002008060020740100205C06002015
:106DA00080B483B000AF7860064B1A687B681A60C5
:106DB000054B1A687B685A6000BF0C37BD465DF80A
:106DC000047B7047600600204C06002080B586B02A
:106DD00000AF7860396000F0DBFF1F4B1B683B6140
:106DE0007B685B683A69D31AFB603B681B68B3F148
:106DF000FF3F02D100237B6126E07B681A68174BB6
:106E00001B689A420AD07B685B683A699A4205D34C
:106E100001237B613B6800221A6015E03B681B6818
:106E2000FA689A420BD23B681A68FB68D21A3B6830
:106E30001A607868FFF7B4FF00237B6104E03B68C9
:106E400000221A6001237B6100F0BEFF7B691846B7
:106E50001837BD4680BD00BF4C06002060060020EC
:106E600080B400AF034B01221A6000BFBD465DF83D
:106E7000047B70475C06002080B582B000AF78606C
:106E800000F052F8064B1B68012BF9D9054B4FF067
:106E900080521A60BFF34F8FBFF36F8FF0E700BFD0
:106EA0007801002004ED00E080B582B000AF00233F
:106EB0007B600CE07A6813469B0013449B00124AE7
:106EC0001344184600F08EFB7B6801337B607B68BF
:106ED000372BEFD90D4800F085FB0D4800F082FB01
:106EE0000C4800F07FFB0C4800F07CFB0B4800F0E6
:106EF00079FB0B4B054A1A600A4B054A1A6000BF22
:106F00000837BD4680BD00BF78010020D8050020AD
:106F1000EC050020080600201C0600203406002096
:106F2000000600200406002080B582B000AF19E002
:106F300000F02EFF104BDB68DB687B607B6804335E
:106F4000184600F0D9FB0D4B1B68013B0B4A136040
:106F50000B4B1B68013B0A4A136000F035FF786851
:106F600000F010F8064B1B68002BE1D100BF00BFFA
:106F70000837BD4680BD00BF1C0600204806002023
:106F80003006002080B582B000AF78607B681B6B54
:106F9000184601F06DF8786801F06AF800BF08370C
:106FA000BD4680BD80B400AF0A4B1B681B68002B38
:106FB00004D1094B4FF0FF321A6005E0054B1B6806
:106FC000DB681B68044A136000BFBD465DF8047BA4
:106FD000704700BF000600206806002080B483B020
:106FE00000AF0B4B1B68002B02D101237B6008E034
:106FF000084B1B68002B02D102237B6001E00023B9
:107000007B607B6818460C37BD465DF8047B704793
:10701000540600207006002080B588B000AF78606C
:1070200039602F4B1B68FB612E4B1B68BB612E4BDD
:107030001B687B612D4B1B680433184600F05CFB1A
:107040007B68B3F1FF3F24D13B68002B21D0284B54
:107050005B683B61254B1B683A699A60234B1B6850
:107060003A699268DA60214B1A683B699B6804327E
:107070005A601E4B1B681A1D3B699A601B4B1B68AC
:107080001B4A5A611A4B1B680133194A136000BF2F
:1070900022E0FA697B681344FB60144B1B68FA68B2
:1070A0005A60FA68FB699A4207D2104B1B68043396
:1070B0001946786900F0E7FA0EE00C4B1B680433C0
:1070C0001946B86900F0DFFA0A4B1B68FA689A4261
:1070D00002D2084AFB68136000BF2037BD4680BD5E
:1070E0004C06002000060020040600207401002049
:1070F000340600206806002080B584B000AF7860B8
:1071000039600123FB607B68BB60BB68002B5DD0EE
:10711000BB68DB6B002B59D0BB681A6CBB68DB6BA0
:107120000021A3FB0223002B00D001210B46002BE2
:107130004CD100F02DFEBB681A68BB68DB6BB968E8
:10714000096C01FB03F31A44BB689A60BB68002218
:107150009A63BB681A68BB685A60BB681A68BB68E8
:10716000DB6B013BB968096C01FB03F31A44BB6894
:10717000DA60BB68FF2283F84420BB68FF2283F8F3
:1071800045203B68002B14D1BB681B69002B1AD02B
:10719000BB6810331846FFF737FD0346002B12D0AB
:1071A0000E4B4FF080521A60BFF34F8FBFF36F8FBB
:1071B00009E0BB681033184600F014FABB682433AA
:1071C000184600F00FFA00F0FFFD01E00023FB601D
:1071D000FB6818461037BD4680BD00BF04ED00E0D7
:1071E00080B58AB002AFF860B9601346FB71002326
:1071F000FB61FB68002B2DD00021BA68FB68A3FB64
:107200000223002B00D001210B46002B22D1FB686A
:10721000BA6802FB03F313F1490F1BD8FB68BA6885
:1072200002FB03F3BB61BB694833184600F06EFEF6
:10723000F861FB69002B0DD0FB697B617B694833EA
:107240007B61FA79FB69009313467A69B968F8683B
:1072500000F005F8FB6918462037BD4680BD80B5B3
:1072600084B000AFF860B9607A60FB70BB68002B37
:1072700003D1BB69BA691A6002E0BB697A681A6017
:10728000BB69FA68DA63BB69BA681A640121B86934
:10729000FFF732FF00BF1037BD4680BD80B58AB012
:1072A00000AFF860B9607A6000237B62FB683B62E4
:1072B00000F06EFD3B6A9B6BFB61FB69002B1FD0EE
:1072C000B968386A00F08CF8FB695A1E3B6A9A6309
:1072D0003B6A1B69002B0FD03B6A10331846FFF73F
:1072E00093FC0346002B07D03C4B4FF080521A60B2
:1072F000BFF34F8FBFF36F8F00F066FD012369E08E
:107300007B68002B03D100F05FFD002362E07B6A05
:10731000002B06D107F114031846FFF741FD0123A6
:107320007B6200F051FDFFF7BDF900F031FD3B6AD3
:1073300093F844305BB2B3F1FF3F03D13B6A0022C4
:1073400083F844203B6A93F845305BB2B3F1FF3FCA
:1073500003D13B6A002283F8452000F035FD3A1D39
:1073600007F1140311461846FFF730FD0346002BC2
:1073700023D1386A00F0ACF80346002B17D03B6AE3
:1073800024337A6811461846FFF7F0FB386A00F09C
:107390004DF8FFF795F90346002B89D10F4B4FF0BD
:1073A00080521A60BFF34F8FBFF36F8F80E7386A48
:1073B00000F03CF8FFF784F97AE7386A00F036F815
:1073C000FFF77EF9386A00F083F80346002B3FF49C
:1073D0006FAF002318462837BD4680BD04ED00E09E
:1073E00080B582B000AF786039607B681B6C002B81
:1073F00018D07B68DA687B681B6C1A447B68DA609B
:107400007B68DA687B689B689A4203D37B681A685A
:107410007B68DA607B68D9687B681B6C1A463868C1
:1074200001F0DDFB00BF0837BD4680BD80B584B0EC
:1074300000AF786000F0ACFC7B6893F84530FB73DC
:1074400011E07B685B6A002B12D07B6824331846FE
:10745000FFF7DAFB0346002B01D0FFF701FDFB7BB2
:10746000013BDBB2FB7397F90F30002BE9DC00E046
:1074700000BF7B68FF2283F8452000F0A5FC00F0E8
:1074800087FC7B6893F84430BB7311E07B681B6911
:10749000002B12D07B6810331846FFF7B5FB03466C
:1074A000002B01D0FFF7DCFCBB7B013BDBB2BB73E5
:1074B00097F90E30002BE9DC00E000BF7B68FF226B
:1074C00083F8442000F080FC00BF1037BD4680BD2B
:1074D00080B584B000AF786000F05AFC7B689B6B8D
:1074E000002B02D10123FB6001E00023FB6000F0D0
:1074F0006BFCFB6818461037BD4680BD80B485B074
:1075000000AF786039600023BB603B68002B24D05B
:107510000023FB601EE0184AFB68DB0013445B6835
:107520007A689A4205D1FB68DB00134A1344BB60BA
:1075300013E0BB68002B0AD10F4AFB6852F83330C6
:10754000002B04D1FB68DB000B4A1344BB60FB68D3
:107550000133FB60FB68072BDDD9BB68002B05D02E
:10756000BB683A681A60BB687A685A6000BF143713
:10757000BD465DF8047B70477406002080B586B078
:1075800000AFF860B9607A60FB687B6100F000FCD6
:107590007B6993F844305BB2B3F1FF3F03D17B6961
:1075A000002283F844207B6993F845305BB2B3F145
:1075B000FF3F03D17B69002283F8452000F004FCE3
:1075C0007B699B6B002B06D17B6924337A68B96891
:1075D0001846FFF7E1FA7869FFF728FF00BF183770
:1075E000BD4680BD80B483B000AF78607B6803F196
:1075F00008027B685A607B684FF0FF329A607B68B4
:1076000003F108027B68DA607B6803F108027B689B
:107610001A617B6800221A6000BF0C37BD465DF816
:10762000047B704780B483B000AF78607B68002231
:107630001A6100BF0C37BD465DF8047B704780B40B
:1076400085B000AF786039607B685B68FB603B6841
:10765000FA685A60FB689A683B689A60FB689B68A6
:107660003A685A60FB683A689A603B687A681A61BF
:107670007B681B685A1C7B681A6000BF1437BD46C4
:107680005DF8047B704780B485B000AF78603960E6
:107690003B681B68BB60BB68B3F1FF3F03D17B68ED
:1076A0001B69FB600CE07B680833FB6002E0FB6851
:1076B0005B68FB60FB685B681B68BA689A42F6D23D
:1076C000FB685A683B685A603B685B683A689A6036
:1076D0003B68FA689A60FB683A685A603B687A6867
:1076E0001A617B681B685A1C7B681A6000BF1437DC
:1076F000BD465DF8047B704780B485B000AF78600C
:107700007B681B69FB607B685B687A6892689A603B
:107710007B689B687A6852685A60FB685B687A6825
:107720009A4203D17B689A68FB685A607B680022A2
:107730001A61FB681B685A1EFB681A60FB681B68AD
:1077400018461437BD465DF8047B704780B584B099
:1077500002AF00237B6000F035FA0A4B1B68002B58
:107760000AD0094B01930323009300238022074989
:107770000748FEF72AFC78607B6818460837BD4644
:1077800080BD00BFE4060020E80600201895000830
:107790003978000880B584B000AFF860B9607A60CD
:1077A00008E0FB689B69BA681344BB60FB681B6A0E
:1077B000F8689847FB689A69BB68D118BB687A6813
:1077C000F86800F0DFF80346002BEAD100BF00BFE5
:1077D0001037BD4680BD000080B584B000AF786032
:1077E0003960144B1B68DB68DB68FB60FB680433A3
:1077F0001846FFF781FFFB6893F8243003F0040379
:10780000002B05D03A687968F868FFF7C3FF08E0F5
:10781000FB6893F8243023F00103DAB2FB6883F8A5
:107820002420FB681B6AF868984700BF1037BD46E4
:1078300080BD00BFDC06002080B584B000AF78605A
:1078400007F10803184600F059F8F860BB681946BC
:10785000F86800F005F800F0D7F800BFF0E7000086
:1078600080B584B000AF78603960FEF71BFF07F188
:107870000803184600F066F8F860BB68002B30D1AA
:107880003B68002B0AD17A68FB689A4206D8FEF75B
:1078900017FFF9687868FFF79FFF24E03B68002B2B
:1078A00008D0134B1B681B68002B01D1012300E09B
:1078B00000233B600F4B18687A68FB68D31A3A685C
:1078C0001946FFF75BFEFEF7FBFE0346002B0AD1CD
:1078D000094B4FF080521A60BFF34F8FBFF36F8F89
:1078E00001E0FEF7EDFE00BF1037BD4680BD00BFD2
:1078F000E0060020E406002004ED00E080B485B03E
:1079000000AF78600E4B1B681B68002B01D1012271
:1079100000E000227B681A607B681B68002B05D1A1
:10792000074B1B68DB681B68FB6001E00023FB6002
:10793000FB6818461437BD465DF8047B704700BFEE
:10794000DC06002080B584B000AF7860FEF7B2FF9F
:10795000F8600B4B1B68FA689A4205D200F00CF9EC
:107960007B6801221A6002E07B6800221A60044AE8
:10797000FB681360FB6818461037BD4680BD00BF2A
:10798000EC06002080B586B000AFF860B9607A6080
:107990003B6000237B61FB68BA685A60FB68FA6849
:1079A0001A61BA687B689A4212D87A683B68D21A20
:1079B000FB689B699A4202D301237B611BE0104B59
:1079C0001A68FB68043319461046FFF75CFE12E0A4
:1079D0007A683B689A4206D2BA683B689A4202D3F8
:1079E00001237B6107E0074B1A68FB6804331946E3
:1079F0001046FFF748FE7B6918461837BD4680BD24
:107A0000E0060020DC06002080B586B000AF3B1DFC
:107A100000221A605A609A609CE07B68002BC0F2DA
:107A20009980FB687B617B69002B00F093807B6908
:107A30005B69002B04D07B6904331846FFF75CFEBA
:107A40003B461846FFF77EFF38617B68013B082BF9
:107A50007DD801A252F823F07D7A00087D7A0008D3
:107A6000E57A0008F97A0008257B00087D7A00088D
:107A70007D7A0008E57A0008F97A00087B6993F8B6
:107A8000243043F00103DAB27B6983F82420BA681A
:107A90007B699B69D118BB683A697869FFF772FF07
:107AA0000346002B55D07B6993F8243003F0040380
:107AB000002B09D0BA687B699B6913443A6919465F
:107AC0007869FFF767FE08E07B6993F8243023F0BC
:107AD0000103DAB27B6983F824207B691B6A786929
:107AE000984736E07B6993F8243023F00103DAB23B
:107AF0007B6983F824202DE07B6993F8243043F0E0
:107B00000103DAB27B6983F82420BA687B699A6141
:107B10007B699A693B69D1183B693A697869FFF7D3
:107B200031FF17E07B6993F8243003F00203002B48
:107B300003D1786900F09CFA0CE07B6993F824305B
:107B400023F00103DAB27B6983F8242002E000BF4E
:107B500000E000BF074B1B68391D00221846FFF7E5
:107B60009DFB0346002B7FF458AF00BF00BF1837C2
:107B7000BD4680BDE406002080B582B000AF09E0BC
:107B80000E4B1B68DB681B683B604FF0FF313868A9
:107B9000FFF722FE094B1B681B68002BF0D1074B37
:107BA0001B687B60064B1B68044A1360044A7B68B1
:107BB000136000BF0837BD4680BD00BFDC06002053
:107BC000E006002080B500AF00F0E2F8124B1B6821
:107BD000002B1DD11148FFF705FD1148FFF702FDED
:107BE000104B0E4A1A60104B0D4A1A6000220C21ED
:107BF0000A20FFF7F5FA0346074A1360064B1B6895
:107C0000002B05D0044B1B6808491846FFF776FC8B
:107C100000F0DAF800BF80BDE4060020B4060020C2
:107C2000C8060020DC060020E006002020950008A1
:107C300080B485B000AFF860B9607A60FB68043B3F
:107C4000FB60FB684FF080721A60FB68043BFB60CE
:107C5000BB6823F00102FB681A60FB68043BFB6011
:107C60000C4AFB681A60FB68143BFB607A68FB688F
:107C70001A60FB68043BFB60FB686FF002021A604D
:107C8000FB68203BFB60FB6818461437BD465DF877
:107C9000047B7047997C000880B483B000AF002358
:107CA0003B604FF0500372B683F31188BFF36F8FC0
:107CB000BFF34F8F62B67B6000BF00BF3B68002BF5
:107CC000FCD000BF00BF0C37BD465DF8047B704799
:107CD000064B19680868B0E8F04F80F30988BFF3D5
:107CE0006F8F4FF0000080F31188704774010020FF
:107CF00000BF00BF08480068006880F308884FF0A4
:107D0000000080F3148862B661B6BFF34F8FBFF3F3
:107D10006F8F00DF00BF000008ED00E000BF00BF74
:107D200080B582B000AF154B1B687B60144B1B689D
:107D3000134A43F47F031360114B1B68104A43F04E
:107D40007F4313600F4B00221A6000F0AFF80E4B18
:107D500000221A6000F0CEF80C4B1B680B4A43F06F
:107D600040431360FFF7C6FFFEF7B0FEFFF794FF36
:107D7000002318460837BD4680BD00BF08ED00E06F
:107D800020ED00E01CED00E01400002034EF00E0E6
:107D900080B483B000AF4FF0500372B683F3118804
:107DA000BFF36F8FBFF34F8F62B67B6000BF054B91
:107DB0001B680133034A136000BF0C37BD465DF8F2
:107DC000047B70471400002080B483B000AF0A4BDE
:107DD0001B68013B084A1360074B1B68002B05D149
:107DE00000237B607B6883F3118800BF00BF0C37E2
:107DF000BD465DF8047B704714000020EFF3098056
:107E0000BFF36F8F154B1A681EF0100F08BF20EDDF
:107E1000108A20E9F04F10602DE909004FF0500062
:107E200072B680F31188BFF34F8FBFF36F8F62B6C6
:107E3000FEF74CFE4FF0000080F3118809BC196872
:107E40000868B0E8F04F1EF0100F08BFB0EC108AC1
:107E500080F30988BFF36F8F704700007401002022
:107E600000BF00BF80B582B000AF4FF0500372B6C4
:107E700083F31188BFF36F8FBFF34F8F62B67B60C0
:107E800000BFFEF727FD0346002B03D0064B4FF043
:107E900080521A6000233B603B6883F3118800BF67
:107EA00000BF0837BD4680BD04ED00E080B400AFE0
:107EB0000B4B00221A600B4B00221A600A4B1B6806
:107EC0000A4AA2FB03239B09094A013B1360044BA6
:107ED00007221A6000BFBD465DF8047B704700BFF3
:107EE00010E000E018E000E004000020D34D621034
:107EF00014E000E0DFF80C00016841F4700101605B
:107F00007047000088ED00E000BF00BF80B588B07A
:107F100000AF786000237B6100233B617B68002B0E
:107F200022D00823DB437A689A421BD808227B6858
:107F300013447B607B6803F00703002B14D07B683D
:107F400003F00703C3F10803FB60FB68DB437A68B7
:107F50009A4204D87A68FB6813447B6004E00023EB
:107F60007B6001E000237B60FEF79CFB3B4B1B68C2
:107F7000002B01D100F0B6F87B68002B67DB7B6833
:107F8000002B64D0364B1B687A689A425FD8354B19
:107F9000BB61344B1B68FB6104E0FB69BB61FB699F
:107FA0001B68FB61FB695B687A689A4203D9FB69CD
:107FB0001B68002BF1D1294B1B68FA699A4246D005
:107FC000BB691B68082213447B61FB691A68BB69A3
:107FD0001A60FB695A687B68D21A08235B009A42D0
:107FE00013D9FA697B681344BB60FB695A687B68E4
:107FF000D21ABB685A60FB697A685A60BB691A6812
:10800000BB681A60BB69BA681A60154B1A68FB69CD
:108010005B68D31A124A1360114B1A68124B1B6823
:108020009A4203D20E4B1B680F4A1360FB695B68D0
:108030003B61FB695B6843F00042FB695A60FB6986
:1080400000221A60094B1B680133084A1360FEF7CF
:1080500037FB7B6918462037BD4680BDF8060120F6
:10806000FC060120F0060120000701200407012082
:1080700080B584B000AF78607B68FB607B68002BC4
:1080800027D008235B42FA681344FB60FB68BB609F
:10809000BB685B68002B1CDABB681B68002B18D11F
:1080A000BB685B6823F00042BB685A60FEF7FAFACF
:1080B000BB685A68094B1B681344084A1360B868C8
:1080C00000F06AF8064B1B680133054A1360FEF79F
:1080D000F7FA00BF1037BD4680BD00BFFC06012087
:1080E0000807012080B485B000AF4FF48033BB6037
:1080F000244BFB60FB6803F00703002B0CD0FB68EC
:108100000733FB60FB6823F00703FB60BA68FB687A
:10811000D31A1C4A1344BB60FB681B4A13601A4BFA
:1081200000225A60FA68BB6813447B6008227B68AF
:108130009B1A7B607B6823F007037B607B68134A94
:108140001360124B1B6800225A60104B1B68002200
:108150001A60FB683B603B687A68D21A3B685A60D9
:108160000A4B1A683B681A603B685B68084A1360F0
:108170003B685B68074A136000BF1437BD465DF873
:10818000047B7047F0060020F0060120F80601206D
:1081900000070120FC06012080B485B000AF7860A4
:1081A000284BFB6002E0FB681B68FB60FB681B68F8
:1081B0007A689A42F7D8FB68BB60FB685B68BA686C
:1081C00013447A689A4208D1FB685A687B685B68F6
:1081D0001A44FB685A60FB687B607B68BB607B6805
:1081E0005B68BA681A44FB681B689A4218D1FB683E
:1081F0001A68154B1B689A420DD07B685A68FB6859
:108200001B685B681A447B685A60FB681B681A68C5
:108210007B681A6008E00C4B1A687B681A6003E000
:10822000FB681A687B681A60FA687B689A4202D019
:10823000FB687A681A6000BF1437BD465DF8047B9E
:10824000704700BFF0060120F80601200B460146EA
:10825000184600F027BA00F00FB80268D2070346AC
:1082600005D4427802B1FFDE01205870704700202B
:10827000704701230360704700F05EB92DE9F047B5
:10828000089D0E4604460F46002B4AD194468C4565
:10829000B2FA82F260D942B1C2F12003974020FACB
:1082A00003F30CFA02FC1F4394404FEA1C4E1FFAE2
:1082B0008CF6B7FBFEF1230C0EFB117743EA074364
:1082C00001FB06F098420AD91CEB030301F1FF37CA
:1082D00080F01581984240F21281023963441B1AE2
:1082E000A4B2B3FBFEF00EFB103344EA034400FBE0
:1082F00006F6A6420AD91CEB040400F1FF3380F015
:108300000081A64240F2FD806444023840EA014008
:10831000A41B00211DB1D4400023C5E90043BDE8E2
:10832000F0878B4205D90DB1C5E90001002108464F
:10833000F5E7B3FA83F1002946D1B34202D3824272
:1083400000F2F580841A66EB030201201746002D27
:10835000E5D0C5E90047E2E7002A40F09380A1EBB1
:108360000C034FEA1C471FFA8CFE0121B3FBF7F602
:1083700007FB1630230C43EA00430EFB06F098423D
:1083800008D91CEB030306F1FF3802D2984200F231
:10839000D08046461B1AA4B2B3FBF7F007FB10339C
:1083A00044EA03440EFB00FEA64508D91CEB040476
:1083B00000F1FF3302D2A64500F2B6801846A4EBC6
:1083C0000E0440EA0640A5E7C1F120078B4022FADF
:1083D00007FC4CEA030C06FA01FE20FA07F426FA21
:1083E00007F344EA0E0400FA01F84FEA1C404FEA92
:1083F0001449B3FBF0FE1FFA8CF600FB1E3349EA6A
:1084000003430EFB06F9994502FA01F20BD91CEB66
:1084100003030EF1FF3A80F08580994540F2828097
:10842000AEF1020E6344A3EB0909A4B2B9FBF0F369
:1084300000FB139944EA094403FB06F6A64208D957
:108440001CEB040403F1FF3068D2A64266D9023B5C
:10845000644443EA0E40A41BA0FB02E6B442734608
:10846000B14652D34FD05DB1B8EB030264EB0904BF
:1084700004FA07F722FA01F31F43CC40C5E9007460
:1084800000214CE7C2F1200120FA01F30CFA02FCB2
:1084900026FA01F1964033434FEA1C471FFA8CFE3F
:1084A000B1FBF7F007FB1016190C41EA064100FB7F
:1084B0000EF68E4204FA02F408D91CEB010100F119
:1084C000FF382DD28E422BD902386144891B9BB2D2
:1084D000B1FBF7F607FB161143EA014306FB0EF169
:1084E000994208D91CEB030306F1FF3814D29942D4
:1084F00012D9023E63445B1A46EA004136E7394628
:10850000EDE6184602E7F045ADD2BEEB020366EB9E
:108510000C060138B146A6E74646ECE7034698E765
:108520004046D3E7D6467EE76444023847E708462C
:108530000DE7023E63442DE7024B0146186800F048
:108540005DBB00BF2400002070B50F4E0C463168A3
:10855000054611B900F0FAFA30602146284600F0CD
:10856000F5FA431C03D14FF0FF34204670BDC41C04
:1085700024F00304A042F8D0211A284600F0E6FABD
:108580000130F2D1EFE700BF0C0701202DE9F843DD
:10859000CD1C25F0030508350C2D38BF0C25002D0A
:1085A000064601DBA94204D90C2333600020BDE854
:1085B000F883DFF8D48000F069F8D8F800301C4662
:1085C00044BB29463046FFF7BFFF431C044658D141
:1085D000D8F800402746002F43D1002C4BD0236809
:1085E0003946304604EB030900F0B0FA814542D128
:1085F00021686D1A29463046FFF7A6FF01303AD0B0
:1086000023682B442360D8F800305A6862BBC8F84E
:1086100000700FE02268521B20D40B2A17D9611971
:10862000A342256018BF5960636808BFC8F80010EE
:1086300062514B60304600F02FF804F10B00231D0F
:1086400020F00700C21A1CBF1B1AA350AFE76268D4
:10865000A3420CBFC8F800205A60EBE723466468C9
:10866000AEE73C467F68B6E71A465B68A342FBD19B
:1086700000235360DEE70C233360304600F00CF833
:1086800094E70560D6E700BF10070120014800F01D
:10869000A4BA00BF54080120014800F09FBA00BFEF
:1086A0005408012010B504460448134620B10A4678
:1086B00002202146AFF3008010BD00BF0000000083
:1086C000002310B50446C0E90033C0E904338360D9
:1086D00081814366C2818361194608225C3000F0C3
:1086E000F9F90D4B63620D4BA3620D4BE3620D4B29
:1086F00023630D4B24629C4206D003F1680294422E
:1087000002D0D0339C4205D104F15800BDE810409E
:1087100000F062BA10BD00BF258900084789000833
:108720007F890008A389000814070120024A034931
:10873000034800F069B800BF180000203593000816
:108740002800002041680C4B994210B5044601D026
:1087500000F0F0FDA168094B994202D0204600F0DC
:10876000E9FDE168064B994204D02046BDE810407F
:1087700000F0E0BD10BD00BF140701207C07012000
:10878000E407012010B50B4B0B4C0C4A1A60204635
:1087900000220421FFF794FF04F16800012209215F
:1087A000FFF78EFF04F1D0000222BDE81040122135
:1087B000FFF786BF4C080120140701202D87000811
:1087C000014800F00ABA00BF55080120014800F036
:1087D00005BA00BF5508012010B50446FFF7F0FFA9
:1087E000236A1BB1BDE81040FFF7F0BF044B2362C2
:1087F000044B1B68002BF5D1FFF7C4FFF2E700BF65
:10880000458700084C0801202DE9F84307468846B3
:1088100014460026D4E90195B9F1010905D524686B
:10882000002CF7D13046BDE8F883AB89012B07D97E
:10883000B5F90E30013303D029463846C047064308
:108840006835E9E70FB407B5064904AB086853F883
:10885000042B8168019300F045FA03B05DF804EB46
:1088600004B0704724000020036A70B58468054690
:108870000E460BB9FFF7B0FF636EDB0705D4A38983
:10888000980502D4A06D00F0A8F9A389190702D5B4
:108890002369002B35D12146284600F0C5F880B366
:1088A0004FF0FF35636EDA0705D4A3899B0502D428
:1088B000A06D00F093F9284670BD002B04DAA26980
:1088C0009A4217DC0A2915D023685A1C22601970B5
:1088D000A36816F8011F013BA3600029EDD1002B0E
:1088E00011DA22460A21284600F05FF80130D7D07D
:1088F0000A25D7E72246284600F057F80130E7D18D
:10890000CEE7013EE4E723685A1C22600A221A706F
:10891000EEE70000024B01461868FFF7A5BF00BF55
:108920002400002010B50C46B1F90E1000F0FCF840
:108930000028ABBF636DA3891B1823F48053ACBF21
:108940006365A38110BD2DE9F0411F468B89DB05CE
:1089500005460C46164605D5B1F90E100223002235
:1089600000F0D0F8A389B4F90E1023F48053A3814A
:1089700032463B462846BDE8F04100F0F7B810B556
:108980000C46B1F90E1000F0BDF8431CA38915BFC9
:10899000606523F4805343F48053A38118BFA381FF
:1089A00010BDB1F90E1000F09DB8F8B50E46144692
:1089B000054618B1036A0BB9FFF70EFFA369A36060
:1089C000A3891A0701D5236943B92146284600F037
:1089D0002BF818B14FF0FF373846F8BD23682269ED
:1089E000981A6369F6B28342374605DC2146284669
:1089F00000F0A0FC0028EDD1A368013BA360236830
:108A00005A1C22601E706269431C9A4204D0A389DA
:108A1000DB07E1D50A2EDFD12146284600F08AFC8B
:108A20000028D9D0D6E7000038B5294B054618688C
:108A30000C4618B1036A0BB9FFF7CEFEB4F90C303F
:108A4000190722D4DA0607D409222A6043F040032A
:108A5000A3814FF0FF3033E0580712D5616B41B16D
:108A600004F14403994202D0284600F0C7F80023DD
:108A70006363A38923F02403A38100236360236934
:108A80002360A38943F00803A38123694BB9A38919
:108A900003F42073B3F5007F03D02146284600F08D
:108AA00097FCB4F90C3013F001020AD00022A26046
:108AB00062695242A261226942B913F08000C5D1B5
:108AC00038BD990758BF6269A260F4E70020F7E754
:108AD0002400002002440346934200D1704703F86B
:108AE000011BF9E738B5064D0023044608462B6004
:108AF00000F0CCFC431C02D12B6803B1236038BDCD
:108B00005008012038B5074D04460846114600229A
:108B10002A601A4600F0D2FC431C02D12B6803B134
:108B2000236038BD5008012038B5074D044608467B
:108B3000114600222A601A4600F0C8FC431C02D1EC
:108B40002B6803B1236038BD5008012038B5064DAD
:108B50000023044608462B6000F0C0FC431C02D1F1
:108B60002B6803B1236038BD5008012038B5074D8C
:108B700004460846114600222A601A46F7F756FCBA
:108B8000431C02D12B6803B1236038BD500801207B
:108B900070B50D4D0D4C641BA4100026A64209D1E2
:108BA0000B4D0C4C00F0A8FC641BA4100026A64240
:108BB00005D170BD55F8043B98470136EEE755F8EE
:108BC000043B98470136F2E704990008049900082D
:108BD000049900080C9900087047704770470A44D0
:108BE000914200F1FF3300D1704710B511F8014BED
:108BF00003F8014F9142F9D110BD000038B5054688
:108C0000002941D051F8043C0C1F002BB8BFE418D8
:108C1000FFF73CFD1D4A136833B9636014602846B2
:108C2000BDE83840FFF738BDA34208D920682118B5
:108C30008B4201BF19685B6809182160EDE71A468D
:108C40005B680BB1A342FAD911685018A0420BD14E
:108C500020680144501883421160E0D118685B68B5
:108C6000536008441060DAE702D90C232B60D6E782
:108C7000206821188B4204BF19685B68636004BFD9
:108C8000091821605460CAE738BD00BF10070120F1
:108C90009368013B002B10B4936008DA9469A342F7
:108CA00001DB0A2903D15DF8044BFFF77EBE136890
:108CB000581C1060197008465DF8044B7047F8B5F1
:108CC00006460F461446D518AC4201D1002007E0F5
:108CD00014F8011B3A463046FFF7DAFF431CF3D184
:108CE000F8BD00002DE9F04F0D469DB014469846A2
:108CF000064618B1036A0BB9FFF76EFD6B6ED90714
:108D000005D4AB899A0502D4A86DFFF766FFAB893D
:108D10001B0701D52B699BB929463046FFF784FE16
:108D200070B16B6EDC0704D54FF0FF301DB0BDE8AD
:108D3000F08FAB899805F7D4A86DFFF74FFFF3E7E5
:108D40000023099320238DF82930CDF80C8030239F
:108D5000DFF8AC818DF82A304FF0010923469A469E
:108D600013F8012B0AB1252AF9D1BAEB040B0BD069
:108D70005B46224629463046FFF7A1FF013000F04E
:108D8000A780099A5A4409929AF80030002B00F003
:108D90009F8000234FF0FF32CDE905230AF1010A3D
:108DA000049307938DF853301A935446052214F810
:108DB000011B5348F7F794FA049AD8B9D10644BF77
:108DC00020238DF85330130744BF2B238DF85330E5
:108DD0009AF800302A2B15D0079A544600204FF0FD
:108DE0000A0C214611F8013B303B092B4BD9B0B19D
:108DF000079214E0A0EB080309FA03F3134304936A
:108E0000A246D2E7039B191D1B680391002BBBBF31
:108E10005B4242F0020207930793B8BF04922378A3
:108E20002E2B0AD163782A2B32D1039B1A1D1B6883
:108E3000039243EAE37302340593DFF8D4A0217868
:108E400003225046F7F74CFA38B1049BA0EB0A0016
:108E50004022824013430134049314F8011B294833
:108E60008DF828100622F7F73BFA00283FD0264B52
:108E70001BBB039B073323F0070308330393099BB2
:108E80003B4409936AE70CFB02320C460120A8E739
:108E900000230134059319464FF00A0C204610F8C0
:108EA000012B303A092A03D9002BC6D00591C4E71B
:108EB0000CFB012104460123F0E703AB00932A4693
:108EC000124B04A93046AFF300800746781CD6D178
:108ED0006B6ED90705D4AB899A0502D4A86DFFF74C
:108EE0007DFEAB895B063FF51FAF09981EE703AB1C
:108EF00000932A46054B04A9304600F079F8E4E7D0
:108F0000C8980008D298000800000000BF8C000834
:108F1000CE9800082DE9F047164698468A680B69F6
:108F2000DDF820909342B8BF1346336091F8432098
:108F300007460C460AB1013333602368990642BFE5
:108F4000336802333360256815F0060506D104F155
:108F5000190AE36832689B1AAB4226DC94F8433066
:108F60002268003B18BF012392062BD404F1430270
:108F700041463846C84701301ED02368226903F0B5
:108F80000603042B02BFE5683368ED1AA3680CBF23
:108F900025EAE57500259342C4BF9B1AED1800260B
:108FA0001A34B5421AD1002008E001235246414646
:108FB0003846C847013003D14FF0FF30BDE8F08795
:108FC0000135C6E7E1185A1C302081F843002244DD
:108FD00094F8451082F843100233C7E70123224674
:108FE00041463846C8470130E6D00136D9E700008F
:108FF0002DE9FF470F7E0C9E782F914680460C4648
:109000009A4601F1430207D8622F0AD8002F00F0D8
:10901000D180582F00F0B88004F1420684F84270E5
:109020003AE0A7F16303152BF6D801A151F823F01C
:10903000899000089D900008199000081990000878
:1090400019900008199000089D90000819900008D8
:109050001990000819900008199000089B910008C9
:10906000C790000855910008199000081990000851
:10907000BD91000819900008C790000819900008D9
:10908000199000085D91000833681A1D1B68326052
:1090900004F1420684F8423001239CE033682068E2
:1090A000191D3160060601D51D6803E04506FBD594
:1090B000B3F90050002D03DA2D236D4284F84330BC
:1090C00058480A2311E021683368080653F8045B06
:1090D00002D4490648BFADB26F2F5248336014BF67
:1090E0000A230823002184F843106668A660002E36
:1090F00005DB21682E4321F0040121604BD0164688
:10910000B5FBF3F103FB1157C75D06F8017D2F4650
:10911000BB420D46F4D9082B0BD12368DF0708D5D5
:10912000236961689942DEBF302306F8013C06F1ED
:10913000FF36921B2261CDF800A04B4603AA2146C0
:109140004046FFF7E7FE01304AD14FF0FF3004B050
:10915000BDE8F087236843F0200323603248782776
:1091600084F84570236831681F0651F8045B02D407
:109170005F0648BFADB23160D90744BF43F020035A
:1091800023601DB11023ADE72648E9E7236823F0EB
:1091900020032360F6E71646BDE73368256861695A
:1091A000181D30602E061B6801D5196002E06806A4
:1091B000FBD51980002323611646BCE733681A1DCE
:1091C00032601E68626800213046F7F789F808B1FE
:1091D000801B606063682361002384F84330AAE742
:1091E0002369324649464046D0470130ADD0236816
:1091F0009B0713D4E068039B9842B8BF1846A6E7C4
:109200000123324649464046D04701309DD00135C2
:10921000E36803995B1AAB42F2DCEBE7002504F14B
:109220001906F5E7D9980008EA980008B1F90C206A
:109230002DE9F041160705460C4654D44B68002B27
:1092400002DC0B6C002B48DDE66A002E45D00023C3
:1092500012F480522F68216A2B6030D0626DA3898E
:10926000590705D56368D21A636B0BB1236CD21A08
:109270000023E66A216A2846B047431CA38906D129
:1092800029681D292BD82A4ACA40D60727D500228B
:109290006260D9042269226004D5421C01D12B6886
:1092A00003B96065616B2F60B9B104F14403994261
:1092B00002D02846FFF7A2FC002363630DE00123E0
:1092C0002846B0470246501CC9D12B68002BC6D097
:1092D0001D2B01D0162B1ED12F60002022E043F061
:1092E00040031BB21BE00F69002FF6D093070E68F6
:1092F00008BF4B690F6018BF0023A6EB07088B60FF
:10930000B8F1000FE9DD216AA66A43463A462846CD
:10931000B047002808DCB4F90C3043F04003A381C7
:109320004FF0FF30BDE8F0810744A8EB0008E7E705
:109330000100402038B50B6905460C4613B90025DD
:10934000284638BD18B1036A0BB9FFF745FAB4F9DE
:109350000C30002BF3D0626ED00704D4990502D4F0
:10936000A06DFFF73AFC28462146FFF75FFF636ECA
:10937000DA070546E4D4A3899B05E1D4A06DFFF785
:109380002DFCDDE770B50C46B1F90E10002996B042
:1093900015461E460DDAA38913F0800F4FF0000129
:1093A00014BF40234FF48063002031602B6016B05F
:1093B00070BD6A4600F048F80028ECDB019901F422
:1093C0007041A1F50053594259414FF48063EBE7D6
:1093D0008B89F7B59D0706460C4607D504F1470370
:1093E000236023610123636103B0F0BD01AB6A46D2
:1093F000FFF7C8FF009F054639463046FFF7C6F81D
:1094000048B9B4F90C309A05EED423F0030343F0C5
:109410000203A381E2E7A389206043F08003A381D4
:10942000019BC4E904075BB1B4F90E10304600F0AB
:109430001DF828B1A38923F0030343F00103A3819E
:10944000A3891D43A581CFE738B5074D0023044606
:10945000084611462B6000F021F8431C02D12B680E
:1094600003B1236038BD00BF5008012038B5064D58
:109470000023044608462B6000F018F8431C02D174
:109480002B6803B1236038BD50080120024B5822DD
:109490001A604FF0FF30704750080120024B5822ED
:1094A0001A604FF0FF30704750080120024B5822DD
:1094B0001A600020704700BF50080120024B58225C
:1094C0001A604FF0FF30704750080120024B5822BD
:1094D0001A604FF0FF30704750080120044A0549D8
:1094E0001368002B08BF0B461844106018467047DD
:1094F0005808012060080120F8B500BFF8BC08BC7E
:109500009E467047F8B500BFF8BC08BC9E46704741
:1095100049444C4500000000546D722053766300AE
:10952000546D7251000000005B5541525444656215
:1095300075675D20486561727462656174202325DA
:109540006C75202D20737461747573204C45442014
:10955000746F67676C65640D0A0000000D0A3D3D7D
:109560003D3D3D3D3D3D3D3D3D3D3D3D3D3D3D3D2B
:109570003D3D3D3D3D3D3D3D3D3D3D3D3D3D3D3D1B
:109580003D3D3D3D3D3D3D3D3D3D3D3D0D000000F2
:109590002020506978656C4A616D20426F61726469
:1095A00020554152544465627567204170702028EF
:1095B00053544D3332483734332920200D000000F6
:1095C0002020555341525431204020313135323022
:1095D0003020384E312028504236205458202F2039
:1095E000504237205258292020202020200D0000F2
:1095F0003D3D3D3D3D3D3D3D3D3D3D3D3D3D3D3D9B
:109600003D3D3D3D3D3D3D3D3D3D3D3D3D3D3D3D8A
:109610003D3D3D3D3D3D3D3D3D3D3D3D3D3D0D0ADD
:109620000D00000055617274446562756754617382
:109630006B0000000D0A48656C6C6F20576F726CF0
:10964000642066726F6D20506978656C4A616D2088
:109650004469726563742055415254205472616E9E
:10966000736D6974210D0A000D0A3D3D3D3D3D3D80
:109670003D3D3D3D3D3D3D3D3D3D3D3D3D3D3D3D1A
:109680003D3D3D3D3D3D3D3D3D3D3D3D3D3D3D3D0A
:109690003D3D0D0021212120484152444641554C79
:1096A00054204445544543544544202121210D0074
:1096B000504320203D2030782530386C580D0A006A
:1096C0004C5220203D2030782530386C580D0A004F
:1096D000523020203D2030782530386C58202052E0
:1096E0003120203D2030782530386C580D0A00009C
:1096F000523220203D2030782530386C58202052BE
:109700003320203D2030782530386C580D0A000079
:10971000523132203D2030782530386C582020508E
:109720005352203D2030782530386C580D0A000007
:109730005343422D3E43465352203D20307825303E
:10974000386C580D0A0000005343422D3E484653E2
:1097500052203D2030782530386C580D0A0000002A
:109760005343422D3E4D4D4641523D2030782530E9
:10977000386C580D0A0000005343422D3E424641CA
:1097800052203D2030782530386C580D0A000000FA
:109790003D3D3D3D3D3D3D3D3D3D3D3D3D3D3D3DF9
:1097A0003D3D3D3D3D3D3D3D3D3D3D3D3D3D3D3DE9
:1097B0003D3D3D3D3D3D3D3D0D00000000000000B4
:1097C00000000000410500086505000801050008CB
:1097D0000000000000000000000000000000000089
:1097E0000000000000000000000000000000000079
:1097F0000000000000000000000000000000000069
:109800000000000000000000000000000000000058
:109810000000000000000000000000000000000048
:109820000102030401020304060708090000000006
:1098300000000000D10A0008F50A0008951200088F
:10984000B5120008D5120008F5120008000000004B
:10985000000000004D0A0008710A00080B140008FF
:109860003D14000800000000000000001915000869
:109870005115000871150008BD150008DF15000816
:1098800000000000000000000000000000000000D8
:1098900000000000000000000000000001000200C5
:1098A0000400060008000A000C0010002000400020
:1098B0008000000101010103070100000804020407
:1098C0000801010137000000232D302B2000686CB7
:1098D0004C006566674546470030313233343536D3
:1098E000373839414243444546003031323334350C
:0C98F00036373839616263646566000039
:0898FC00E469FF7F0100000098
:08990400E9030008650B0008EF
:04990C00C10300088B
:10991000000000000090D0030090D0031000000071
:1099200001000000AAAAAAAA00000000030000008B
:109930001407012028000020000000001407012067
:109940007C070120E4070120000000000000000067
:109950000000000000000000000000000000000007
:1099600000000000000000000000000000000000F7
:1099700000000000000000000000000000000000E7
:0499800000000000E3
:0400000508000C756E
:00000001FF
