:0200000470008A
:1000000000000120953F0070E53F007089430070BB
:100010009D430070A3430070A943007000000000DE
:100020000000000000000000000000004DAE007065
:10003000E53F00700000000079AF0070854200705D
:10004000E53F007000000000E53F0070E53F0070F4
:10005000E53F0070E53F0070000000000000000078
:10006000E53F0070E53F0070E53F007000000000D4
:1000700000000000E53F00700000000000000000EC
:10008000E53F0070E53F0070E53F0070E53F007020
:10009000E53F0070E53F0070E53F0070E53F007010
:1000A000E53F0070E53F0070E53F0070E53F007000
:1000B000E53F0070E53F0070E53F0070E53F0070F0
:1000C000E53F0070E53F0070E53F0070E53F0070E0
:1000D000E53F0070E53F0070E53F0070E53F0070D0
:1000E000E53F0070E53F0070E53F0070E53F0070C0
:1000F000E53F0070E53F0070E53F0070E53F0070B0
:10010000E53F0070E53F0070E53F0070E53F00709F
:10011000E53F0070E53F0070E53F0070E53F00708F
:10012000E53F0070E53F0070E53F0070E53F00707F
:10013000E53F0070E53F0070E53F0070E53F00706F
:10014000E53F0070E53F0070E53F0070E53F00705F
:10015000E53F0070E53F0070E53F0070E53F00704F
:10016000E53F0070E53F0070E53F0070E53F00703F
:10017000E53F0070E53F0070E53F0070E53F00702F
:10018000E53F0070E53F0070E53F0070E53F00701F
:10019000E53F0070E53F0070E53F0070E53F00700F
:1001A000E53F0070E53F0070E53F0070E53F0070FF
:1001B000E94D0070E53F0070E53F0070E53F0070DD
:1001C0000000000000000000E53F0070E53F007007
:1001D000E53F0070E53F0070E53F0070E53F0070CF
:1001E000E53F0070E53F0070E53F0070E53F0070BF
:1001F000E53F0070E53F00700000000000000000D7
:10020000E53F0070E53F0070E53F0070E53F00709E
:10021000E53F0070E53F0070E53F0070E53F00708E
:10022000E53F0070E53F0070E53F0070E53F00707E
:10023000E53F0070E53F0070E53F0070E53F00706E
:10024000E53F0070E53F0070E53F0070E53F00705E
:10025000E53F0070E53F0070E53F0070E53F00704E
:10026000E53F0070E53F0070E53F0070E53F00703E
:10027000E53F0070E53F0070E53F0070E53F00702E
:10028000E53F0070E53F0070E53F0070E53F00701E
:10029000E53F0070000000000000000000000000CA
:1002A000E53F0070E53F0070E53F0070E53F0070FE
:1002B00081F0004102E000BF83F0004330B54FEA17
:1002C00041044FEA430594EA050F08BF90EA020F84
:1002D0001FBF54EA000C55EA020C7FEA645C7FEA17
:1002E000655C00F0E2804FEA5454D4EB5555B8BF3A
:1002F0006D420CDD2C4480EA020281EA030382EAAB
:10030000000083EA010180EA020281EA0303362D3C
:1003100088BF30BD11F0004F4FEA01314FF4801C0F
:100320004CEA113102D0404261EB410113F0004F21
:100330004FEA03334CEA133302D0524263EB4303D8
:1003400094EA050F00F0A780A4F10104D5F1200E76
:100350000DDB02FA0EFC22FA05F2801841F10001D1
:1003600003FA0EF2801843FA05F359410EE0A5F1A5
:1003700020050EF1200E012A03FA0EFC28BF4CF0D6
:10038000020C43FA05F3C01851EBE37101F000458C
:1003900007D54FF0000EDCF1000C7EEB00006EEB99
:1003A0000101B1F5801F1BD3B1F5001F0CD3490823
:1003B0005FEA30004FEA3C0C04F101044FEA44527A
:1003C00012F5800F80F09A80BCF1004F08BF5FEA01
:1003D000500C50F1000041EB045141EA050130BDE1
:1003E0005FEA4C0C404141EB0101013C28BFB1F5F3
:1003F000801FE9D291F0000F04BF01460020B1FA3E
:1004000081F308BF2033A3F10B03B3F120020CDA10
:100410000C3208DD02F1140CC2F10C0201FA0CF0EE
:1004200021FA02F10CE002F11402D8BFC2F1200C53
:1004300001FA02F120FA0CFCDCBF41EA0C01904009
:10044000E41AA2BF01EB0451294330BD6FEA040452
:100450001F3C1CDA0C340EDC04F11404C4F120023D
:1004600020FA04F001FA02F340EA030021FA04F34F
:1004700045EA030130BDC4F10C04C4F1200220FAA6
:1004800002F001FA04F340EA0300294630BD21FAE4
:1004900004F0294630BD94F0000F83F4801306BFAA
:1004A00081F480110134013D4EE77FEA645C18BF9E
:1004B0007FEA655C29D094EA050F08BF90EA020F35
:1004C00005D054EA000C04BF1946104630BD91EA2D
:1004D000030F1EBF0021002030BD5FEA545C05D130
:1004E0004000494128BF41F0004130BD14F580046F
:1004F0003CBF01F5801130BD01F0004545F0FE41E3
:1005000041F470014FF0000030BD7FEA645C1ABF17
:10051000194610467FEA655C1CBF0B46024650EA4E
:10052000013406BF52EA033591EA030F41F400217A
:1005300030BD00BF90F0000F04BF0021704730B500
:100540004FF4806404F132044FF000054FF00001D5
:1005500050E700BF90F0000F04BF0021704730B596
:100560004FF4806404F1320410F0004548BF40426B
:100570004FF000013EE700BF42004FEAE2014FEAC0
:1005800031014FEA02701FBF12F07F4393F07F4F9B
:1005900081F06051704732F07F4208BF704793F09E
:1005A0007F4F04BF41F40021704730B54FF46074B1
:1005B00001F0004521F000411CE700BF50EA0102B4
:1005C00008BF704730B54FF000050AE050EA01025D
:1005D00008BF704730B511F0004502D5404261EBCD
:1005E00041014FF4806404F132045FEA915C3FF40E
:1005F000D8AE4FF003025FEADC0C18BF03325FEAAB
:10060000DC0C18BF033202EBDC02C2F1200300FA5B
:1006100003FC20FA02F001FA03FE40EA0E0021FA80
:1006200002F11444BDE600BF53B94AB9002908BF1E
:1006300000281CBF4FF0FF314FF0FF3000F00CB826
:10064000ADF1080C6DE904CE0BF0CEF8DDF804E056
:10065000DDE9022304B07047704700BF10F8012B9A
:1006600011F8013B012A28BF9A42F7D0D01A7047EF
:10067000034613F8012B002AFBD1181A01387047E2
:1006800001F0FF01102A2BDB10F0070F08D010F843
:10069000013B013A8B422DD010F0070F42B3F6D147
:1006A000F0B441EA012141EA014122F007047FF060
:1006B00000070023F0E80256083C85EA010586EAB7
:1006C000010685FA47F5A3FA87F586FA47F6A5FAF3
:1006D00087F68EB9EED1F0BC01F0FF0102F00702FF
:1006E00032B110F8013B013A83EA010313B1F8D1AA
:1006F0000020704701387047002D06BF354603388B
:10070000073815F0010F07D1013015F4807F02BFC3
:10071000013015F4C03F0130F0BC0138704700BF14
:100720000348044B834202D0034B03B11847704780
:100730007000002470000024000000000548064BF3
:100740001B1AD90F01EBA301491002D0034B03B1CF
:10075000184770477000002470000024000000005B
:1007600010B5064C237843B9FFF7DAFF044B13B1F9
:100770000448AFF300800123237010BD70000024F3
:100780000000000020D9007008B5054B1BB10549D9
:100790000548AFF30080BDE80840FFF7CFBF00BFBA
:1007A000000000007400002420D9007080B582B0E1
:1007B00000AF7860074A7B681360074B1B68986836
:1007C0000023022200210BF0E7FB00BF0837BD46E3
:1007D00080BD00BF8C0000242000002480B584B0C0
:1007E00000AFF860B9607A60094B1B68002B09D034
:1007F000074B1B681B6808331B68054A10687A683A
:10080000B96898477B6818461037BD4680BD00BF61
:100810008C00002480B483B000AF78607B680A331A
:1008200018460C37BD465DF8047B704780B582B032
:1008300000AF78607B681B681846FFF7EBFF034644
:1008400018460837BD4680BD80B483B000AF7860DD
:10085000044A7B681A607B6818460C37BD465DF811
:10086000047B704790E9007080B483B000AF78607B
:10087000044A7B681A607B6818460C37BD465DF8F1
:10088000047B704790E9007080B582B000AF78605B
:100890007868FFF7E9FF042178680AF09AFD7B6821
:1008A00018460837BD4680BD80B582B000AF78607D
:1008B0000B467B8013463B807B681846FFF7C4FFDE
:1008C0000C4A7B681A607B687A889A807B683A88D1
:1008D000DA807B6800221A727B68093300221A6072
:1008E0005A609A60DA601A827B6818460837BD46FB
:1008F00080BD00BF50E9007080B483B000AF786065
:10090000034B18460C37BD465DF8047B704700BFAB
:100910004D52454780B483B000AF7860034B184612
:100920000C37BD465DF8047B704700BF38D90070B6
:1009300080B483B000AF78607B689B8818460C3722
:10094000BD465DF8047B704780B483B000AF78602B
:100950000B467B807B88002B02D07B687A889A804C
:1009600000BF0C37BD465DF8047B704780B483B090
:1009700000AF78607B68DB8818460C37BD465DF8B1
:10098000047B704780B483B000AF78600B467B80F7
:100990007B88002B05D07B88642B02D87B687A8803
:1009A000DA8000BF0C37BD465DF8047B704780B429
:1009B00083B000AF7860092318460C37BD465DF858
:1009C000047B704780B483B000AF78600123184681
:1009D0000C37BD465DF8047B704780B483B000AF30
:1009E0007860122318460C37BD465DF8047B7047CB
:1009F00080B483B000AF78607B681B7A18460C37F0
:100A0000BD465DF8047B704780B483B000AF78606A
:100A10000B46FB707B68FA781A7200BF0C37BD4634
:100A20005DF8047B7047B0B483B000AF7860396084
:100A30007B683A680933156854689068D1681D600E
:100A40005C609860D960128A1A8200BF0C37BD467C
:100A5000B0BC7047B0B487B000AFF860B9607A60DE
:100A60007B68002B02D0BB68002B01D1002320E063
:100A7000BB683B6100237B6116E07A691346DB00AB
:100A800013445B001A463B691A44FB6809331D682E
:100A90005C689868D968156054609060D1601B8A62
:100AA00013827B6901337B617A697B689A42E4D364
:100AB0007B6818461C37BD46B0BC704780B483B015
:100AC00000AF7860044A7B681A607B6818460C3770
:100AD000BD465DF8047B704710EA007080B483B0B7
:100AE00000AF7860044A7B681A607B6818460C3750
:100AF000BD465DF8047B704710EA007080B582B097
:100B000000AF78607868FFF7E9FF042178680AF0A1
:100B100060FC7B6818460837BD4680BD80B584B050
:100B200000AFF860B9607A60FB681846FFF7C6FF4F
:100B3000064AFB681A60FB68BA685A60FB687A6804
:100B40009A60FB6818461037BD4680BD3CE90070CE
:100B5000B0B588B000AF7860104B07F10C041D46AB
:100B60000FCD0FC42B6823607B685B681B68103354
:100B70001B687A68506807F10C0105229847034604
:100B8000002B07D07B689B6807F10C0211461846C2
:100B900001F03EFE022004F041FADDE744D9007086
:100BA00080B584B000AFF860B9607A60FB68184621
:100BB000FFF784FF064AFB681A60FB68BA685A6050
:100BC000FB687A689A60FB6818461037BD4680BD9E
:100BD00028E9007080B588B000AF78607B685B68FA
:100BE000184601F013FF7B685B68184601F044FF6C
:100BF0007B685B681846FFF719FEF86107F1080388
:100C000000221A605A609A60DA601A82FB69D3F88F
:100C10000D30BB60FB69D3F81130FB6000233B61F2
:100C2000FB691B78002B01D0012200E00022FB6948
:100C30005B78002B01D0022300E0002313431BB29A
:100C4000FA699278002A01D0042200E000221343BE
:100C50001BB2FA69D278002A01D0082200E00022F3
:100C600013431BB29BB2BB82FB69D3F81530F2EE83
:100C7000047A07EE103A67EE277AFDEEE77A17EE70
:100C8000903A1BB2FB82FB69D3F81930DFED0B7A87
:100C900007EE103A67EE277AFCEEE77A17EE903A05
:100CA0009BB23B837B689B6807F10802114618469C
:100CB000FFF7B9FE142004F0B1F994E700007A447C
:100CC00080B584B000AFF860B9607A60FB68184600
:100CD000FFF7F4FE0C4AFB681A60FB68BA685A60BA
:100CE000FB687A689A60FB680022C3F88C20FB6876
:100CF0000C338022002118460BF058FBFB68184685
:100D00001037BD4680BD00BF14E9007080B5ADF559
:100D1000047D00AF07F50473A3F50373186007F5AE
:100D20000473A3F50373186800F00CF9002387F827
:100D30000B3207F50473A3F503731B685B681B682C
:100D400010331B6807F50472A2F50372126850682D
:100D500007F20B210A2298470346002B00F0EA8095
:100D600097F80B320D2B03D097F80B320A2B71D169
:100D700007F50473A3F503731B685B681B680833EE
:100D80001B6807F50472A2F503721268506802220C
:100D90006A49984707F50473A3F503731B68D3F8F2
:100DA0008C30002B4ED007F50473A3F503731B683A
:100DB000D3F88C3007F50472A2F50372126813445D
:100DC00000221A7307F50473A3F5027318464FF453
:100DD00000731A4600210BF0E9FA07F50473A3F536
:100DE00003731B68986807F50473A3F503731B6806
:100DF00003F10C0107F108024FF4007302F056FAF8
:100E0000C7F80C02D7F80C32002B13DD07F504737A
:100E1000A3F503731B685B681B6808331B6807F541
:100E20000472A2F5037212685068D7F80C2207F119
:100E30000801984707F50473A3F503731B680022A4
:100E4000C3F88C2007F50473A3F50373186800F04A
:100E500079F86FE097F80B32082B03D097F80B3234
:100E60007F2B2AD107F50473A3F503731B68D3F80E
:100E70008C30002B5ED007F50473A3F503731B6859
:100E8000D3F88C305A1E07F50473A3F503731B685F
:100E9000C3F88C2007F50473A3F503731B685B6824
:100EA0001B6808331B6807F50472A2F50372126809
:100EB00050680322224998473CE007F50473A3F5E4
:100EC00003731B68D3F88C307E2B33D897F80B3222
:100ED0001F2B2FD997F80B327E2B2BD897F80B02AC
:100EE00007F50473A3F503731B68D3F88C30591C02
:100EF00007F50472A2F503721268C2F88C1007F5A8
:100F00000472A2F503721268134402461A7307F5BD
:100F10000473A3F503731B685B681B6808331B68C5
:100F200007F50472A2F503721268506807F20B21EC
:100F300001229847052004F071F8F7E658D90070AF
:100F40005CD9007080B584B000AF78600C4A07F1BE
:100F5000080392E8030018600433198002330A0C76
:100F60001A707B685B681B6808331B687A68506876
:100F700007F108010622984700BF1037BD4680BD23
:100F800060D9007080B582B000AF7860054A7B6898
:100F90001A607B681846FFF7A1FD7B681846083782
:100FA000BD4680BD24EA007080B582B000AF786095
:100FB0007868FFF7E7FF0C2178680AF00AFA7B6887
:100FC00018460837BD4680BD80B483B000AF786056
:100FD000044A7B681A607B6818460C37BD465DF88A
:100FE000047B7047D0E9007080B582B000AF7860B4
:100FF0007868FFF7E9FF042178680AF0EAF97B686E
:1010000018460837BD4680BD80B582B000AF786015
:10101000054A7B681A607B681846FFF7D5FF7B6836
:1010200018460837BD4680BD38EA007080B582B0EA
:1010300000AF78607868FFF7E7FF302178680AF042
:10104000C8F97B6818460837BD4680BD80B582B0B8
:1010500000AF7860054A7B681A607B681846FFF726
:1010600003FC7B6818460837BD4680BD50E9007018
:1010700080B582B000AF78607868FFF7E7FF1C2189
:1010800078680AF0A6F97B6818460837BD4680BD27
:1010900080B582B000AF7860054A7B681A607B68D3
:1010A0001846FFF71BFD7B6818460837BD4680BD14
:1010B0003CE9007080B582B000AF78607868FFF7D7
:1010C000E7FF0C2178680AF084F97B681846083736
:1010D000BD4680BD80B582B000AF7860054A7B68B0
:1010E0001A607B681846FFF7F9FC7B6818460837DA
:1010F000BD4680BD28E9007080B582B000AF786041
:101100007868FFF7E7FF0C2178680AF062F97B68DE
:1011100018460837BD4680BD80B582B000AF786004
:10112000054A7B681A607B681846FFF7D7FC7B6826
:1011300018460837BD4680BD14E9007080B582B0FE
:1011400000AF78607868FFF7E7FF902178680AF0D1
:1011500040F97B6818460837BD4680BD80B584B02D
:1011600002AF02F0D1FC02F05FFD03461846FFF724
:101170001DFB11480AF008FF10480AF005FF10484F
:101180000AF002FF0F480AF0FFFE0F480AF0FCFECB
:1011900002F084FD78607B681B6808331B680B498C
:1011A00078689847034683F00103DBB2002B11D027
:1011B00007480AF0E9FE10E068D90070A8D900706D
:1011C000E8D9007028DA007068DA007020A1070002
:1011D000A8DA0070A2480AF0D7FEA24B1B68BFF342
:1011E0005B8F03F00103002B0CBF01230023DBB254
:1011F000002B12D09B480AF0EEF80346002B14BFD8
:1012000001230023DBB2002B07D002F017FD0346B9
:10121000954A136093480AF0EAF8944B1B68BFF3B1
:101220005B8F03F00103002B0CBF01230023DBB213
:10123000002B1AD08D480AF0CEF80346002B14BFBD
:1012400001230023DBB2002B0FD0874B1B684FF428
:10125000FA721946864800F037FA864A8649844869
:101260000AF0B2F881480AF0C2F8844B1B68BFF359
:101270005B8F03F00103002B0CBF01230023DBB2C3
:10128000002B18D07D480AF0A6F80346002B14BFA7
:1012900001230023DBB2002B0DD004230522796843
:1012A000774800F0A1FA734A764975480AF08CF83D
:1012B00072480AF09CF8744B1B68BFF35B8F03F015
:1012C0000103002B0CBF01230023DBB2002B11D044
:1012D0006D480AF080F80346002B14BF0123002359
:1012E000DBB2002B06D06649684801F076FB664801
:1012F0000AF07DF8664B1B68BFF35B8F03F00103B8
:10130000002B0CBF01230023DBB2002B11D060485F
:101310000AF061F80346002B14BF01230023DBB25F
:10132000002B06D056495B4801F036FD58480AF0BC
:101330005EF8594B1B68BFF35B8F03F00103002B72
:101340000CBF01230023DBB2002B12D052480AF05D
:1013500042F80346002B14BF01230023DBB2002B0D
:1013600007D04C4A49494D4801F0CCFE4A480AF0A2
:101370003EF84B4B1B68BFF35B8F03F00103002B60
:101380000CBF01230023DBB2002B17D044480AF026
:1013900022F80346002B14BF01230023DBB2002BED
:1013A0000CD0012232213F48FFF77EFA314A3E49F4
:1013B0003C480AF009F83A480AF019F83B4B1B6818
:1013C000BFF35B8F03F00103002B0CBF012300234D
:1013D000DBB2002B17D0354809F0FDFF0346002B88
:1013E00014BF01230023DBB2002B0CD0244A796800
:1013F0002F48FFF793FB1F4A2E492D4809F0E4FFC1
:101400002A4809F0F4FF2C4B1B68BFF35B8F03F0F5
:101410000103002B0CBF01230023DBB2002B17D0EC
:10142000254809F0D8FF0346002B14BF01230023F1
:10143000DBB2002B0CD01B4A14492048FFF7B0FB4D
:101440000C4A1F491D4809F0BFFF1B4809F0CFFF98
:101450001C4B1B68BFF35B8F03F00103002B33E0D1
:10146000D8DA00709400002490000024A400002426
:101470009800002400000024850F0070D80000248C
:10148000A800002409100070EC000024DC000024F7
:10149000F4000024F000002400010024F8000024DF
:1014A00020010024040100244D10007030010024AC
:1014B0002401002491100070400100243401002414
:1014C000D5100070D40100240CBF01230023DBB22F
:1014D000002B1AD0674809F07EFF0346002B14BF8B
:1014E00001230023DBB2002B0FD002F09DFB03464B
:1014F000614A19466148FFF7E3FB614A61495F4869
:1015000009F062FF5B4809F072FF5F4B1B68BFF395
:101510005B8F03F00103002B0CBF01230023DBB220
:10152000002B1BD0584809F056FF0346002B14BF70
:1015300001230023DBB2002B10D0012300934FF4D2
:101540008073524A5249534803F0BAFC4C4A5249FC
:10155000504809F039FF4C4809F049FF4F4B1B68D0
:10156000BFF35B8F03F00103002B0CBF01230023AB
:10157000DBB2002B1BD0494809F02DFF0346002B9E
:1015800014BF01230023DBB2002B10D004230093EF
:101590004FF48063424A4349434803F091FC384A80
:1015A0003D49414809F010FF3C4809F020FF3F4BFE
:1015B0001B68BFF35B8F03F00103002B0CBF0123FB
:1015C0000023DBB2002B1BD0384809F004FF034690
:1015D000002B14BF01230023DBB2002B10D0032308
:1015E00000934FF48063324A3249334803F068FC79
:1015F000234A2949304809F0E7FE2C4809F0F7FE54
:101600002E4B1B68BFF35B8F03F00103002B0CBF55
:1016100001230023DBB2002B1BD0284809F0DBFE9E
:101620000346002B14BF01230023DBB2002B10D094
:10163000022300934FF48063214A1049214803F0AC
:101640003FFC0F4A14491F4809F0BEFE1B4809F031
:10165000CEFE104803F084FC134803F081FC1648CA
:1016600003F07EFC174803F07BFC08F0A3F800BFF2
:10167000FDE700BFD4010024F80000244401002449
:101680000000002419110070F001002408DB007034
:1016900098000024D8010024094F00700C02002497
:1016A00014DB007024010024F4010024280200242B
:1016B00020DB0070340100241002002444020024C6
:1016C0002CDB00702C02002480B584B000AFF860E1
:1016D000B9607A60FB681846FFF7F0F9064AFB68C4
:1016E0001A60FB68BA685A60FB687A689A60FB689F
:1016F00018461037BD4680BD24EA007080B584B01E
:1017000000AF78607B685B681B6810331B687A6881
:101710005268104698477B689B68FB60FB68092B02
:1017200001D80A23FB60F86803F078FCEAE70000C0
:1017300080B483B000AF7860044A7B681A607B682D
:1017400018460C37BD465DF8047B7047D0E9007041
:1017500080B483B000AF78607B6800221A707B6829
:1017600000225A707B6800229A707B680022DA702F
:101770007B6800221A717B6800225A717B68002204
:101780009A717B680022DA717B6800221A727B688A
:1017900000225A7200229A720022DA7200221A7310
:1017A0007B6800225A7300229A730022DA730022A7
:1017B0001A747B6800225A7400229A740022DA7428
:1017C00000221A757B6815334FF000021A607B689F
:1017D00019334FF000021A607B6818460C37BD467B
:1017E0005DF8047B7047000080B584B000AFF860FE
:1017F000B96011461A460B46FB711346BB71FB6874
:101800001846FFF795FF114AFB681A60FB68BA6833
:101810005A60FB68FA791A72FB68BA795A72FB68E7
:101820000A331846FFF794FFFB6800229A62FB68B0
:101830000022DA62FB680A331D22002118460AF0F2
:10184000B5FDFB6818461037BD4680BD38EA00700C
:1018500090B484B000AF0446084611461A462346A9
:10186000FB710346BB710B467B7113463B71FB79E1
:101870009B0103F4F862BB795B0003F03E03134362
:10188000C3F30A03FB60FB795B09DBB21B0403F4BF
:101890004032BB795B09DBB29B039BB21A433B79B5
:1018A000002B04D07B7963F07F03DBB202E07B790D
:1018B00003F07F031343BB60FB689A04BB68C3F368
:1018C0001103134318461037BD4690BC704780B4CF
:1018D00087B000AFF860B9607A603B60FB689B0C32
:1018E000C3F30A037B61FB68C3F311033B613B69EC
:1018F000DB0ADBB203F06003DAB27B699B09DBB27F
:1019000003F01F03DBB21343DAB2BB681A703B6902
:10191000DAB27B681A707B681B785BB2DB43DBB2A0
:10192000DB09DAB23B681A70012318461C37BD4642
:101930005DF8047B70470000B0B592B000AFF8606E
:101940007A601A460B46FB721346BB72534B07F183
:101950002C041D460FCD0FC42B682360FB68587AFA
:10196000FB68197AFA7A0123FFF772FF0346FB62DC
:10197000012387F83030002387F83130BB7A87F8AD
:1019800032307B68002B0FD0BB7A002B0CD0BB7A97
:10199000082B28BF0823DBB21A4607F12C030733B4
:1019A000796818460AF09FFDFB685B681B680C337A
:1019B0001B68FA68506807F12C013A6E9847034695
:1019C00083F00103DBB2002B01D0002362E000238F
:1019D0007B6401233B6458E0304B07F118041D463B
:1019E0000FCD0FC42B682360FB685B681B68103346
:1019F0001B68FA68506807F11801012298470346EE
:101A0000002B3FD00023FB750023BB7500237B75A3
:101A1000B86907F1150307F1160207F11701FFF77F
:101A200056FFBB7D5A2B06D107F118031946F868FB
:101A300000F0EEFE29E0FB681A7AFB7D9A4221D184
:101A4000BA7DFB7A5340DBB203F07F03002B19D140
:101A5000BA7FFB6D1A70BB6D002B11D0FB6D1B782C
:101A6000002B0DD0FB6D1B78082B28BF0823DBB2A1
:101A70001A4607F1180307331946B86D0AF033FD0B
:101A8000012307E07B6C01337B647A6C3B6E9A42E6
:101A9000A2D3002318464837BD46B0BD38DB0070DE
:101AA00080B58AB004AF786001233B7507F10C0361
:101AB00000221A605A600023FB7207F114023223DD
:101AC000029307F10B03019307F10C030093012329
:101AD00015217868FFF730FF0346FB75FB7D002B6F
:101AE00002D07B6801229A72FB7D18461837BD46EA
:101AF00080BD80B58AB004AF786000233B7507F1E4
:101B00000C0300221A605A600023FB7207F11402D2
:101B10003223029307F10B03019307F10C030093A7
:101B2000012315217868FFF707FF0346FB75FB7D4E
:101B3000002B02D07B6800229A72FB7D1846183772
:101B4000BD4680BD80B483B000AF78607B689B7A6F
:101B500018460C37BD465DF8047B704780B58AB0E7
:101B600004AF786039603B68DBB23B753B681B12A1
:101B7000DBB27B753B681B14DBB2BB753B681B0E8D
:101B8000DBB2FB7507F10C0300221A605A600023D8
:101B9000FB7207F114023223029307F10B03019346
:101BA00007F10C03009304231D217868FFF7C4FE9E
:101BB000034683F00103DBB2002B01D0002304E0D5
:101BC000786800F0F0F9034600BF18461837BD46A4
:101BD00080BD80B58EB004AFF860B9607A60BB6834
:101BE000DBB287F82430BB681B12DBB287F82530E4
:101BF000BB681B14DBB287F82630BB681B0EDBB258
:101C000087F8273007F11C0300221A605A6000236E
:101C1000FB7607F124023223029307F11B030193A1
:101C200007F11C03009304232021F868FFF784FECA
:101C3000034683F00103DBB2002B01D000232AE02E
:101C40007B68DBB23B757B681B0ADBB27B757B680C
:101C50001B0CDBB2BB757B681B0EDBB2FB7507F19F
:101C600014023223029307F11B03019307F11C03B3
:101C7000009304231E21F868FFF75EFE034683F0FD
:101C80000103DBB2002B01D0002304E0F86800F070
:101C90008AF9034600BF18462837BD4680BD80B587
:101CA0008EB004AFF860B9607A60BB68DBB287F8C9
:101CB0002430BB681B12DBB287F82530BB681B14CD
:101CC000DBB287F82630BB681B0EDBB287F8273003
:101CD00007F11C0300221A605A600023FB7607F10B
:101CE00024023223029307F11B03019307F11C0323
:101CF000009304231F21F868FFF71EFE034683F0BC
:101D00000103DBB2002B01D000232AE07B68DBB2A9
:101D10003B757B681B0ADBB27B757B681B0CDBB2F7
:101D2000BB757B681B0EDBB2FB7507F11402322317
:101D3000029307F11B03019307F11C030093042393
:101D40001E21F868FFF7F8FD034683F00103DBB2BC
:101D5000002B01D0002304E0F86800F024F90346CA
:101D600000BF18462837BD4680BD80B58AB004AF95
:101D700078600B46FB7007F1100300221A605A606E
:101D80000023FB733223029307F10F03019307F142
:101D9000100300930023002217217868FFF7CCFD81
:101DA000034618461837BD4680BD80B58AB004AFDB
:101DB0007860396007F1100300221A605A6000232E
:101DC000FB733223029307F10F03019307F1100312
:101DD00000930023002221217868FFF7ADFD034620
:101DE00018461837BD4680BD80B58AB000AF786010
:101DF000396007F108031D22002118460AF0D6FABF
:101E000007F108031946786800F014FC034683F0D4
:101E10000103DBB2002B01D0002336E03A7A3B68A5
:101E20001A707B7A83F00103DAB23B685A70BA7A8F
:101E30003B689A70FA7A3B68DA707B7B002B02D1A0
:101E40003B7B002B01D0012200E000223B681A718D
:101E5000BB7B002B01D1012200E002223B685A71BA
:101E6000D7F815203B689A60D7F819203B68DA60EC
:101E7000D7F81D303A6853617B7B002B01D00122DB
:101E800000E000223B689A61012318462837BD46CE
:101E900080BD80B58AB000AF7860396007F1080373
:101EA0001D22002118460AF081FA07F1080319469D
:101EB000786800F0BFFB034683F00103DBB2002B20
:101EC00001D0002304E0D7F811203B681A600123F9
:101ED00018462837BD4680BD80B58AB000AF78600F
:101EE000396007F108031D22002118460AF05EFA46
:101EF00007F108031946786800F09CFB034683F05D
:101F00000103DBB2002B01D0002304E0D7F8152039
:101F10003B681A60012318462837BD4680BD80B54E
:101F20008AB000AF7860396007F108031D220021F4
:101F300018460AF03BFA07F108031946786800F0E2
:101F400079FB034683F00103DBB2002B01D00023B1
:101F500004E0D7F819203B681A6001231846283797
:101F6000BD4680BD80B58AB004AF78600023BB82D7
:101F700007F10C0300221A605A600023FB7207F17C
:101F800014023223029307F10B03019307F10C03B0
:101F90000093022311217868FFF7CEFC0346184610
:101FA0001837BD4680BD80B58AB004AF786007F1B0
:101FB000100300221A605A600023FB73322302933D
:101FC00007F10F03019307F1100300930023002290
:101FD00016217868FFF7B0FC034618461837BD464F
:101FE00080BD80B586B000AFF860B9607A603B60B4
:101FF000B968F86800F031F80346FB75FB7D002BEB
:1020000008D07968F86800F057F80346002B01D033
:10201000012300E00023FB75FB7D002B08D039680D
:10202000F86800F078F80346002B01D0012300E0A7
:102030000023FB75FB7D002B08D0396AF86800F09F
:1020400099F80346002B01D0012300E00023FB7523
:10205000FB7D18461837BD4680BD80B58AB004AFF9
:10206000786039603B68DBB23B753B681B0ADBB2CA
:102070007B753B681B0CDBB2BB753B681B0EDBB290
:10208000FB7507F10C0300221A605A600023FB72F3
:1020900007F114023223029307F10B03019307F1B6
:1020A0000C030093042319217868FFF745FC0346CD
:1020B00018461837BD4680BD80B58AB004AF786039
:1020C00039603B68DBB23B753B681B0ADBB27B7552
:1020D0003B681B0CDBB2BB753B681B0EDBB2FB75B0
:1020E00007F10C0300221A605A600023FB7207F10B
:1020F00014023223029307F10B03019307F10C033F
:10210000009304231A217868FFF716FC034618464B
:102110001837BD4680BD80B58AB004AF786039609D
:102120003B68DBB23B753B681B0ADBB27B753B68E7
:102130001B0CDBB2BB753B681B0EDBB2FB7507F1FA
:102140000C0300221A605A600023FB7207F114028C
:102150003223029307F10B03019307F10C03009361
:1021600004231B217868FFF7E7FB0346184618375E
:10217000BD4680BD80B58AB004AF786039603B68E9
:10218000DBB23B753B681B0ADBB27B753B681B0C03
:10219000DBB2BB753B681B0EDBB2FB7507F10C03B2
:1021A00000221A605A600023FB7207F114023223E6
:1021B000029307F10B03019307F10C03009304232F
:1021C0001C217868FFF7B8FB034618461837BD4650
:1021D00080BD80B58AB004AF78600B46FB701346B3
:1021E000BB7007F1140300210A461A800A469A7050
:1021F00001233B75FB787B7507F10C0300221A6005
:102200005A600023FB7207F114023223029307F194
:102210000B03019307F10C0300930323102178684B
:10222000FFF78AFB0346FB7507F1080300210A4606
:102230001A800A469A7002233B72BB787B72FB7D40
:10224000002B13D007F108023223029307F10B038E
:10225000019307F10C030093032310217868FFF723
:102260006BFB0346002B01D0012300E00023FB752C
:10227000FB7D18461837BD4680BD80B58AB004AFD7
:1022800078600B46FB7007F1140300210A461A80A0
:102290000A469A70FB787B7507F10C0300221A60DE
:1022A0005A600023FB7207F114023223029307F1F4
:1022B0000B03019307F10C030093032310217868AB
:1022C000FFF73AFB034618461837BD4680BD0000AD
:1022D00080B58CB004AF78600B467B8013463B80A2
:1022E00007F1140300221A605A600023FB74344A79
:1022F00007F110031268114619800233120C1A708C
:1023000007F110023223029307F11303019307F13F
:1023100014030093032322217868FFF70DFB034683
:10232000FB7707F10C0300210A461A800A469A70CF
:1023300003233B737B88DBB27B73FB7F002B13D0C3
:1023400007F10C023223029307F11303019307F103
:1023500014030093032322217868FFF7EDFA034664
:10236000002B01D0012300E00023FB7707F10803D5
:1023700000210A461A800A469A7005233B723B8860
:10238000DBB27B72FB7F002B13D007F108023223F4
:10239000029307F11303019307F11403009303233E
:1023A00022217868FFF7C8FA0346002B01D00123E9
:1023B00000E00023FB77FB7F18462037BD4680BD39
:1023C0004CDB007080B58EB004AFF8607A603B6083
:1023D0000B46FB72FB7A87F820307B68DBB287F80C
:1023E00021307B681B12DBB287F822307B681B141C
:1023F000DBB287F823303B68DBB287F824303B68D8
:102400001B12DBB287F825303B681B14DBB287F860
:1024100026303B681B0EDBB287F8273007F1180324
:1024200000221A605A600023FB7507F12002322354
:10243000029307F11703019307F118030093082390
:102440002921F868FFF778FA034618462837BD4671
:1024500080BD80B58AB004AF78600B467B807B88F6
:10246000DBB23B757B881B0A9BB2DBB27B7507F145
:102470000C0300221A605A600023FB7207F1140259
:102480003223029307F10B03019307F10C0300932E
:10249000022323217868FFF74FFA034683F00103F4
:1024A000DBB2002B01D0002304E07868FFF77BFD4E
:1024B000034600BF18461837BD4680BD80B58AB0B8
:1024C00004AF7860114A07F11403126811461980AD
:1024D0000233120C1A7007F10C0300221A605A60C2
:1024E0000023FB7207F114023223029307F10B035E
:1024F000019307F10C030093032322217868FFF76F
:102500001BFA034618461837BD4680BD50DB0070E5
:1025100080B58AB004AF7860396007F10C030022FF
:102520001A605A600023FB723223029307F10B03F7
:10253000019307F10C03009300230022BA2178686D
:10254000FFF7FAF9034683F00103DBB2002B01D059
:1025500000231FE0FB7A012B1BD93B7B1AB27B7B4C
:102560001BB21B021BB21343FB82B7F9163007EEF6
:10257000903AB8EEE77AF2EE046AC7EE267A3B6844
:10258000C3ED007A3B681A687B68C3F81F200123FB
:1025900000E0002318461837BD4680BD80B58AB0DC
:1025A00004AF7860396003233B7507F10C03002208
:1025B0001A605A600023FB7207F11402322302935F
:1025C00007F10B03019307F10C03009301233D2155
:1025D0007868FFF7B1F9034683F00103DBB2002B03
:1025E00001D000231FE0FB7A022B1BD97B7B1AB2A0
:1025F000BB7B1BB21B021BB213431BB2FB82FB8AC9
:1026000007EE903AB8EE677ADFED096AC7EE267AF0
:102610003B68C3ED007A3B681A687B68C3F82320E7
:10262000012300E0002318461837BD4680BD00BFD7
:1026300000007A44B0B58EB004AF7860396007F11D
:10264000100300221A605A600023FB7300233B73BF
:1026500007F10C023223029307F10F03019307F1F4
:1026600010030093012311217868FFF765F90346F1
:1026700083F00103DBB2002B01D00023C4E0FB7B1D
:10268000072B6CD97B7C87F82330BB7C87F8223002
:1026900097F8233003F00303DAB27B681A7497F8D3
:1026A000233003F00403002B14BF01230023DAB20C
:1026B0007B689A7297F82330DB08DBB203F00703DC
:1026C000DAB27B685A7497F823309B09DBB203F0C7
:1026D0000103DAB27B689A7497F8223003F00103A1
:1026E000002B14BF01230023DAB27B68DA7297F85B
:1026F000223003F00203002B14BF01230023DAB2BF
:102700007B681A7397F8223003F00803002B14BF7C
:1027100001230023DAB27B685A7397F8223003F062
:102720002003002B14BF01230023DAB27B689A73C5
:1027300097F92230DBB2DB09DAB27B68DA733B7DD2
:102740001A467B7D1B021A43BB7D1B041A43FB7D8B
:102750001B061343FB61FA697B68C3F8132001234E
:102760003B7207F108023223029307F10F03019332
:1027700007F110030093012311217868FFF7DCF8BB
:10278000034683F00103DBB2002B01D000233BE0C2
:10279000FB7B072B24D97B7C1A46BB7C1B021A438C
:1027A000FB7C1B0413437B62FB7C5BB2002B03DAD4
:1027B0007B6A43F07F437B627A6A7B68C3F81B20A5
:1027C0003B7D1A467B7D1B021A43BB7D1B041A43CB
:1027D000FB7D1B061343BB61BA697B68C3F81720F6
:1027E0003A687B680A331C6858689968DD68146029
:1027F00050609160D5601C69586999691461506195
:1028000091611B7F1377012318462837BD46B0BD61
:1028100080B586B000AF786039600023FB73002379
:10282000BB7300237B733B68186807F10D0307F146
:102830000E0207F10F01FFF74AF87B681A7AFB7B5B
:102840009A4253D1BB7B5A2B51D13B689B79002BC9
:102850004DD03B68DB79FB753B689B79012B02D936
:102860003B681B7A00E00023BB75FB7D002B10D179
:10287000BB7D1D2B03D17B6801225A7305E0BB7D14
:102880000A2B02D17B6801229A737B680122DA73DA
:1028900020E0FB7D292B1DD17B6801221A737B6808
:1028A0000122DA723B689B79072B13D93B68DB7AEC
:1028B0001A463B681B7B1B021A433B685B7B1B046D
:1028C0001A433B689B7B1B0613433B613A697B6859
:1028D000C3F817207B689B6A002B08D07B689B6A33
:1028E0007A68D26AB97DF87D984700E000BF183752
:1028F000BD4680BD80B485B000AFF860B9607A6035
:10290000FB68BA689A62FB687A68DA6200BF1437BB
:10291000BD465DF8047B704780B483B000AF0346CA
:10292000FB71FB79082B27D801A252F823F000BFD6
:1029300055290070592900705D29007061290070C7
:1029400065290070692900706D2900707129007077
:10295000752900700C4B10E00C4B0EE00C4B0CE09A
:102960000C4B0AE00C4B08E00C4B06E00C4B04E06F
:102970000C4B02E00C4B00E00C4B18460C37BD46EC
:102980005DF8047B704700BF54DB007064DB0070AF
:1029900074DB007084DB00708CDB007094DB0070F3
:1029A000A0DB0070B4DB0070C4DB0070D4DB00700F
:1029B00080B582B000AF03463A60FB710B46BB7135
:1029C0003B68002B05D0BA79FB791946386800F0CE
:1029D000AFF900BF0837BD4680BD80B483B000AFFB
:1029E000786039607B683A681A607B6800221A71E7
:1029F0007B6800229A607B680022DA607B68184658
:102A00000C37BD465DF8047B7047000080B584B08C
:102A100002AF78607B681B687A680C491846FFF73C
:102A200069FF7B6818684CF250330093642342F2CC
:102A3000107242F21071FFF7D4FA0121786800F0A9
:102A400007F8012318460837BD4680BDB12900703C
:102A500080B483B000AF78600B46FB707B68FA7877
:102A60001A717B689B685A1C7B689A6000BF0C37A0
:102A7000BD465DF8047B704780B582B000AF7860DA
:102A80007B681B79032B02D1786800F005F800BF42
:102A90000837BD4680BD000080B582B000AF7860C9
:102AA0007B68DB68002B0CD17B681B681B681433C8
:102AB0001B687A6812680549104698477B680122AE
:102AC000DA6000BF0837BD4680BD00BFC0F9FFFF18
:102AD00080B582B000AF78607B681B79082B03D08B
:102AE0007B681B79072B01D1002312E07B681B68F0
:102AF0001B6808331B687A681268104698470346BB
:102B0000002B05D002217868FFF7A2FF012300E027
:102B1000002318460837BD4680BD80B582B000AF9F
:102B200078607B681B681B680C331B687A681268C6
:102B3000104698470346002B05D001217868FFF71F
:102B400087FF012300E0002318460837BD4680BDFB
:102B500080B582B000AF786039607B681B79022B4A
:102B60000ED07B681B79042B0AD07868FFF7B0FF82
:102B7000034683F00103DBB2002B01D0002313E0F6
:102B80007B681B681B6814331B687A681268396895
:102B9000104698470346002B05D004217868FFF7BC
:102BA00057FF012300E0002318460837BD4680BDCB
:102BB00080B584B000AFF860B9607A60FB681B79BB
:102BC000022B0ED0FB681B79052B0AD0F868FFF7A3
:102BD0007FFF034683F00103DBB2002B01D000230B
:102BE00013E0FB681B681B6818331B68FA681068E1
:102BF0007A68B96898470346002B05D00521F86824
:102C0000FFF726FF012300E0002318461037BD46DA
:102C100080BD80B584B000AFF860B9607A60FB68B1
:102C20001B79022B0ED0FB681B79052B0AD0F868A4
:102C3000FFF74EFF034683F00103DBB2002B01D008
:102C4000002313E0FB681B681B681C331B68FA68D1
:102C500010687A68B96898470346002B05D00521AB
:102C6000F868FFF7F5FE012300E00023184610374F
:102C7000BD4680BD80B584B000AF78607B681B68BE
:102C80001B6820331B687A68126800211046984739
:102C90000346FB737B681B79012B07D07B681B798C
:102CA000082B03D002217868FFF7D2FEFB7B184681
:102CB0001037BD4680BD80B582B000AF78607B68BC
:102CC0001B681B6820331B687A6812680121104654
:102CD000984708217868FFF7BBFE0123184608379C
:102CE000BD4680BD80B582B000AF78607B681B6850
:102CF0001B6834331B687A681268104698477B68F3
:102D00001B681B6810331B687A6812681046984766
:102D10000346002B01D0022300E001231946786806
:102D2000FFF796FE012318460837BD4680BD000018
:102D300080B582B000AF78600B46FB701346BB7065
:102D4000FB78002B15D1BB781D2B07D1104809F05B
:102D50001BF907217868FFF77BFE15E0BB780A2B8B
:102D600012D10C4809F010F908217868FFF770FEBD
:102D70000AE0FB78292B07D17B681B79052B03D14F
:102D800002217868FFF764FE00BF0837BD4680BDAA
:102D9000DCDB007004DC007080B483B000AF7860CE
:102DA00039607B683A681A607B6818460C37BD4604
:102DB0005DF8047B7047000080B52DED028B8EB06E
:102DC00000AFF860B96087ED010AC7ED000AD7EDE2
:102DD000017AF5EEC07AF1EE10FA06D9D7ED007A55
:102DE000F5EEC07AF1EE10FA01D80023B5E0FB68E9
:102DF0001B681B6810331B68FA68126810469847F6
:102E0000034683F00103DBB2002B08D0FB681B688C
:102E10001B6808331B68FA68126810469847FB68FD
:102E20001B681846FFF74AFBFB681B680322012159
:102E30001846FFF74DFA322387F82B304A4B7B6256
:102E4000D7ED006A97ED097AC6EE877AFCEEE77A4D
:102E500017EE903A7B637B6BFA2B01D9FA237B63E5
:102E6000D7ED017A9FED417A67EE877AC7ED087A50
:102E700000233B6365E03B6B013307EE903AF8EECD
:102E8000677A97ED097A67EE277AC7ED077ABB680C
:102E900007EE903AB8EEE78A97ED087AD7ED077A11
:102EA00067EE277AB0EE670A08F0A6FAF0EE407AED
:102EB00068EE277AC7ED067ABB6807EE903AB8EE5F
:102EC000E77AD7ED087A27EE278A97ED087AD7EDCB
:102ED000077A67EE277AB0EE670A08F07DFBF0EE1E
:102EE000407A68EE277AC7ED0B7A7B6B013B3A6B31
:102EF0009A4202D14FF00003FB62D7ED067AFDEE55
:102F0000E77A17EE903A7B61D7ED0B7AFDEEE77A20
:102F100017EE903A3B61FB6818687B693A69322189
:102F2000FFF750FA034683F00103DBB2002B05D014
:102F3000396B0F4808F0C0FF00230EE03B6B0133F4
:102F40003B633A6B7B6B9A4295D3FB681B6800210D
:102F50001846FFF77EFA034600BF18463837BD46CD
:102F6000BDEC028B80BD00BFCDCC4C3DDB0FC9401A
:102F700034DC007080B58CB000AFF860B9607A6066
:102F80007B68002B01D100239EE0FB681B681B6857
:102F900010331B68FA68126810469847034683F09E
:102FA0000103DBB2002B08D0FB681B681B680833E9
:102FB0001B68FA68126810469847FB681B68184639
:102FC000FFF77CFAFB681B68032201211846FFF714
:102FD0007FF9642387F823301023FB610123FB6210
:102FE00067E0FB6A07EE903AB8EE677AF3EE006AA4
:102FF000C7EE267AC7ED067AD7ED067A27EEA77ACE
:10300000D7ED067A77EEA77AF0EE086A76EEE77AE1
:1030100067EE277AC7ED057AD7ED067AB1EE087A22
:1030200027EE877AD7ED067AF1EE086A67EEA66A90
:10303000D7ED067A66EEA77A37EE677ADFED246A77
:10304000C7EE267AC7ED047ABB6807EE903AB8EE71
:10305000E77AD7ED057A67EE277AFDEEE77A17EE85
:10306000903ABB62BB6807EE903AB8EEE77AD7EDCC
:10307000047A67EE277AFDEEE77A17EE903A7B62E4
:10308000FB6A102B03D100237B62BB68BB62FB6829
:103090001868BB6A7A6A6421FFF794F9034683F0E3
:1030A0000103DBB2002B01D000230DE0FB6A0133EA
:1030B000FB62FB6A102B94D9FB681B680021184641
:1030C000FFF7C7F9034600BF18463037BD4680BD3D
:1030D000CDCCCC3F80B483B000AF78607B681B79E7
:1030E00018460C37BD465DF8047B704780B483B04A
:1030F00000AF78607B681B6818460C37BD465DF8EA
:10310000047B704780B485B000AFF860B9607A6026
:10311000FB68BA681A60FB687A685A60FB681846F0
:103120001437BD465DF8047B70470000F0B5A7B0CA
:1031300012AF78623962FA6107F130031D22002173
:10314000184609F033F97B6A1B681846FFF7CEFF73
:10315000024607F1300319461046FFF76BFA4FF0AD
:103160000003FB627B6A1B681846FFF7BFFF02463D
:1031700007F12C0319461046FFF7CAF94FF0000378
:10318000BB627B6A1B681846FFF7B0FF024607F177
:10319000280319461046FFF701FA7B6A1B68184698
:1031A000FFF798FF03461846FFF7B6FB844697F8EB
:1031B0003030002B01D02F4900E02F4997F83630EE
:1031C000002B01D12D4800E02D48D7F83D40D7F81D
:1031D0003950D7F8416097F83130BB6197F83230F9
:1031E0007B6197F833303B6197F83430FB6097F898
:1031F0003530BB6097F8373003F0010E72467A60C5
:1032000097F837305B1003F0010E72463A6097F87A
:1032100037309B1003F0010297F83830D7ED0B7A66
:10322000B7EEE77AD7ED0A6AB7EEE66A8DED106B76
:103230008DED0E7B0D930C923A680B927A680A9290
:10324000BA680992FA6808923A6907927A6906920E
:10325000BB6905930496039502940190009163461F
:10326000084AF969386A08F04BFF00BF5437BD4679
:10327000F0BD00BF60DC007070DC007080DC0070AE
:103280008CDC00709CDC007080B584B000AFF8600E
:10329000B9607A60044A7968B86808F031FF00BF05
:1032A0001037BD4680BD00BF08DE007080B5A2B0FB
:1032B00006AFF860B9607A603B60BB68002B05D050
:1032C0007B68002B02D03B68002B01D1002349E32F
:1032D000BB68FB6602E0FB6E0133FB66FB6E1B788E
:1032E000202BF8D00422A449F86E09F067F80346B1
:1032F000002B0AD1FB6E0433FB6602E0FB6E013348
:10330000FB66FB6E1B78202BF8D0FB6E1B78002B26
:1033100006D09A49F86EFDF7A1F90346002B09D1B2
:103320003A687968F868FFF7AFFF7868FDF7A0F9A9
:10333000034617E39249F86EFDF790F90346002B18
:1033400009D13A687968F868FFF7F0FE7868FDF708
:103350008FF9034606E38B49F86EFDF77FF90346C4
:10336000002B18D1FB681B681846FFF7B1FB03461A
:1033700087F8543097F85430002B01D0824B00E08E
:10338000824B1A463968786808F0BAFE7868FDF70B
:103390006FF90346E6E27E49F86EFDF75FF90346F2
:1033A000002B18D1FB681B681846FFF7B6FB0346D5
:1033B00087F8553097F85530002B01D0754B00E059
:1033C000754B1A463968786808F09AFE7868FDF7F8
:1033D0004FF90346C6E203227049F86E08F0EEFF8B
:1033E0000346002B25D14FF448633B65FB6E033346
:1033F00007F150026A49184608F0B8FEFB681B68DE
:103400003A6D11461846FFF7A3FB034687F856307E
:1034100097F85630002B01D0624A00E0624A3B6DBB
:103420003968786808F06CFE7868FDF721F9034682
:1034300098E205225D49F86E08F0C0FF0346002BB4
:1034400035D10023FB644FF44863BB64FB6E581D09
:1034500007F1480307F14C02554908F087FEB865AB
:10346000BB6D002B19DDFB681B68F96CBA6C184644
:10347000FFF79EFB034687F8573097F85730002B2D
:1034800001D04C4A00E04C4AF96CBB6C00930B46EF
:103490003968786808F034FE04E0484A396878688A
:1034A00008F02EFE7868FDF7E3F803465AE207229B
:1034B0004349F86E08F082FF0346002B35D1002304
:1034C0007B644FF448633B64FB6ED81D07F14003F7
:1034D00007F14402364908F049FE38663B6E002B7E
:1034E00019DDFB681B68796C3A6C1846FFF791FB95
:1034F000034687F85F3097F85F30002B01D0314AE0
:1035000000E0314A796C3B6C00930B46396878686F
:1035100008F0F6FD04E02D4A3968786808F0F0FDFF
:103520007868FDF7A5F803461CE22949F86EFDF717
:1035300095F80346002B51D1FB681B681846FFF72E
:10354000D5FD03461A6824321268002118469047B8
:10355000034687F8643097F86430002B01D01D4B88
:1035600000E01D4B1A463968786808F0C9FD786894
:10357000FDF77EF80346F5E118E2007020E20070E6
:1035800028E2007030E2007034E2007058E200700F
:103590007CE2007080E20070A4E20070C8E200707B
:1035A000CCE20070D0E20070ECE200700CE300703E
:1035B00014E300701CE3007050E3007070E30070CF
:1035C000A0E30070A8E30070DCE30070FCE300708F
:1035D00030E4007038E4007060E40070AA49F86ECE
:1035E000FDF73CF80346002B18D1FB681B68184612
:1035F000FFF740FB034687F8653097F86530002BEE
:1036000001D0A24B00E0A24B1A463968786808F056
:1036100077FD7868FDF72CF80346A3E19D49F86E25
:10362000FDF71CF80346002B18D1FB681B681846F1
:10363000FFF741FB034687F8663097F86630002BAA
:1036400001D0954B00E0954B1A463968786808F030
:1036500057FD7868FDF70CF8034683E19049F86E52
:10366000FCF7FCFF0346002B18D1FB681B681846CB
:10367000FFF738FB034687F8673097F86730002B71
:1036800001D0884B00E0884B1A463968786808F00A
:1036900037FD7868FCF7ECFF034663E103228349BA
:1036A000F86E08F08BFE0346002B40F0A98007F16E
:1036B000300300221A605A609A60DA60FB6E0333AE
:1036C00007F130027A49184608F050FD07F130033F
:1036D00078491846FCF7C2FF0346002B50D1764BC1
:1036E000FB624FF07C53BB624FF081437B6207F17A
:1036F00030031846FCF7BCFF03460433FA6ED018BB
:1037000007F1280107F12C0207F1240300930B466F
:103710006A4908F02BFDFB685B68D7ED0B7AFDEE7C
:10372000E76AD7ED0A7A97ED097AF0EE470AB0EE2C
:10373000670A16EE901A1846FFF73EFB034687F815
:10374000683097F86830002B01D05D4B00E05D4B8E
:10375000D7ED0B7AB7EEE77AD7ED0A6AB7EEE66AED
:10376000D7ED095AB7EEE55A8DED045B8DED026B8E
:103770008DED007B1A463968786808F0C1FC3AE0A4
:1037800007F1300350491846FCF768FF0346002B49
:103790002CD14FF4C8533B624FF44863FB6107F1EF
:1037A00030031846FCF764FF03460433FA6ED01862
:1037B00007F11C0307F12002444908F0D7FCFB681D
:1037C0005B68396AFA691846FFF7D4FB034687F845
:1037D000693097F86930002B01D03D4A00E03D4A3E
:1037E0003B6A3968786808F08BFC04E03A4A39682B
:1037F000786808F085FC7868FCF73AFF0346B1E08A
:1038000007223649F86E08F0D9FD0346002B6DD12A
:103810001C23BB6132237B61FB6ED81D07F11403AF
:1038200007F118022E4908F0A1FCFB681B68184636
:10383000FFF75CFCBB69DBB27A69D2B21946FEF7CE
:10384000C8FC034687F86A3097F86A30002B01D02D
:10385000244A00E0244ABB6907EE903AB8EEE77AC2
:10386000F2EE046AC7EE267AB7EEE77A7B69029336
:103870008DED007B3968786808F042FC7868FCF7C9
:10388000F7FE03466EE000BF80E4007088E400703D
:10389000A0E40070B8E40070C0E40070E4E40070DC
:1038A00008E5007010E500702CE500704CE5007034
:1038B00050E5007054E50070000048455CE500707C
:1038C00068E50070B0E50070D4E50070DCE50070DC
:1038D000E4E5007014E6007034E6007064E6007001
:1038E0006CE6007074E60070A4E600700A221F49BE
:1038F000F86E08F063FD0346002B29D110233B61CD
:10390000FB6E0A3307F110021949184608F02EFC25
:10391000FB681B681846FFF7E9FB02463B69DBB210
:1039200019461046FEF7A9FC034687F86B3097F856
:103930006B30002B01D00F4A00E00F4A3B69396819
:10394000786808F0DDFB7868FCF792FE034609E032
:10395000FB6E0A4A3968786808F0D2FB7868FCF791
:1039600087FE034618467037BD4680BDC8E6007026
:10397000D4E60070D8E60070FCE6007024E7007022
:1039800080B584B000AFF860B9607A60FB681B68EE
:103990000C331B680122B968F8689847034618463B
:1039A0001037BD4680BD80B400AF00BFBD465DF896
:1039B000047B704780B586B000AF3B1D00221A60C3
:1039C0005A609A60DA6001F00FFD0023FB7506E093
:1039D000FB7D184601F026FDFB7D0133FB75FB7D69
:1039E0000F2BF5D901233B7100237B710023BB60B2
:1039F0001F233B7387237B730023BB730023FB735D
:103A000001233B7400237B740023BB740023FB74ED
:103A10003B1D184601F01CFD01237B714FF0E04374
:103A2000BB601A233B7300237B730123BB73032307
:103A3000FB7300233B7400237B740123BB740123BD
:103A4000FB743B1D184601F003FD02237B714FF010
:103A50004053BB600E233B7300237B730023BB7377
:103A60000323FB7301233B7400237B740023BB748B
:103A70000023FB743B1D184601F0EAFC042001F012
:103A800091FC00BF1837BD4680BD000080B588B0EE
:103A900000AF1B4BD3F84831194A43F48023C2F8D6
:103AA0004831174BD3F84831BB60BB68144BD3F88F
:103AB0004031134A43F00803C2F84031104BD3F8A9
:103AC00040317B607B6807F10C0300221A605A606A
:103AD0009A60DA601A614FF44073FB6002233B6125
:103AE00000237B610023BB610723FB6107F10C030B
:103AF0001946044802F0F6FC00BF2037BD4680BDE1
:103B000000440258000C025880B584B000AFFFF7A3
:103B100051FF434B5B6903F40033002B14BF0123B7
:103B20000023DBB2002B1BD1BFF34F8F00BFBFF3CD
:103B30006F8F00BF3A4B0022C3F85022BFF34F8F64
:103B400000BFBFF36F8F00BF354B5B69344A43F44E
:103B500000335361BFF34F8F00BFBFF36F8F00E09F
:103B600000BF2F4B5B6903F48033002B14BF01238C
:103B70000023DBB2002B42D1294B0022C3F8842062
:103B8000BFF34F8F00BF264BD3F88030FB60FB683C
:103B90005B0BC3F30E03BB60FB68DB08C3F30903D5
:103BA0007B60BB685A0143F6E07313407A68920762
:103BB0001B491343C1F860327B685A1E7A60002BA0
:103BC00014BF01230023DBB2002BEAD1BB685A1ECD
:103BD000BA60002B14BF01230023DBB2002BDBD122
:103BE000BFF34F8F00BF0E4B5B690D4A43F4803328
:103BF0005361BFF34F8F00BFBFF36F8F00E000BF73
:103C000001F053FAFFF7CFFE00F004FAFFF73EFF92
:103C1000044800F08BFC00BF1037BD4680BD00BFDC
:103C200000ED00E04802002480B400AF024B1846CB
:103C3000BD465DF8047B70474802002480B586B01D
:103C400000AF134BD3F84031114A43F00803C2F8D8
:103C500040310F4BD3F840313B603B683B1D0022A5
:103C60001A605A609A60DA601A614FF480637B6070
:103C70000123BB600023FB6000233B613B1D194611
:103C8000044802F02FFC044B18461837BD4680BD8F
:103C900000440258000C0258E002002480B400AF37
:103CA000024B1846BD465DF8047B7047380300247C
:103CB00080B483B000AF7860044A7B681A607B6888
:103CC00018460C37BD465DF8047B70477CEA0070EF
:103CD00080B582B000AF78607868FFF7E9FF042113
:103CE000786807F076FB7B6818460837BD4680BDCC
:103CF00080B582B000AF7860054A7B681A607B6847
:103D00001846FFF7D5FF7B6818460837BD4680BDCB
:103D1000D8EA007080B582B000AF78607868FFF7AD
:103D2000E7FF9821786807F054FB7B68184608374E
:103D3000BD4680BD80B483B000AF7860044A7B6824
:103D40001A607B6818460C37BD465DF8047B7047E7
:103D500098EA007080B582B000AF78607868FFF7AD
:103D6000E9FF0421786807F034FB7B6818460837C0
:103D7000BD4680BD80B582B000AF7860054A7B68E3
:103D80001A607B681846FFF7D5FF7B68184608372E
:103D9000BD4680BDB8EA007080B582B000AF7860E3
:103DA0007868FFF7E7FF0C21786807F012FB7B6863
:103DB00018460837BD4680BD80B500AF4FF4E132EC
:103DC0001D491E4800F076FB1D4A1E491B4807F09E
:103DD000FBFA4FF480621C491C4800F0F9FA184ABB
:103DE0001B491A4807F0F0FA80221A491A4800F0D5
:103DF000EFFA134A1649184807F0E6FA4FF4005252
:103E00001149164800F0E4FA0D4A1149134807F029
:103E1000DBFA134800F016FC094A1249104807F073
:103E2000D3FA1149114800F05BFD054A10490F48CB
:103E300007F0CAFA00BF80BD0048004048020024D5
:103E400000000024F13C0070000C0258E002002445
:103E5000753D007000040258EC020024F8020024B2
:103E6000040300248D46007000A0004038030024A5
:103E70002549007080B500AFFFF79EFF80BD80B47C
:103E800000AF00BFBD465DF8047B704780B5AEB0A3
:103E900000AF78607B681B682B4A93424FD107F1D3
:103EA000080390220021184608F080FA4FF40072AF
:103EB0004FF00003C7E902234FF400037B6307F1CF
:103EC0000803184603F096F8204BD3F84C311F4AEC
:103ED00043F48073C2F84C311C4BD3F84831C7F817
:103EE000A030D7F8A030194BD3F84031174A43F02F
:103EF0000803C2F84031154BD3F84031C7F89C3065
:103F0000D7F89C3007F1A40300221A605A609A6027
:103F1000DA601A610323C7F8A4300223C7F8A83077
:103F20000023C7F8AC300323C7F8B0300923C7F823
:103F3000B43007F1A4031946054802F0D3FA00BFD4
:103F4000B837BD4680BD00BF00A000400044025805
:103F5000000C025880B582B000AF78607B681B68A7
:103F6000094A93420BD1094BD3F84C31074A23F449
:103F70008073C2F84C310321054802F013FC00BFE6
:103F80000837BD4680BD00BF00A000400044025875
:103F9000000C02580D48854600F026F80C480D49E3
:103FA0000D4A002302E0D458C4500433C4188C4294
:103FB000F9D30A4A0A4C002301E013600432A242FA
:103FC000FBD308F069FAFDF7C9F8FEE7000001200D
:103FD00000000024700000247CEE007070000024BB
:103FE000940A0224FEE7000080B400AF074B084AA1
:103FF0009A60064BD3F88830044A43F47003C2F841
:10400000883000BFBD465DF8047B704700ED00E0DE
:104010000000007080B489B000AF924B1B6903F0C0
:104020003803182B00F2FB8001A252F823F000BFE6
:10403000954000701F4200701F4200701F420070C8
:104040001F4200701F4200701F4200701F4200702C
:10405000A94000701F4200701F4200701F42007094
:104060001F4200701F4200701F4200701F4200700C
:10407000AF4000701F4200701F4200701F4200706E
:104080001F4200701F4200701F4200701F420070EC
:10409000B5400070734B1B68DB0803F00303724AE2
:1040A00022FA03F3FB61C4E0704BFB61C1E0704B8B
:1040B000FB61BEE06B4B9B6A03F003033B61694B02
:1040C0009B6A1B0903F03F03FB60664BDB6A03F04E
:1040D0000103002B0BD0634B5B6BDB08C3F30C03BA
:1040E00007EE903AF8EE677AC7ED067A02E04FF0F5
:1040F0000003BB61FB68002B00F08E803B69012B45
:1041000024D03B69022B43D1FB6807EE903AF8EECE
:10411000677ADFED586A86EEA77A524B1B6BC3F3C2
:10412000080307EE903AF8EE676A97ED066ADFED4E
:10413000525AC6EE257A76EEA77AF7EE006A77EE47
:10414000A67A67EE277AC7ED057A4FE0FB6807EE9F
:10415000903AF8EE677ADFED496A86EEA77A414B2E
:104160001B6BC3F3080307EE903AF8EE676A97ED0E
:10417000066ADFED415AC6EE257A76EEA77AF7EEAB
:10418000006A77EEA67A67EE277AC7ED057A2DE00A
:10419000344B1B68DB0803F00303334A22FA03F3B2
:1041A000BB60BB6807EE903AF8EE676AFB6807EE03
:1041B000903AF8EE677A86EEA77A2A4B1B6BC3F328
:1041C000080307EE903AF8EE676A97ED066ADFEDAE
:1041D0002A5AC6EE257A76EEA77AF7EE006A77EECF
:1041E000A67A67EE277AC7ED057A00BF1D4B1B6BD9
:1041F0005B0A03F07F0301337B607B6807EE903A34
:10420000B8EE677AD7ED056AC6EE877AFCEEE77AF4
:1042100017EE903AFB610CE00023FB6109E0114BC3
:104220001B68DB0803F003030F4A22FA03F3FB6168
:1042300000BF0C4B9B6903F00F033B603B68072BEF
:1042400007D93B68073BFA6922FA03F30C4A13606B
:1042500002E00B4AFB69136000BF2437BD465DF8DE
:10426000047B7047004402580090D00300093D00D1
:1042700000366E01001BB74B000000460024744A54
:104280000400002480B500AF00F064FF05F064FF77
:104290000346012B14BF01230023DBB2002B01D006
:1042A00006F09EFE00BF80BD80B58AB000AF78608A
:1042B0007B681B687B627B685B683B627B689B6892
:1042C000FB617B68DB68BB617B681B697B617B682A
:1042D0005B693B617B689B69FB607B68DB69BB60FA
:1042E0001C4807F051FE1C4807F04EFEF9681B48B9
:1042F00007F0E2FD39691A4807F0DEFD3A6A796A8B
:10430000184807F0D9FDBA69F969174807F0D4FDD4
:10431000BA687969154807F0CFFD154B9B6A1946B5
:10432000144807F0C9FD124BDB6A1946124807F022
:10433000C3FD0F4B5B6B1946104807F0BDFD0C4BDE
:104340009B6B19460E4807F0B7FD0E4807F01CFEA0
:1043500000BFFDE75CE7007088E70070A4E700702D
:10436000B4E70070C4E70070E4E7007004E8007090
:1043700000ED00E024E800703CE8007054E80070B4
:104380006CE8007084E800701EF0040F0CBFEFF3BF
:104390000880EFF30980FFF787BF00BFFFF7F4FF46
:1043A00000BFFFF7F1FF00BFFFF7EEFF00BF000007
:1043B00080B483B000AF7860044A7B681A607B6881
:1043C00018460C37BD465DF8047B704798EA0070CC
:1043D00080B584B000AFF860B9601346FB80FB681D
:1043E0001846FFF7E5FF074AFB681A60FB68BA68E2
:1043F0005A60FB68FA881A81FB6818461037BD4678
:1044000080BD00BFB8EA007080B582B000AF7860B0
:104410007B6858687B681B890122194602F09EFA66
:1044200000BF0837BD4680BD80B582B000AF786060
:104430007B6858687B681B890022194602F08EFA57
:1044400000BF0837BD4680BD80B582B000AF786040
:104450007B685A687B681B891946104602F096FAF9
:1044600000BF0837BD4680BD80B582B000AF786020
:104470007B685A687B681B891946104602F056FA19
:104480000346012B0CBF01230023DBB2184608377B
:10449000BD4680BD80B483B000AF7860044A7B68BD
:1044A0001A607B6818460C37BD465DF8047B704780
:1044B0007CEA007080B584B000AFF860B9607A60C3
:1044C000FB681846FFF7E6FF174AFB681A60FB68AF
:1044D000043394220021184607F068FFFB68BA688D
:1044E0005A60FB687A689A60FB680022DA60FB68B1
:1044F00000221A61FB6800225A61FB680C229A6153
:10450000FB680022DA61FB6800221A62FB68002265
:104510005A62FB6800229A62FB680022DA62FB683A
:1045200018461037BD4680BDD8EA007080B582B00D
:1045300000AF78607B680433184603F04DFE0346F5
:10454000002B0CBF01230023DBB218460837BD4601
:1045500080BD80B584B000AFF860B9607A60FB6858
:10456000181D7B689AB24FF0FF33B96803F08EFED6
:104570000346002B0CBF01230023DBB21846103783
:10458000BD4680BD80B584B000AFF860B9607A6088
:10459000FB68181D7B689AB24FF0FF33B96803F0CF
:1045A0000EFF0346002B0CBF01230023DBB218468D
:1045B0001037BD4680BD80B584B000AFF860B960EB
:1045C0007A60FB68181D7B680122B96803F0F7FE6A
:1045D0000346002B0CBF01230023DBB21846103723
:1045E000BD4680BD80B483B000AF7860044A7B686C
:1045F0001A607B6818460C37BD465DF8047B70472F
:1046000010EB007080B483B000AF7860044A7B6820
:104610001A607B6818460C37BD465DF8047B70470E
:1046200010EB007080B582B000AF78607868FFF75B
:10463000E9FF0421786806F0CCFE7B68184608374D
:10464000BD4680BD80B582B000AF78607B681846FB
:10465000FFF7C8FF0C4A7B681A607B68043324228A
:104660000021184607F0A2FE7B68002283F828206C
:104670007B681922DA627B6800221A637B6818461D
:104680000837BD4680BD00BFF4EA007080B582B037
:1046900000AF7860074A7B681A60786800F0D9F844
:1046A0007B681846FFF7AEFF7B6818460837BD46A3
:1046B00080BD00BFF4EA007080B582B000AF7860C2
:1046C0007868FFF7E3FF3421786806F082FE7B68A4
:1046D00018460837BD4680BD80B586B000AF78600B
:1046E0007B6893F82830002B01D0012363E0344B22
:1046F000D3F85431324A43F08063C2F85431304B1E
:10470000D3F85431FB60FB687B680433242200211A
:10471000184607F04BFE7B682A4A5A607B680022E5
:104720009A607B680022DA607B6800221A617B68ED
:104730004FF470225A6102F0D1FA38613B69224A83
:10474000934205D93B69214AA2FB03239B0C00E05D
:1047500001237B617B697F2B01D97F237B617B6890
:104760007A699A617B680022DA617B6800221A62AA
:104770007B680433184600F0B1FE0346002B14BFDB
:1047800001230023DBB2002B01D0002313E07B6860
:104790000433184600F046FF0346002B14BF0123E4
:1047A0000023DBB2002B01D0002304E07B68012250
:1047B00083F82820012318461837BD4680BD00BF66
:1047C000004402580068005840420F0083DE1B433B
:1047D00080B584B000AF786039607B6893F828308A
:1047E00083F00103DBB2002B04D03B6819221A606E
:1047F00001232AE000F0C2FCF8607B681B6BFA68BA
:10480000D31AB3F5FA7F03D27B681B6B002B17D149
:104810000023BB607B68043307F108021146184689
:1048200000F084FF0346002B0CBF01230023DBB202
:10483000002B05D0BA687B68DA627B68FA681A6375
:104840007B68DA6A3B681A60012318461037BD4658
:1048500080BD80B582B000AF78607B6893F8283067
:10486000002B08D07B680433184600F028FF7B68D3
:10487000002283F8282000BF0837BD4680BD000015
:1048800080B483B000AF7860044A7B681A607B68AC
:1048900018460C37BD465DF8047B704754EB00703A
:1048A00080B483B000AF7860044A7B681A607B688C
:1048B00018460C37BD465DF8047B704754EB00701A
:1048C00080B582B000AF78607868FFF7E9FF042117
:1048D000786806F07EFD7B6818460837BD4680BDC7
:1048E00080B582B000AF786039607B681846FFF70A
:1048F000C7FF0B4A7B681A607B68002283F8682038
:104900007B68043364220021184607F04FFD7B6862
:104910003A685A607B6818460837BD4680BD00BFBC
:104920002CEB007080B582B000AF78600D4A7B68D8
:104930001A607B6893F86830002B09D07B680433D9
:10494000184601F0B3FA7B680433184601F0D8F931
:104950007B681846FFF7A4FF7B6818460837BD46FA
:1049600080BD00BF2CEB007080B582B000AF7860D6
:104970007868FFF7D7FF6C21786806F02AFD7B681E
:1049800018460837BD4680BD80B485B000AF78605A
:1049900039603B68BB600A23FB60BB68214A9342D5
:1049A0001CD0BB681F4A934227D8BB681E4A93425B
:1049B00017D0BB681C4A93421FD8BB681B4A93425E
:1049C00012D0BB68194A934217D8BB68184A934261
:1049D00010D0BB68174A934209D00EE00523FB6054
:1049E0000EE00623FB600BE00A23FB6008E01423C3
:1049F000FB6005E02823FB6002E00A23FB6000BFA8
:104A00007B68FA689A617B680422DA617B680F220E
:104A10001A627B6804225A6200BF1437BD465DF8F3
:104A2000047B704740420F0000350C0020A10700B6
:104A300048E8010090D0030080B584B002AF7860F0
:104A400039607B680022DA607B6800221A617B682B
:104A500001221A757B6800225A757B6800229A75BC
:104A600039687868FFF790FF7B6801229A627B685B
:104A70000122DA627B6801221A637B6801225A6391
:104A80007B6800229A637B680122DA637B680022DC
:104A90001A647B680433184600F0D8FF0346002BE5
:104AA00014BF01230023DBB2002B01D0002326E03A
:104AB0007B68181D0023009300230022002101F0D1
:104AC0009CF90346002B14BF01230023DBB2002B0B
:104AD00001D0002313E07B680433184601F0BEF9CF
:104AE0000346002B14BF01230023DBB2002B01D0AF
:104AF000002304E07B68012283F868200123184624
:104B00000837BD4680BD80B58EB000AFF860B96093
:104B10007A60FB6893F8683083F00103DBB2002B06
:104B200001D000235BE007F1100324220021184686
:104B300007F03CFCBB681B683B61BB681B79002B22
:104B400002D04FF0804300E000237B61BB685B79BB
:104B5000002B02D04FF0005300E00023BB61BB6884
:104B60009B79082B28BF0823DBB2FB6100233B6243
:104B700000237B620023BB620023FB6200233B63B4
:104B800000F0FCFA78630EE000F0F8FA02467B6B66
:104B9000D31A7A689A4294BF01230023DBB2002B18
:104BA00001D000231BE0FB680433184601F0AAFB88
:104BB0000346002B0CBF01230023DBB2002BE3D103
:104BC000FB68181DBB68DA1D07F11003194601F0D8
:104BD000DDF90346002B0CBF01230023DBB218468E
:104BE0003837BD4680BD80B590B000AFF860B96081
:104BF0007A60FB6893F8683083F00103DBB2002B26
:104C000001D000235FE000F0B9FAF86311E07B689F
:104C1000002B07D000F0B2FA0246FB6BD31A7A6879
:104C20009A4201D8012300E00023002B01D0002389
:104C300049E0FB6804334021184601F045FB034678
:104C4000002B0CBF01230023DBB2002BDFD107F1C7
:104C5000140328220021184607F0A8FBFB68181D42
:104C6000BB68073307F11402402101F0D3F9034672
:104C7000002B14BF01230023DBB2002B01D0002343
:104C800021E07A69BB681A60BB69B3F1804F0CBF41
:104C900001230023DAB2BB681A71FB69B3F1005F2C
:104CA0000CBF01230023DAB2BB685A713B6A082BA0
:104CB00002D83B6ADAB200E00822BB689A713A6B0C
:104CC000BB681A61012318464037BD4680BD80B5D8
:104CD00088B000AF786039607B6893F8683083F003
:104CE0000103DBB2002B01D0002331E007F1080300
:104CF00000221A605A609A60DA601A615A613B6851
:104D00001B7A002B02D04FF0804300E00023BB60F1
:104D10000023FB6002233B613B685B7A012B01D1DE
:104D2000022300E001237B613B681B68BB613B6899
:104D30005B68FB617B68043307F108021146184683
:104D400001F001F80346002B0CBF01230023DBB266
:104D500018462037BD4680BD80B58EB000AF786064
:104D60007B6893F8683083F00103DBB2002B01D03D
:104D700000231EE007F10C032C220021184607F047
:104D800015FB7B68043307F10C021146184601F04D
:104D90004BFA0346002B0CBF01230023DBB2002B90
:104DA00006D03B6A002B14BF01230023DBB200E0D6
:104DB000002318463837BD4680BD80B582B000AFAD
:104DC00078607B6893F86830002B09D07B680433E7
:104DD000184601F06BF87B680433184601F03EF882
:104DE00000BF0837BD4680BD80B500AF0C4B1B68C7
:104DF000002B12D00A4B1B68184600F014FD084B1C
:104E00001B681B68064A1268126803F58053D3F8C2
:104E1000603102F58052C2F8603100BF80BD00BF32
:104E2000A403002480B483B000AF786000BF0C37C7
:104E3000BD465DF8047B704780B483B000AF7860F6
:104E400000BF0C37BD465DF8047B704780B483B06B
:104E500000AF786000BF0C37BD465DF8047B70473B
:104E600080B483B000AF7860044A7B681A607B68C6
:104E700018460C37BD465DF8047B704798EB007010
:104E800080B483B000AF7860044A7B681A607B68A6
:104E900018460C37BD465DF8047B704798EB0070F0
:104EA00080B582B000AF78607868FFF7E9FF042131
:104EB000786806F08EFA7B6818460837BD4680BDD4
:104EC00080B584B000AFF860B9607A607B80FB6821
:104ED0001846FFF7C5FF0B4AFB681A60FB68BA6803
:104EE0005A60FB6800229A60FB687A68DA60FB68A7
:104EF0007A881A82FB68BA695A61FB6818461037CB
:104F0000BD4680BD7CEB007080B582B000AF78609C
:104F10000A4A7B681A607B689B68002B04D07B6818
:104F20009B68184604F032FA7B681846FFF7A8FF22
:104F30007B6818460837BD4680BD00BF7CEB00701B
:104F400080B582B000AF78607868FFF7DDFF182188
:104F5000786806F03EFA7B6818460837BD4680BD83
:104F600080B586B002AF78607B689B68002B01D06B
:104F7000002315E07B68D9687B68188A7B685B69C9
:104F80007A680832019200937B680246064804F072
:104F9000DAF8F860FB68012B0CBF01230023DBB2B9
:104FA00018461037BD4680BDF14F007080B582B005
:104FB00000AF78607B689B68002B04D07B689B689F
:104FC000184604F07BFA00BF0837BD4680BD80B5A7
:104FD00082B000AF78607B689B68002B04D07B6850
:104FE0009B68184604F016FB00BF0837BD4680BD1D
:104FF00080B584B000AF78607B68FB60FB685B685D
:105000001B6808331B68FA685268104698470020EE
:1050100004F0BCF900BF1037BD4680BD2DE9B04F8C
:1050200082B000AF7860796800200C4605462046C3
:1050300029464FF0000A4FF0000B4FEA411B4BEAA4
:10504000D06B4FEA401A50465946021B61EB0503EC
:105050004FF000004FF00001990041EA927190007A
:1050600002460B4612EB040843EB05094FF0000221
:105070004FF000034FEAC90343EA58734FEAC802EE
:1050800090469946404649464FF47A724FF00003E5
:10509000FBF7CAFA02460B461346184604F0EAF933
:1050A00000BF0837BD46BDE8B08F80B582B000AF05
:1050B0000023FB71032000F043F90F2000F00EF8ED
:1050C0000346002B02D00123FB7101E0FEF7D7FE5F
:1050D000FB7918460837BD4680BD000080B584B016
:1050E00000AF78600023FB73174B1B78002B23D095
:1050F000164B1A68144B1B7819464FF47A73B3FB9E
:10510000F1F3B2FBF3F3184600F03FF90346002B2E
:105110000FD17B680F2B09D8002279684FF0FF3040
:1051200000F019F90A4A7B68136007E00123FB735A
:1051300004E00123FB7301E00123FB73FB7B1846B2
:105140001037BD4680BD00BF0C00002404000024C1
:105150000800002480B400AF064B1B781A46064BAB
:105160001B681344044A136000BFBD465DF8047B0E
:10517000704700BF0C000024A803002480B400AFD7
:10518000034B1B681846BD465DF8047B704700BFA3
:10519000A803002480B584B000AF7860FFF7EEFF6D
:1051A000B8607B68FB60FB68B3F1FF3F05D00A4B3A
:1051B0001B781A46FB681344FB6000BFFFF7DEFF55
:1051C0000246BB68D31AFA689A42F7D800BF00BFFC
:1051D0001037BD4680BD00BF0C00002480B485B0F0
:1051E00000AF78607B6803F00703FB600B4BDB6864
:1051F000BB60BA684FF6FF031340BB60FB681A023E
:10520000BB681A43064B1343BB60044ABB68D360B8
:1052100000BF1437BD465DF8047B704700ED00E029
:105220000000FA0580B400AF044BDB681B0A03F0F2
:1052300007031846BD465DF8047B704700ED00E0AB
:1052400080B483B000AF03463960FB80B7F9063005
:10525000002B0ADB3B68DAB20C49B7F906301201C1
:10526000D2B20B4483F800230AE03B68DAB2084963
:10527000FB8803F00F03043B1201D2B20B441A76F1
:1052800000BF0C37BD465DF8047B704700E100E0CD
:1052900000ED00E080B489B000AFF860B9607A60DA
:1052A000FB6803F00703FB61FB69C3F10703042BF1
:1052B00028BF0423BB61FB690433062B02D9FB69B9
:1052C000033B00E000237B614FF0FF32BB6902FA31
:1052D00003F3DA43BB681A407B699A404FF0FF3111
:1052E0007B6901FA03F3D9437B680B4013431846EB
:1052F0002437BD465DF8047B7047000080B582B05E
:1053000000AF78607B68013BB3F1807F01D301235C
:105310000FE00A4A7B68013B53600F214FF0FF30DA
:10532000FFF78EFF054B00229A60044B07221A609C
:10533000002318460837BD4680BD00BF10E000E0DE
:1053400080B582B000AF78607868FFF747FF00BF94
:105350000837BD4680BD80B586B000AF0346B96052
:105360007A60FB81FFF75EFF78617A68B9687869D7
:10537000FFF790FF0246B7F90E3011461846FFF7C7
:105380005FFF00BF1837BD4680BD80B582B000AF5B
:1053900078607868FFF7B2FF034618460837BD46C5
:1053A00080BD000080B483B000AF7860BFF35F8F32
:1053B00000BF0B4A7B6843F001035360094B5B6AF3
:1053C000084A43F480335362BFF34F8F00BFBFF3EB
:1053D0006F8F00BF00BF0C37BD465DF8047B704780
:1053E00090ED00E000ED00E080B400AFBFF35F8F10
:1053F00000BF0A4B5B6A094A23F480335362084BAF
:1054000000225A60BFF34F8F00BFBFF36F8F00BF02
:1054100000BFBD465DF8047B704700BF00ED00E0B3
:1054200090ED00E080B483B000AF7860074A7B68FD
:105430009360064B1B69054A23F00103136100BF0B
:105440000C37BD465DF8047B704700BF90ED00E06F
:1054500080B483B000AF78607B685A781E4B9A6046
:105460001D4B1B691C4A23F0010313611A4B1B6976
:10547000194A23F001031361174A7B685B68D36004
:105480007B681B7B1A077B68DB7A1B061A437B68E9
:105490009B7ADB041A437B685B7B9B041A437B6823
:1054A0009B7B5B041A437B68DB7B1B041A437B6892
:1054B0005B7A1B021A437B681B7A5B0013437A6892
:1054C00012781146044A0B43136100BF0C37BD46E6
:1054D0005DF8047B704700BF90ED00E080B582B0BE
:1054E00000AF78607B68002B01D1012389E07B68E5
:1054F00093F82130DBB2002B02D1786800F088F8F5
:105500007B68022283F821207B681B681B69002BC3
:1055100001D1012375E07B681B689B68002B01D1DA
:1055200001236EE07B685B68002B08D17B681B68F9
:105530001A687B681B6822F400121A600EE07B6810
:105540009B68B3F5801F01D001235AE07B681B687C
:105550001A687B681B6842F400121A607B689B68BB
:10556000B3F5801F08D17B681B681A687B681B68CD
:1055700042F480121A6007E07B681B681A687B6837
:105580001B6822F480121A607B681B681B6823F07A
:10559000FE417B685B691A067B681B680A431A60D8
:1055A0007B681B681B6823F470217B681A697B6821
:1055B0001B680A431A607B681B681B6823F47061D0
:1055C0007B68DA687B681B680A431A607B681B6823
:1055D0005B6999B27B689B691A047B681B680A4304
:1055E0005A617B681B685A69084B13407A68D16915
:1055F0007A6812680B4353617B68012283F821208B
:10560000002318460837BD4680BD00BF0000FFFFDD
:1056100080B483B000AF786000BF0C37BD465DF842
:10562000047B704780B584B000AF78607B68002B46
:1056300001D101233FE07B6893F82130DBB2012BDD
:1056400038D17B68022283F821207B681B681A68A6
:105650007B681B6842F001021A60FFF78FFDF8605B
:1056600008E0FFF78BFD0246FB68D31A012B01D936
:10567000032320E07B681B681B6A03F40043B3F537
:10568000004FEED17B681B681B6803F47063002B2E
:105690000AD17B681B681A687B681B6842F010029D
:1056A0001A600520FFF776FD7B68012283F8212030
:1056B000002300E0022318461037BD4680BD80B4A9
:1056C00083B000AF78607B68002B01D1012327E015
:1056D0007B6893F82130DBB2012B20D17B6802225A
:1056E00083F821207B681B681B6803F47063002B20
:1056F00007D17B681B681A687B681B6822F0100260
:105700001A607B681B681A687B681B6822F00102BC
:105710001A607B68012283F82120002300E0022325
:1057200018460C37BD465DF8047B704780B588B0DD
:1057300000AF786039607B6893F82130DBB2012BD1
:105740006CD17B68022283F821207B681B68DB69AF
:105750009BB27B617B681B69002B02D07B69002BAD
:1057600005D17B68012283F82120012357E07B6863
:105770009B68B3F5801F08D17B69DA037B681B69DE
:105780001B0CB2FBF3F3FB610BE001F0A7FA02463E
:105790007B681B691B0C03FB02F27B69B2FBF3F312
:1057A000FB617B681B689B681B0CBB61BB69002BA2
:1057B00002D11E23BB610BE0BB69012B02D1822306
:1057C000BB6105E07B68012283F82120012326E0EC
:1057D0007B681B689B689BB2642202FB03F33B61FE
:1057E0007B681B681B699BB2FB60FB68002B05D1C3
:1057F0007B68012283F82120012310E0FA693B69CC
:10580000D21AFB6892FBF3F2BB691A443B681A6038
:105810007B68012283F82120002300E00223184640
:105820002037BD4680BD80B586B000AF78607B680C
:105830001B68D3F8B0307B617B681B6803F580532D
:10584000D3F860313B617B681B6803F58053D3F864
:105850003431FB604FF0B043D3F89830BB603B6904
:1058600003F04003002B10D0FB6803F04003002B33
:105870000BD07B681B6803F580531A4648F240033F
:10588000C2F860317868FFF7D7FA3B6903F001038B
:10589000002B10D0FB6803F00103002B0BD07B68BA
:1058A0001B6803F580531A4648F20103C2F86031C1
:1058B0007868FFF7B7FA3B6903F48043002B47D0C1
:1058C000FB6803F48043002B42D07B68D3F8883018
:1058D00043F008027B68C3F888203B6903F48053D7
:1058E000002B1ED07B681B6803F58053D3F8602122
:1058F00041F2021313407A68C2F88C307B681B684F
:1059000003F58053D3F834317A68126823F44043A6
:1059100002F58052C2F834317B68E022C3F884205B
:1059200013E07B681B6803F58053D3F8603103F400
:10593000CD427B68C3F88C207B681B6803F58053DD
:105940001A464FF4CD43C2F860317868FFF77EFA0B
:105950007B6903F48043002B04D17B6903F400537B
:10596000002B19D07B68D3F8883043F010027B6895
:10597000C3F888207B681B68D3F8B8207B68C3F81D
:1059800090207B68E022C3F884207868FFF75EFAF5
:105990007B680022C3F890207B6903F01003002B82
:1059A0000FD07B681B68D3F8C03003F060027B68BF
:1059B000C3F89420786800F02BF87B680022C3F8C5
:1059C00094207B6903F02003002B0FD07B681B68B9
:1059D000D3F8D03003F00F027B68C3F898207868C2
:1059E00000F020F87B680022C3F89820BB6803F41D
:1059F0008043002B08D04FF0B0434FF48042C3F8EF
:105A00009820786800F018F800BF1837BD4680BDB0
:105A100080B483B000AF786000BF0C37BD465DF83E
:105A2000047B704780B483B000AF786000BF0C3750
:105A3000BD465DF8047B704780B483B000AF7860EA
:105A400000BF0C37BD465DF8047B704780B584B05D
:105A500000AF78607B68002B01D1012347E17B68B0
:105A600093F85C30DBB2002B06D17B68002283F810
:105A70005D207868FEF70AFA7B681B689A697B6884
:105A80001B6822F010029A61FFF778FBF86012E0C1
:105A9000FFF774FB0246FB68D31A0A2B0BD97B680D
:105AA0001B6E43F001027B681A667B68032283F851
:105AB0005C2001231BE17B681B689B6903F00803E2
:105AC000082BE5D07B681B689A697B681B6842F0ED
:105AD00001029A61FFF752FBF86012E0FFF74EFBFC
:105AE0000246FB68D31A0A2B0BD97B681B6E43F066
:105AF00001027B681A667B68032283F85C2001231D
:105B0000F5E07B681B689B6903F00103002BE5D07F
:105B10007B681B689A697B681B6842F002029A6185
:105B20007B681B68744A934203D1744A7B685B6844
:105B300013607B681B7C012B08D17B681B689A690A
:105B40007B681B6822F040029A6107E07B681B6853
:105B50009A697B681B6842F040029A617B685B7CB3
:105B6000012B08D17B681B689A697B681B6842F42B
:105B700080429A6107E07B681B689A697B681B68B2
:105B800022F480429A617B689B7C012B08D17B6860
:105B90001B689A697B681B6822F480529A6107E04F
:105BA0007B681B689A697B681B6842F480529A6123
:105BB0007B681B689B6923F440717B689A687B68EB
:105BC0001B680A439A617B681B689A697B681B683B
:105BD00022F0A4029A617B681B681A697B681B68C3
:105BE00022F010021A617B68DB68012B08D17B6808
:105BF0001B689A697B681B6842F004029A612CE07A
:105C00007B68DB68002B28D07B68DB68022B1CD00C
:105C10007B681B689A697B681B6842F080029A6106
:105C20007B681B681A697B681B6842F010021A6166
:105C30007B68DB68032B10D17B681B689A697B68E3
:105C40001B6842F020029A6107E07B681B689A6932
:105C50007B681B6842F020029A617B689B69013B6C
:105C60005A067B68DB69013B1B021A437B681B6A8F
:105C7000013B42EA03017B685B69013B1A047B68D4
:105C80001B680A43DA617B689B68B3F5407F15D1D6
:105C90007B689B6A5A1E7B68DB6A013B1B021A43C6
:105CA0007B681B6B013B1B0142EA03017B685B6A5B
:105CB000013B1A047B681B680A43DA607B681B6837
:105CC000D3F8C0107B68DA6B7B681B680A43C3F8A3
:105CD000C020786800F028FB7B6800229A657B680A
:105CE00000221A667B68012283F85C200023184694
:105CF0001037BD4680BD00BF00A0004000A100409D
:105D000080B582B000AF78607B68002B01D10123A1
:105D100015E0786800F0CAF87B681B68DA6D7B686C
:105D20001B6822F00302DA657868FEF713F97B68D6
:105D300000221A667B68002283F85C200023184644
:105D40000837BD4680BD80B487B000AF7860396049
:105D50007B6893F85C30FB75FB7D012B02D0FB7DEB
:105D6000022B3DD13B681B68002B19D13B689B6817
:105D70009A073B68DB68DB061A433B681B691B0418
:105D80001A433B685B6913433B617B681A6C3B6851
:105D90005B689B001344BB60BB683A691A601DE0F6
:105DA0003B68DB685A073B681B6913433B613B68F0
:105DB0009B689A073B685B691343FB607B685A6C7E
:105DC0003B685B68DB001344BB60BB683A691A60E0
:105DD000BB680433BB60BB68FA681A60002306E046
:105DE0007B681B6E43F002027B681A66012318462B
:105DF0001C37BD465DF8047B704780B485B000AFAA
:105E0000F860B9607A603B60FB6893F85C30DBB2A5
:105E1000012B16D1FB681B68D3F8803023F03F01BB
:105E2000BB681A017B689B001A433B685B001A43FE
:105E3000BB691A43FB681B680A43C3F88020002330
:105E400006E0FB681B6E43F00402FB681A66012340
:105E500018461437BD465DF8047B704780B483B0A4
:105E600000AF78607B6893F85C30DBB2012B10D117
:105E70007B68022283F85C207B681B689A697B68D8
:105E80001B6822F001029A617B6800221A660023D7
:105E900006E07B681B6E43F004027B681A660123F0
:105EA00018460C37BD465DF8047B704780B485B05A
:105EB00000AF78600023FB607B6893F85C30DBB256
:105EC000022B56D17B681B689A697B681B6842F07D
:105ED00001029A6111E0FB680A2B0BD97B681B6EEB
:105EE00043F001027B681A667B68032283F85C201A
:105EF000012345E0FB680133FB607B681B689B69FD
:105F000003F00103002BE6D00023FB607B681B68D5
:105F10009A697B681B6822F010029A6111E0FB68A5
:105F20000A2B0BD97B681B6E43F001027B681A6653
:105F30007B68032283F85C20012321E0FB680133A6
:105F4000FB607B681B689B6903F00803082BE6D0A5
:105F50007B681B689A697B681B6842F002029A6141
:105F60007B6800229A657B68012283F85C2000230D
:105F700006E07B681B6E43F008027B681A6601230B
:105F800018461437BD465DF8047B704780B586B06F
:105F900000AFF860B9607A60FB6893F85C30DBB200
:105FA000022B2CD1FB681B68D3F8C43003F4001318
:105FB000002B07D0FB681B6E43F40072FB681A6667
:105FC000012323E0FB681B68D3F8C4301B0C03F0EB
:105FD00003037B617B697A68B968F86800F006FAA8
:105FE000FB681B6801217A6901FA02F2C3F8CC2030
:105FF00001227B699A40FB689A65002306E0FB68F2
:106000001B6E43F00802FB681A6601231846183716
:10601000BD4680BD80B48BB000AFF860B9607A60D7
:106020003B600023FB61FB6893F85C30FB76FB7EF2
:10603000022B40F0EA80BB68402B38D1FB681B681C
:10604000D3F8903003F00F03002B07D1FB681B6ED1
:1060500043F48072FB681A660123DDE0FB681B686D
:10606000D3F890301B0A03F00303FB61FB681B6845
:10607000D3F8903003F08073B3F1807F0DD1FB68CB
:106080001B68D3F8803003F40073B3F5007F04D1AC
:10609000FB69013303F00303FB61FB68996CFA6948
:1060A0001346DB001344DB000B447B6237E0FB68E4
:1060B0001B68D3F8983003F00F03002B07D1FB685F
:1060C0001B6E43F48072FB681A660123A4E0FB6830
:1060D0001B68D3F898301B0A03F00303FB61FB68CD
:1060E0001B68D3F8983003F08073B3F1807F0DD133
:1060F000FB681B68D3F8803003F48073B3F5807FAE
:1061000004D1FB69013303F00303FB61FB68D96C25
:10611000FA691346DB001344DB000B447B627B6AA5
:106120001B6803F080427B685A607B685B68002BC9
:1061300007D17B6A1B689B0CC3F30A027B681A6059
:1061400005E07B6A1B6823F060427B681A607B6A0B
:106150001B6803F000527B689A607B6A1B6803F03F
:1061600000427B681A617B6A04337B627B6A1B682E
:106170009AB27B68DA617B6A1B681B0C03F00F0222
:106180007B68DA607B6A1B6803F480127B685A6163
:106190007B6A1B6803F400127B689A617B6A1B6848
:1061A0001B0E03F07F027B681A627B6A1B68DA0FA2
:1061B0007B685A627B6A04337B627B6A7B61002363
:1061C0003B620AE07A693B6A1A4439683B6A0B44CD
:1061D00012781A703B6A01333B627B68DB68114AB4
:1061E000D35C1A463B6A9342ECD3BB68402B05D183
:1061F000FB681B68FA69C3F8942004E0FB681B681D
:10620000FA69C3F89C20002306E0FB681B6E43F08C
:106210000802FB681A66012318462C37BD465DF854
:10622000047B7047ACEB007080B485B000AF786041
:1062300039607B681B685B6CFB60FB6803F00702DE
:106240003B681A60FB681B0A03F007023B685A6050
:10625000FB6803F018023B689A60FB685B0903F077
:1062600001023B68DA60FB689B0903F001023B68AE
:106270001A61FB68DB0903F001023B685A61FB68A5
:10628000DB0A03F001023B689A61FB681B0B03F019
:1062900001023B68DA61FB685B0B03F001023B68BB
:1062A0001A62FB689B0B03F001023B685A62FB68B1
:1062B0001B0C03F07F023B689A62002318461437D8
:1062C000BD465DF8047B704780B485B000AF786050
:1062D00039603B68402B07D17B681B68D3F890304E
:1062E00003F00F03FB6006E07B681B68D3F898306F
:1062F00003F00F03FB60FB6818461437BD465DF8DA
:10630000047B704780B485B000AF78607B681B6801
:10631000D3F8C43003F00703FB60FB68184614375A
:10632000BD465DF8047B704780B485B000AF7860EF
:106330002C4BBB607B681B682B4A934203D1BB6824
:1063400003F55473BB607B68BA681A647B681B688A
:10635000D3F8803023F4F8117B685B6B1A047B68F8
:106360001B680A43C3F88020BB6803F170027B6896
:106370005A647B681B68D3F8803023F070617B68B7
:106380009B6B1A067B681B680A43C3F88020BB68B6
:1063900003F1B0027B689A64BB6803F5C4727B6842
:1063A000DA64BB6803F518727B681A65BB6803F58D
:1063B0001E727B685A65BB68FB6005E0FB680022C3
:1063C0001A60FB680433FB60BB6803F55473FA681A
:1063D0009A42F3D300BF00BF1437BD465DF8047B7B
:1063E000704700BF00AC004000A4004080B489B0FA
:1063F00000AFF860B9607A603B60BB685B68002BF7
:106400000AD1BB681A69BB689B681A43BB681B68E2
:106410009B041343FB610AE0BB681A69BB689B6875
:106420001A43BB681B68134343F08043FB61BB689E
:106430001B6A1A06BB68DB691A43BB689B691A436F
:10644000BB685B691A43BB68DB681B0413433B6191
:10645000FB68596D3A681346DB001344DB000B44BC
:10646000BB61BB69FA691A60BB690433BB61BB6974
:106470003A691A60BB690433BB6100237B6120E089
:106480007B6903337A6813441B781A067B690233ED
:1064900079680B441B781B041A437B6901337968C4
:1064A0000B441B781B02134379687A690A441278FB
:1064B0001A43BB691A60BB690433BB617B6904334F
:1064C0007B61BB68DB68064AD35C1A467B699342F2
:1064D000D6D300BF00BF2437BD465DF8047B7047AC
:1064E000ACEB007080B487B000AF786039600023F7
:1064F0007B6143E13B681A6801217B6901FA03F380
:106500001340FB60FB68002B00F035813B685B6843
:1065100003F00303012B05D03B685B6803F0030322
:10652000022B30D17B689B683B617B695B00032257
:1065300002FA03F3DB433A6913403B613B68DA68D4
:106540007B695B0002FA03F33A6913433B617B68A2
:106550003A699A607B685B683B6101227B6902FA59
:1065600003F3DB433A6913403B613B685B681B09FB
:1065700003F001027B6902FA03F33A6913433B61BA
:106580007B683A695A603B685B6803F00303032B3E
:1065900009D13B685B6803F00303032B1BD13B6805
:1065A0009B68012B17D07B68DB683B617B695B00D4
:1065B000032202FA03F3DB433A6913403B613B6871
:1065C0009A687B695B0002FA03F33A6913433B6103
:1065D0007B683A69DA603B685B6803F00303022B6F
:1065E00023D17B69DA087B68083253F822303B619B
:1065F0007B6903F007039B000F2202FA03F3DB43DE
:106600003A6913403B613B681A697B6903F00703F1
:106610009B0002FA03F33A6913433B617B69DA0892
:106620007B680832396943F822107B681B683B613C
:106630007B695B00032202FA03F3DB433A691340F0
:106640003B613B685B6803F003027B695B0002FA15
:1066500003F33A6913433B617B683A691A603B680C
:106660005B6803F44033002B00F085804B4A7B6964
:106670009B084C3352F823303B617B6903F00303E2
:106680009B000F2202FA03F3DB433A6913403B619C
:106690007B689A0A424B13407A6902F00302920027
:1066A00093403A6913433B613C497B699B084C33F7
:1066B0003A6941F823204FF0B0431B683B61FB6807
:1066C000DB433A6913403B613B685B6803F480132A
:1066D000002B03D03A69FB6813433B614FF0B04293
:1066E0003B6913604FF0B0435B683B61FB68DB4381
:1066F0003A6913403B613B685B6803F40013002B6D
:1067000003D03A69FB6813433B614FF0B0423B69E9
:1067100053604FF0B043D3F884303B61FB68DB43F8
:106720003A6913403B613B685B6803F40033002B1C
:1067300003D03A69FB6813433B614FF0B0423B69B9
:10674000C2F884304FF0B043D3F880303B61FB682F
:10675000DB433A6913403B613B685B6803F4803379
:10676000002B03D03A69FB6813433B614FF0B04202
:106770003B69C2F880307B6901337B613B681A68F2
:106780007B6922FA03F3002B7FF4B4AE00BF00BF95
:106790001C37BD465DF8047B704700BF00040058FD
:1067A0007FFF290080B487B000AF78603960002394
:1067B0007B61A8E001227B6902FA03F33A68134087
:1067C0003B613B69002B00F09B80564A7B699B082C
:1067D0004C3352F82330FB607B6903F003039B00CA
:1067E0000F2202FA03F3FA681340FB607B689A0AEF
:1067F0004D4B13407A6902F0030292009340FA680D
:106800009A423ED14FF0B043D3F880203B69DB433E
:106810004FF0B0411340C1F880304FF0B043D3F88F
:1068200084203B69DB434FF0B0411340C1F8843012
:106830004FF0B0435A683B69DB434FF0B04113401F
:106840004B604FF0B0431A683B69DB434FF0B041F7
:1068500013400B607B6903F003039B000F2202FAD5
:1068600003F3FB602F4A7B699B084C3352F82310DB
:10687000FB68DA432B487B699B080A404C3340F89D
:1068800023207B681A687B695B00032101FA03F30C
:106890001A437B681A607B69DA087B68083253F810
:1068A00022107B6903F007039B000F2202FA03F317
:1068B000DB437A69D20819407B68083243F822101A
:1068C0007B689A687B695B00032101FA03F3DB4371
:1068D0001A407B689A607B685A6801217B6901FADB
:1068E00003F3DB431A407B685A607B68DA687B6994
:1068F0005B00032101FA03F3DB431A407B68DA6093
:106900007B6901337B613A687B6922FA03F3002BD0
:106910007FF450AF00BF00BF1C37BD465DF8047B5D
:10692000704700BF000400587FFF290080B485B085
:1069300000AF78600B467B807B681A697B881340C8
:10694000002B02D00123FB7301E00023FB73FB7BD0
:1069500018461437BD465DF8047B704780B483B099
:1069600000AF78600B467B8013467B707B78002BF2
:1069700003D07A887B689A6102E07A887B689A62A1
:1069800000BF0C37BD465DF8047B704780B485B00E
:1069900000AF78600B467B807B685B69FB607A8820
:1069A000FB6813401A04FB68D9437B880B401A43E9
:1069B0007B689A6100BF1437BD465DF8047B704761
:1069C00080B48BB000AFAA4B1B6903F03803182BBF
:1069D00000F2368101A252F823F000BF416A007034
:1069E000416C0070416C0070416C0070416C007033
:1069F000416C0070416C0070416C0070676A0070FF
:106A0000416C0070416C0070416C0070416C007012
:106A1000416C0070416C0070416C00706D6A0070D8
:106A2000416C0070416C0070416C0070416C0070F2
:106A3000416C0070416C0070416C0070736A0070B2
:106A40008B4B1B6803F02003002B09D0884B1B687D
:106A5000DB0803F00303874A22FA03F33B62F2E008
:106A600000233B62EFE0844B3B62ECE0834B3B62F4
:106A7000E9E07F4B9B6A03F00303FB617C4B9B6A5D
:106A80001B0903F03F03BB61794BDB6A03F0010391
:106A90007B61774B5B6BDB08C3F30C037A6902FB0A
:106AA00003F307EE903AF8EE677AC7ED047ABB6914
:106AB000002B00F0C280FB69022B64D0FB69022B23
:106AC00000F28380FB69002B03D0FB69012B38D0D7
:106AD0007BE0674B1B6803F02003002B2DD0644B39
:106AE0001B68DB0803F00303624A22FA03F3FB602E
:106AF000FB6807EE903AF8EE676ABB6907EE903ADA
:106B0000F8EE677A86EEA77A594B1B6BC3F308033E
:106B100007EE903AF8EE676A97ED046ADFED585A8F
:106B2000C6EE257A76EEA77AF7EE006A77EEA67AB9
:106B300067EE277AC7ED097A69E04FF000037B62C0
:106B400065E0BB6907EE903AF8EE677ADFED4D6AD3
:106B500086EEA77A464B1B6BC3F3080307EE903A09
:106B6000F8EE676A97ED046ADFED455AC6EE257ABE
:106B700076EEA77AF7EE006A77EEA67A67EE277AC6
:106B8000C7ED097A43E0BB6907EE903AF8EE677A01
:106B9000DFED3D6A86EEA77A354B1B6BC3F3080326
:106BA00007EE903AF8EE676A97ED046ADFED345A23
:106BB000C6EE257A76EEA77AF7EE006A77EEA67A29
:106BC00067EE277AC7ED097A21E0BB6907EE903AB4
:106BD000F8EE677ADFED2B6A86EEA77A244B1B6B03
:106BE000C3F3080307EE903AF8EE676A97ED046A7C
:106BF000DFED235AC6EE257A76EEA77AF7EE006A25
:106C000077EEA67A67EE277AC7ED097A00BF184BB0
:106C10001B6B5B0A03F07F030133BB60BB6807EEAD
:106C2000903AB8EE677AD7ED096AC6EE877AFCEE3D
:106C3000E77A17EE903A3B6205E000233B6202E000
:106C40000D4B3B6200BF0A4B9B6903F00F037B6057
:106C50007B68072B05D97B68073B3A6A22FA03F366
:106C60003B623B6A18462C37BD465DF8047B704793
:106C7000004402580090D00300093D0000366E0128
:106C8000000000460024744A001BB74B80B584B056
:106C900000AF104A3B4692E8030083E80300FFF789
:106CA0008FFEF8600C4BDB6903F00F03BB60BB6821
:106CB000072B09D9BB68083B10333B4413F8103C41
:106CC0001A46FB68D340FB60FB6818461037BD4688
:106CD00080BD00BFE0E800700044025880B582B07B
:106CE00000AFFFF7D3FF7860094B1B6A03F007037F
:106CF0003B603B68032B05D93B68033B7A6822FA6B
:106D000003F37B607B6818460837BD4680BD00BF33
:106D10000044025880B582B000AFFFF7B7FF78603B
:106D2000094B1B6A1B0903F007033B603B68032BFD
:106D300005D93B68033B7A6822FA03F37B607B68E2
:106D400018460837BD4680BD0044025880B582B061
:106D500000AFFFF79BFF7860094B1B6A1B0A03F02B
:106D600007033B603B68032B05D93B68033B7A680C
:106D700022FA03F37B607B6818460837BD4680BD66
:106D80000044025880B582B000AF084B9B6B1B0CCF
:106D900003F07F0301337B6000F020F802467B683C
:106DA000B2FBF3F318460837BD4680BD00440258D5
:106DB00080B582B000AF084B1B6C1B0C03F07F0347
:106DC00001337B6000F090F802467B68B2FBF3F37E
:106DD00018460837BD4680BD0044025880B489B0CB
:106DE00000AF3C4B9B6A7B613A4B9B6B3B617B6981
:106DF0001B0B03F03F03FB603B69C3F30803013344
:106E0000BB60FB68002B01D100235CE0314BDB6AE7
:106E100003F40063002B06D02E4BDB6BDB08C3F3BF
:106E20000C03BB6101E00023BB617B6903F003033A
:106E3000022B19D0022B1DD8002B02D0012B16D00B
:106E400018E0244B1B6803F02003002B09D0214BD2
:106E50001B68DB0803F003031F4A22FA03F3FB61FC
:106E60000BE00023FB6108E01C4BFB6105E01C4BC1
:106E7000FB6102E00023FB6100BFFB6907EE903A73
:106E8000F8EE676AFB6807EE903AF8EE677A86EEEE
:106E9000A77ABB6807EE903AF8EE676ABB6907EE1F
:106EA000903AB8EE676ADFED0F5AC6EE257A76EEB5
:106EB000A77A67EE277AC7ED017AD7ED017AFCEE63
:106EC000E77A17EE903A18462437BD465DF8047B02
:106ED000704700BF004402580090D00300366E0196
:106EE00000093D000000004680B489B000AF3C4B73
:106EF0009B6A7B613A4B1B6C3B617B691B0D03F00A
:106F00003F03FB603B69C3F308030133BB60FB68CD
:106F1000002B01D100235CE0314BDB6A03F48003DA
:106F2000002B06D02E4B5B6CDB08C3F30C03BB615C
:106F300001E00023BB617B6903F00303022B19D03E
:106F4000022B1DD8002B02D0012B16D018E0244BA9
:106F50001B6803F02003002B09D0214B1B68DB08C2
:106F600003F003031F4A22FA03F3FB610BE0002343
:106F7000FB6108E01C4BFB6105E01C4BFB6102E080
:106F80000023FB6100BFFB6907EE903AF8EE676AE9
:106F9000FB6807EE903AF8EE677A86EEA77ABB6850
:106FA00007EE903AF8EE676ABB6907EE903AB8EEE2
:106FB000676ADFED0F5AC6EE257A76EEA77A67EE9E
:106FC000277AC7ED017AD7ED017AFCEEE77A17EE62
:106FD000903A18462437BD465DF8047B704700BFE1
:106FE000004402580090D00300366E0100093D00B5
:106FF000000000462DE9B04FC2B000AFC7F8F40062
:10700000002387F80731002387F80631D7F8F430DA
:10701000D3E9002302F48024002554EA050300F09C
:107020009A80AA4B1B6F03F44073C7F80031D7F85E
:107030000031002B2FD0D7F8F430D3F8843003F48C
:107040004072D7F80031934225D0A14B1B68A04A6B
:1070500043F4807313609E4B1B6803F48073002B12
:1070600003D1012387F8073115E0984B1B6F23F4F8
:107070004073C7F80031954B1B6F944A43F480333B
:107080001367924B1B6F914A23F4803313678F4A27
:10709000D7F80031136797F80731002B57D1D7F88D
:1070A000F430D3F88430B3F5807F18D1FEF766F85A
:1070B000C7F8FC000DE0FEF761F80246D7F8FC3097
:1070C000D21A41F288339A4203D9032387F8073151
:1070D00005E07E4B1B6F03F00203002BEBD097F80B
:1070E0000731002B2ED1D7F8F430D3F8843003F4D5
:1070F0007C33002B0ED0754B1B6923F47C51D7F8E1
:10710000F430D3F884301A09724B13406F4A0B43A2
:10711000136105E06D4B1B696C4A23F47C531361CA
:107120006A4B196FD7F8F430D3F8843003F4407306
:10713000664A0B431367654B1B6F644A43F4004375
:10714000136708E097F8073187F8063103E097F8EE
:10715000073187F80631D7F8F430D3E9002302F07D
:1071600001084FF0000958EA090335D0D7F8F43088
:107170009B68032B18D801A252F823F0B17100705C
:107180008D7100709B710070B17100704F4BDB6AA4
:107190004E4A43F04003D3620BE04C4BDB6A4B4A50
:1071A00043F48023D36204E0012387F8073100E031
:1071B00000BF97F80731002B0AD1444BDB6C23F05A
:1071C0000301D7F8F4309B68404A0B43D36403E0D3
:1071D00097F8073187F80631D7F8F430D3E9002360
:1071E00002F0020A4FF0000B5AEA0B0330D0D7F836
:1071F000F430DB68202B0CD0202B11D8002B13D0BF
:10720000102B0DD1314BDB6A304A43F40023D3629B
:107210000BE02E4BDB6A2D4A43F48013D36204E06B
:10722000012387F8073100E000BF97F80731002BF2
:107230000AD1264BDB6C23F03001D7F8F430DB6841
:10724000224A0B43D36403E097F8073187F80631ED
:10725000D7F8F430D3E9002302F00403C7F8E8308C
:107260000023C7F8EC30D7E93A120B46134337D066
:10727000D7F8F4301B69802B0CD0802B11D8002B51
:1072800013D0402B0DD1114BDB6A104A43F400237D
:10729000D3620BE00D4BDB6A0C4A43F48013D362DC
:1072A00004E0012387F8073100E000BF97F80731B9
:1072B000002B11D1054BDB6C23F0C001D7F8F43063
:1072C0001B69024A0B43D3640AE000BF0044025822
:1072D00000480258CFFFFF0F97F8073187F80631B3
:1072E000D7F8F430D3E9002302F00803C7F8E03000
:1072F0000023C7F8E430D7E938120B46134309D00E
:10730000A44BDB6C23F04051D7F8F4305B69A14A01
:107310000B43D364D7F8F430D3E9002302F400130D
:10732000C7F8D8300023C7F8DC30D7E936120B464F
:1073300013432CD0D7F8F4309B6D002B02D0042BD4
:1073400007D00DE0934BDB6A924A43F40023D362EB
:107350000AE0904BDB6A8F4A43F48013D36203E068
:10736000012387F8073100BF97F80731002B0AD1B6
:10737000884BDB6C23F00401D7F8F4309B6D854A11
:107380000B43D36403E097F8073187F80631D7F849
:10739000F430D3E9002302F01003C7F8D030002303
:1073A000C7F8D430D7E934120B46134334D0D7F89A
:1073B000F4309B69B3F1007F1AD0B3F1007F13D88A
:1073C000002B03D0B3F1807F07D00DE0714BDB6A57
:1073D000704A43F48033D3620BE06E4BDB6A6D4A34
:1073E00043F00053D36204E0012387F8073100E043
:1073F00000BF97F80731002B0AD1664BDB6C23F0F6
:107400004071D7F8F4309B69624A0B43D36403E0C0
:1074100097F8073187F80631D7F8F430D3E900231D
:1074200002F02003C7F8C8300023C7F8CC30D7E9F2
:1074300032120B46134345D0D7F8F430DB69B3F56D
:10744000A00F2BD0B3F5A00F24D8B3F5800F25D013
:10745000B3F5800F1ED8B3F5401F1FD0B3F5401F02
:1074600018D8B3F5001F0ED0B3F5001F12D8002BAB
:1074700014D0B3F5801F0DD1464BDB6A454A43F467
:107480008033D3620BE0434BDB6A424A43F0006334
:10749000D36204E0012387F8073100E000BF97F8CA
:1074A0000731002B0AD13B4BDB6C23F4E001D7F80A
:1074B000F430DB69374A0B43D36403E097F80731B4
:1074C00087F80631D7F8F430D3E9002302F04003FF
:1074D000C7F8C0300023C7F8C430D7E930120B46D4
:1074E000134309D02B4B1B6D23F04051D7F8F430D8
:1074F0001B6A284A0B431365D7F8F430D3E90023FD
:1075000002F08003C7F8B8300023C7F8BC30D7E9D1
:107510002E120B46134309D01E4BDB6C23F4403173
:10752000D7F8F4305B6A1B4A0B43D364D7F8F430C6
:10753000D3E9002302F48073C7F8B0300023C7F802
:10754000B430D7E92C120B46134329D0D7F8F430C6
:107550009B6A002B0DD0B3F5802F06D10D4BDB6A53
:107560000C4A43F08043D36204E0012387F80731DB
:1075700000E000BF97F80731002B0DD1054BDB6C05
:1075800023F48021D7F8F4309B6A024A0B43D3647A
:1075900006E000BF0044025897F8073187F806312B
:1075A000D7F8F430D3E9002302F40073C7F8A83009
:1075B0000023C7F8AC30D7E92A120B46134333D067
:1075C000D7F8F430DB6AB3F5000F0ED0B3F5000F37
:1075D00012D8002B14D0B3F5800F0DD1A74BDB6A66
:1075E000A64A43F04003D3620BE0A44BDB6AA34AF4
:1075F00043F48033D36204E0012387F8073100E0CD
:1076000000BF97F80731002B0AD19C4B1B6D23F468
:107610004001D7F8F430DB6A984A0B43136503E066
:1076200097F8073187F80631D7F8F430D3E900230B
:1076300002F40063C7F8A0300023C7F8A430D7E9EC
:1076400028120B46134332D0D7F8F4301B6BB3F536
:10765000405F18D0B3F5405F11D8B3F5005F12D08A
:10766000B3F5005F0BD8002B0DD0B3F5805F06D1CA
:10767000824BDB6A814A43F00053D36204E001236A
:1076800087F8073100E000BF97F80731002B0AD1D7
:107690007A4B1B6D23F44051D7F8F4301B6B774ABB
:1076A0000B43136503E097F8073187F80631D7F8E5
:1076B000F430D3E9002302F48063C7F89830002344
:1076C000C7F89C30D7E926120B46134332D0D7F8BF
:1076D000F4305B6BB3F5407F18D0B3F5407F11D821
:1076E000B3F5007F12D0B3F5007F0BD8002B0DD07F
:1076F000B3F5807F06D1614BDB6A604A43F00053EB
:10770000D36204E0012387F8073100E000BF97F857
:107710000731002B0AD1594B1B6D23F44071D7F868
:10772000F4305B6B554A0B43136503E097F8073160
:1077300087F80631D7F8F430D3E9002302F48053F8
:10774000C7F890300023C7F89430D7E924120B46CD
:1077500013434BD0D7F8F4309B6BB3F5A02F2BD04D
:10776000B3F5A02F24D8B3F5802F27D0B3F5802F01
:107770001ED8B3F5403F23D0B3F5403F18D8B3F53A
:10778000003F0ED0B3F5003F12D8002B1AD0B3F54E
:10779000803F0DD1394BDB6A384A43F48033D362E2
:1077A00011E0364BDB6A354A43F00053D3620AE0FE
:1077B000012387F8073106E000BF04E000BF02E0C4
:1077C00000BF00E000BF97F80731002B0AD12B4B18
:1077D0001B6D23F4E021D7F8F4309B6B274A0B4351
:1077E000136503E097F8073187F80631D7F8F430CE
:1077F000D3E9002302F40053C7F888300023C7F808
:107800008C30D7E922120B4613434DD0D7F8F43011
:10781000DB6BB3F5A06F2BD0B3F5A06F24D8B3F515
:10782000806F27D0B3F5806F1ED8B3F5407F23D08B
:10783000B3F5407F18D8B3F5007F0ED0B3F5007FC5
:1078400012D8002B1CD0B3F5807F0DD10B4BDB6A17
:107850000A4A43F48033D36213E0084BDB6A074AD9
:1078600043F00053D3620CE0012387F8073108E0AE
:1078700000BF06E000BF04E000BF02E00044025881
:1078800000BF97F80731002B0AD1A84B9B6D23F45A
:10789000E061D7F8F430DB6BA44A0B43936503E057
:1078A00097F8073187F80631D7F8F430D3E9002389
:1078B00002F48043C7F880300023C7F88430D7E94A
:1078C00020120B4613434BD0D7F8F4301B6CB3F5A2
:1078D000A04F2BD0B3F5A04F24D8B3F5804F27D0BD
:1078E000B3F5804F1ED8B3F5405F23D0B3F5405FAA
:1078F00018D8B3F5005F0ED0B3F5005F12D8002B97
:107900001AD0B3F5805F0DD1884BDB6A874A43F408
:107910008033D36211E0854BDB6A844A43F0005325
:10792000D3620AE0012387F8073106E000BF04E0D4
:1079300000BF02E000BF00E000BF97F80731002B56
:107940000AD17A4B9B6D23F4E041D7F8F4301B6CDD
:10795000764A0B43936503E097F8073187F80631C1
:10796000D7F8F430D3E9002302F40043BB670023C7
:10797000FB67D7E91E120B46134339D0D7F8F43012
:107980005B6C052B1CD801A252F823F0C97900705A
:10799000A5790070B3790070C9790070C979007059
:1079A000C9790070614BDB6A604A43F40033D362EB
:1079B0000BE05E4BDB6A5D4A43F08053D36204E028
:1079C000012387F8073100E000BF97F80731002B4B
:1079D0000AD1564B9B6D23F00701D7F8F4305B6C4E
:1079E000524A0B43936503E097F8073187F8063155
:1079F000D7F8F430D3E9002302F480333B67002347
:107A00007B67D7E91C120B46134305D0474BDB6A53
:107A1000464A43F00053D362D7F8F430D3E9002349
:107A200002F40033BB660023FB66D7E91A120B464B
:107A3000134327D0D7F8F430DB6C002B03D0B3F11D
:107A4000006F0BD006E0394BDB6A384A43F0005335
:107A5000D36204E0012387F8073100E000BF97F804
:107A60000731002B0AD1314BDB6C23F00061D7F8D2
:107A7000F430DB6C2D4A0B43D36403E097F80731F5
:107A800087F80631D7F8F430D3E9002302F4002355
:107A90003B6600237B66D7E918120B4613434BD095
:107AA000D7F8F4301B6DB3F5802F2DD0B3F5802FB0
:107AB00026D8B3F5403F29D0B3F5403F20D8B3F5E1
:107AC000003F16D0B3F5003F1AD8002B03D0B3F512
:107AD000803F07D014E0154BDB6A144A43F04003A3
:107AE000D36214E0114BDB6A104A43F48033D36253
:107AF0000DE00E4BDB6A0D4A43F00063D36206E0F3
:107B0000012387F8073102E000BF00E000BF97F8CB
:107B10000731002B0CD1054B5B6D23F4E021D7F826
:107B2000F4301B6D014A0B43536505E000440258D5
:107B300097F8073187F80631D7F8F430D3E90023F6
:107B400002F48013BB650023FB65D7E916120B46D0
:107B5000134351D0D7F8F4305B6DB3F5A00F33D099
:107B6000B3F5A00F2CD8B3F5800F2FD0B3F5800F4D
:107B700026D8B3F5401F2BD0B3F5401F20D8B3F55E
:107B8000001F16D0B3F5001F1AD8002B03D0B3F591
:107B9000801F07D014E0934BDB6A924A43F0400306
:107BA000D36216E08F4BDB6A8E4A43F48033D36294
:107BB0000FE08C4BDB6A8B4A43F00063D36208E032
:107BC000012387F8073104E000BF02E000BF00E0B6
:107BD00000BF97F80731002B0AD1824B5B6D23F46D
:107BE000E001D7F8F4305B6D7E4A0B43536503E048
:107BF00097F8073187F80631D7F8F430D3E9002336
:107C000002F480033B6500237B65D7E914120B4621
:107C1000134341D0D7F8F430DB6EB3F1407F27D067
:107C2000B3F1407F20D8B3F1007F16D0B3F1007FCD
:107C30001AD8002B03D0B3F1807F07D014E0694B32
:107C4000DB6A684A43F04003D36212E0654BDB6AAB
:107C5000644A43F48023D3620BE0624BDB6A614ADF
:107C600043F00053D36204E0012387F8073100E0BA
:107C700000BF97F80731002B0AD15A4B1B6D23F038
:107C80004071D7F8F430DB6E564A0B43136503E0BE
:107C900097F8073187F80631D7F8F430D3E9002395
:107CA00002F40003BB640023FB64D7E912120B4605
:107CB000134349D0D7F8F430DB6DB3F5806F2DD086
:107CC000B3F5806F26D8B3F5407F29D0B3F5407F58
:107CD00020D8B3F5007F16D0B3F5007F1AD8002B5B
:107CE00003D0B3F5807F07D014E03E4BDB6A3D4AFA
:107CF00043F04003D36214E03A4BDB6A394A43F461
:107D00008033D3620DE0374BDB6A364A43F00063C1
:107D1000D36206E0012387F8073102E000BF00E0EC
:107D200000BF97F80731002B0AD12E4B5B6D23F46F
:107D3000E061D7F8F430DB6D2A4A0B43536503E06A
:107D400097F8073187F80631D7F8F430D3E90023E4
:107D500002F080733B6400237B64D7E910120B466A
:107D6000134345D0D7F8F4301B6E402B27D0402B5F
:107D700021D8302B25D0302B1DD8202B14D0202BF0
:107D800019D8002B02D0102B07D014E0154BDB6A5A
:107D9000144A43F04003D36214E0124BDB6A114AE9
:107DA00043F48033D3620DE00E4BDB6A0D4A43F09F
:107DB0000063D36206E0012387F8073102E000BFC9
:107DC00000E000BF97F80731002B0DD1054B1B6D6C
:107DD00023F07001D7F8F4301B6E024A0B43136591
:107DE00006E000BF0044025897F8073187F80631D3
:107DF000D7F8F430D3E9002302F00073BB6300230B
:107E0000FB63D7E90E120B46134342D0D7F8F43088
:107E10005B6E502B23D0502B1DD8402B21D0402BF4
:107E200019D8302B1FD0302B15D8202B0CD0202B5D
:107E300011D8002B19D0102B0DD1A24BDB6AA14A0F
:107E400043F40033D36211E09E4BDB6A9D4A43F05A
:107E50008053D3620AE0012387F8073106E000BFB0
:107E600004E000BF02E000BF00E000BF97F8073168
:107E7000002B0AD1934B5B6D23F07001D7F8F430DF
:107E80005B6E904A0B43536503E097F8073187F820
:107E90000631D7F8F430D3E9002302F080633B6366
:107EA00000237B63D7E90C120B46134342D0D7F86B
:107EB000F4309B6E502B23D0502B1DD8402B21D05B
:107EC000402B19D8302B1FD0302B15D8202B0CD09D
:107ED000202B11D8002B19D0102B0DD1794BDB6A38
:107EE000784A43F40033D36211E0764BDB6A754A7B
:107EF00043F08053D3620AE0012387F8073106E09C
:107F000000BF04E000BF02E000BF00E000BF97F840
:107F10000731002B0AD16B4B9B6D23F07001D7F812
:107F2000F4309B6E674A0B43936503E097F8073183
:107F300087F80631D7F8F430D3E9002302F08053F4
:107F4000BB620023FB62D7E90A120B46134339D008
:107F5000D7F8F4301B6F052B1CD801A252F823F080
:107F60009D7F0070797F0070877F00709D7F00701B
:107F70009D7F00709D7F0070524BDB6A514A43F435
:107F80000033D3620BE04F4BDB6A4E4A43F0805321
:107F9000D36204E0012387F8073100E000BF97F8BF
:107FA0000731002B0AD1474B5B6D23F00702D7F84E
:107FB000F4301B6F434913434B6503E097F80731D7
:107FC00087F80631D7F8F430D3E9002302F00053E4
:107FD0003B6200237B62D7E908120B46134339D07A
:107FE000D7F8F4305B6F052B1CD801A252F823F0B0
:107FF0002D80007009800070178000702D80007047
:108000002D8000702D8000702E4BDB6A2D4A43F4CA
:108010000033D3620BE02B4BDB6A2A4A43F08053D8
:10802000D36204E0012387F8073100E000BF97F82E
:108030000731002B0AD1234B1B6D23F00702D7F821
:10804000F4305B6F1F4913430B6503E097F807316A
:1080500087F80631D7F8F430D3E9002302F08043E3
:10806000BB610023FB61D7E906120B4613432FD0F7
:10807000D7F8F4309B6FB3F5005F08D0B3F5005F1D
:108080000CD8002B0ED0B3F5805F0BD006E00D4B63
:10809000DB6A0C4A43F08053D36204E0012387F883
:1080A000073100E000BF97F80731002B0CD1054BDA
:1080B000DB6C23F44052D7F8F4309B6F0149134333
:1080C000CB6405E00044025897F8073187F8063181
:1080D000D7F8F430D3E9002302F000433B610023DA
:1080E0007B61D7E904120B46134334D0D7F8F43040
:1080F000D3F88030B3F5404F18D0B3F5404F11D8C6
:10810000B3F5004F12D0B3F5004F0BD8002B0DD0B4
:10811000B3F5804F06D12F4BDB6A2E4A43F08053D4
:10812000D36204E0012387F8073100E000BF97F82D
:108130000731002B0BD1274BDB6C23F44042D7F8DF
:10814000F430D3F8803023491343CB6403E097F82D
:10815000073187F80631D7F8F430D3E9002302F06D
:108160000063BB600023FB60D7E902120B46134398
:108170000AD0184B1B6923F40042D7F8F430D3F827
:108180008830144913430B61D7F8F430D3E9002346
:108190000021396003F001037B60D7E900120B4630
:1081A000134309D00B4BDB6C23F47062D7F8F43027
:1081B000DB6F08491343CB6497F80631002B01D1DC
:1081C000002300E00123184607F58477BD46BDE88B
:1081D000B08F00BF0044025880B582B000AF786015
:1081E0007B68002B01D1012342E07B68D3F8883003
:1081F000002B06D17B68002283F88420786800F089
:108200003BF87B682422C3F888207B681B681A68C7
:108210007B681B6822F001021A607B689B6A002B56
:1082200002D0786800F032FD786800F099F90346D2
:10823000012B01D101231BE07B681B685A687B6816
:108240001B6822F490425A607B681B689A687B68BE
:108250001B6822F02A029A607B681B681A687B6898
:108260001B6842F001021A60786800F0B1FD034615
:1082700018460837BD4680BD80B483B000AF786033
:1082800000BF0C37BD465DF8047B704780B58AB0EF
:1082900002AFF860B9603B601346FB80FB68D3F81F
:1082A0008830202B40F08680BB68002B02D0FB88F2
:1082B000002B01D101237EE0FB680022C3F890204F
:1082C000FB682122C3F88820FCF758FF7861FB681F
:1082D000FA88A3F85420FB68FA88A3F85620FB68B4
:1082E0009B68B3F5805F08D1FB681B69002B04D144
:1082F0000023FB61BB68BB6103E0BB68FB6100233B
:10830000BB613AE03B6800937B6900228021F868FA
:1083100000F008FE0346002B05D0FB682022C3F8BE
:108320008820032347E0FB69002B0BD1BB691B8826
:108330001A46FB681B68C2F308029A62BB690233E3
:10834000BB6107E0FB691A78FB681B689A62FB69EE
:108350000133FB61FB68D3F8883003F02103212B44
:1083600009D1FB68B3F856309BB2013B9AB2FB6867
:10837000A3F8562001E001231DE0FB68B3F8563056
:108380009BB2002BBED13B6800937B690022402149
:10839000F86800F0C7FD0346002B05D0FB682022DB
:1083A000C3F88820032306E0FB682022C3F8882056
:1083B000002300E0022318462037BD4680BD80B56B
:1083C0008AB002AFF860B9603B601346FB80FB687F
:1083D000D3F88C30202B40F0BD80BB68002B02D03E
:1083E000FB88002B01D10123B5E0FB680022C3F814
:1083F0009020FB682222C3F88C20FB680022DA66FA
:10840000FCF7BCFE7861FB68FA88A3F85C20FB6887
:10841000FA88A3F85E20FB689B68B3F5805F0ED1F5
:10842000FB681B69002B05D1FB6840F2FF12A3F823
:1084300060202DE0FB68FF22A3F8602028E0FB68A5
:108440009B68002B0DD1FB681B69002B04D1FB68D6
:10845000FF22A3F860201BE0FB687F22A3F86020C6
:1084600016E0FB689B68B3F1805F0DD1FB681B6968
:10847000002B04D1FB687F22A3F8602008E0FB6892
:108480003F22A3F8602003E0FB680022A3F86020ED
:10849000FB68B3F860307B82FB689B68B3F5805F54
:1084A00008D1FB681B69002B04D10023FB61BB686A
:1084B000BB6103E0BB68FB610023BB613EE03B683E
:1084C00000937B6900222021F86800F02BFD034611
:1084D000002B05D0FB682022C3F88C2003233AE050
:1084E000FB69002B0CD1FB681B685B6A9AB27B8A24
:1084F00013409AB2BB691A80BB690233BB610CE0BE
:10850000FB681B685B6ADAB27B8ADBB21340DAB2C3
:10851000FB691A70FB690133FB61FB68D3F88C308F
:10852000222B09D1FB68B3F85E309BB2013B9AB2B3
:10853000FB68A3F85E2001E001230CE0FB68B3F8C0
:108540005E309BB2002BBAD1FB682022C3F88C208E
:10855000002300E0022318462037BD4680BD0000FE
:108560002DE9B04F8CB000AF7861002387F82A3036
:108570007B699A687B691B691A437B695B691A434B
:108580007B69DB691343FB627B691B681A68B34B29
:1085900013407A691268F96A0B4313607B691B68A0
:1085A0005B6823F440517B69DA687B691B680A4386
:1085B0005A607B699B69FB627B691B68A84A93428E
:1085C00004D07B691B6AFA6A1343FB627B691B68F0
:1085D0009A68A44B13407A691268F96A0B43936056
:1085E0007B691B68DB6A23F00F017B695A6A7B6930
:1085F0001B680A43DA627B691B689B4A934231D14C
:108600009A4B5B6D03F00703052B27D801A252F8A4
:1086100023F000BF2D860070358600703D86007007
:10862000458600704D86007055860070012387F8DE
:108630002B30A0E0042387F82B309CE0082387F838
:108640002B3098E0102387F82B3094E0202387F814
:108650002B3090E0402387F82B308CE0802387F884
:108660002B3088E07B691B68814A934218D07B6974
:108670001B68804A934213D07B691B687E4A9342F1
:108680000ED07B691B687D4A934209D07B691B68C9
:108690007B4A934204D07B691B687A4A934231D16A
:1086A000724B1B6D03F00703052B27D801A252F86C
:1086B00023F000BFCD860070D5860070DD86007087
:1086C000E5860070ED860070F5860070002387F85F
:1086D0002B3016E0042387F82B3012E0082387F8AC
:1086E0002B300EE0102387F82B300AE0202387F888
:1086F0002B3006E0402387F82B3002E0802387F8F8
:108700002B3038E07B691B68554A934230D1574B78
:108710009B6D03F00703052B26D801A252F823F026
:108720003987007041870070498700705187007059
:108730005987007061870070022387F82B301AE098
:10874000042387F82B3016E0082387F82B3012E03B
:10875000102387F82B300EE0202387F82B300AE017
:10876000402387F82B3006E0802387F82B3002E087
:10877000802387F82B307B691B68394A934240F08D
:10878000FE8097F82B30202B48DC022BC0F288802B
:10879000023B1E2B00F2848001A252F823F000BF9E
:1087A00033880070A188007023880070A188007051
:1087B000A1880070A18800702B880070A1880070CB
:1087C000A1880070A1880070A1880070A188007045
:1087D000A1880070A18800703B880070A18800709B
:1087E000A1880070A1880070A1880070A188007025
:1087F000A1880070A1880070A1880070A188007015
:10880000A1880070A1880070A1880070A188007004
:10881000A1880070A188007093880070402B3BD025
:108820003EE0FEF7AFFA786240E0FEF7C1FA786208
:108830003CE0FEF78BFA786238E00C4B1B6803F0E3
:108840002003002B22D0094B1B68DB0803F0030335
:108850000D4A22FA03F37B6228E000BFF369FFCFE1
:10886000000C0058FFF4FF110010004200440258B1
:108870000044004000480040004C004000500040D0
:1088800000780040007C00400090D003994B7B6250
:108890000CE0994B7B6209E04FF400437B6205E0FA
:1088A00000237B62012387F82A3000BF7B6A002BFC
:1088B00000F0CE817B695B6A904A32F813301A4629
:1088C0007B6AB3FBF2F3BB617B695A6813465B00BA
:1088D0001344BA699A4205D37B695B681B03BA6982
:1088E0009A4203D9012387F82A30B1E17B6A00223A
:1088F000BB60FA607B695B6A804A32F813309BB2D6
:1089000000223B607A60D7E90023D7E90201F7F73C
:108910008BFE02460B46104619464FF000024FF000
:1089200000030B0243EA10630202796949684908AF
:1089300000200C46054612EB040843EB05097B6951
:108940005B6800229A46934652465B46404649463B
:10895000F7F76AFE02460B4613463B623B6AB3F5E5
:10896000407F08D33B6AB3F5801F04D27B691B6844
:108970003A6ADA606CE1012387F82A3068E17B69A2
:10898000DB69B3F5004F40F0BD8097F82B30202B0A
:1089900048DC002B73DB202B71D801A252F823F0A6
:1089A0002B8A0070338A00707F8A00707F8A007083
:1089B0003B8A00707F8A00707F8A00707F8A007017
:1089C000438A00707F8A00707F8A00707F8A0070FF
:1089D0007F8A00707F8A00707F8A00707F8A0070B3
:1089E0004B8A00707F8A00707F8A00707F8A0070D7
:1089F0007F8A00707F8A00707F8A00707F8A007093
:108A00007F8A00707F8A00707F8A00707F8A007082
:108A10007F8A00707F8A00707F8A00707F8A007072
:108A2000718A0070402B26D029E0FEF757F9786252
:108A30002BE0FEF76FF9786227E0FEF7A3F9786282
:108A400023E0FEF7B5F978621FE02D4B1B6803F0B9
:108A50002003002B09D02A4B1B68DB0803F003031B
:108A6000244A22FA03F37B620FE0224B7B620CE084
:108A7000214B7B6209E04FF400437B6205E0002359
:108A80007B62012387F82A3000BF7B6A002B00F04D
:108A9000DF807B695B6A194A32F813301A467B6AB9
:108AA000B3FBF2F35A007B695B685B081A447B698D
:108AB0005B68B2FBF3F33B623B6A0F2B16D93B6A50
:108AC000B3F5803F12D23B6A9BB223F00F03FB83C6
:108AD0003B6A5B089BB203F007039AB2FB8B13431C
:108AE000FB837B691B68FA8BDA60B1E0012387F8AE
:108AF0002A30ADE00090D00300093D00BCEB0070CF
:108B00000044025897F82B30202B49DC002B74DBF3
:108B1000202B72D801A252F823F000BFA78B00705F
:108B2000AF8B0070FB8B0070FB8B0070B78B0070FD
:108B3000FB8B0070FB8B0070FB8B0070BF8B007099
:108B4000FB8B0070FB8B0070FB8B0070FB8B00704D
:108B5000FB8B0070FB8B0070FB8B0070C78B007071
:108B6000FB8B0070FB8B0070FB8B0070FB8B00702D
:108B7000FB8B0070FB8B0070FB8B0070FB8B00701D
:108B8000FB8B0070FB8B0070FB8B0070FB8B00700D
:108B9000FB8B0070FB8B0070FB8B0070ED8B00700B
:108BA000402B26D029E0FEF799F878622BE0FEF7FB
:108BB000B1F8786227E0FEF7E5F8786223E0FEF787
:108BC000F7F878621FE02D4B1B6803F02003002BA1
:108BD00009D02A4B1B68DB0803F00303284A22FA5A
:108BE00003F37B620FE0264B7B620CE0254B7B623C
:108BF00009E04FF400437B6205E000237B62012320
:108C000087F82A3000BF7B6A002B21D07B695B6A22
:108C10001D4A32F813301A467B6AB3FBF2F27B69C5
:108C20005B685B081A447B695B68B2FBF3F33B62E9
:108C30003B6A0F2B09D93B6AB3F5803F05D23B6AEB
:108C40009AB27B691B68DA6002E0012387F82A3058
:108C50007B690122A3F86A207B690122A3F86820BE
:108C60007B6900225A677B6900229A6797F82A304D
:108C700018463037BD46BDE8B08F00BF00440258EB
:108C80000090D00300093D00BCEB007080B483B0BD
:108C900000AF78607B689B6A03F00803002B0AD062
:108CA0007B681B685B6823F400417B689A6B7B6878
:108CB0001B680A435A607B689B6A03F00103002B20
:108CC0000AD07B681B685B6823F400317B68DA6A32
:108CD0007B681B680A435A607B689B6A03F0020347
:108CE000002B0AD07B681B685B6823F480317B68AB
:108CF0001A6B7B681B680A435A607B689B6A03F0A7
:108D00000403002B0AD07B681B685B6823F4802176
:108D10007B685A6B7B681B680A435A607B689B6A56
:108D200003F01003002B0AD07B681B689B6823F4B8
:108D300080517B68DA6B7B681B680A439A607B68AA
:108D40009B6A03F02003002B0AD07B681B689B689A
:108D500023F400517B681A6C7B681B680A439A6095
:108D60007B689B6A03F04003002B1AD07B681B686A
:108D70005B6823F480117B685A6C7B681B680A432C
:108D80005A607B685B6CB3F5801F0AD17B681B68F7
:108D90005B6823F4C0017B689A6C7B681B680A439C
:108DA0005A607B689B6A03F08003002B0AD07B68C3
:108DB0001B685B6823F400217B68DA6C7B681B68A6
:108DC0000A435A6000BF0C37BD465DF8047B70470C
:108DD00080B598B002AF78607B680022C3F890201D
:108DE000FCF7CCF978657B681B681B6803F0080307
:108DF000082B2FD16FF07E4300937B6D00224FF440
:108E00000011786800F08EF80346002B22D07B68B2
:108E10001B68BB63BB6B53E8003F7B637B6B23F03A
:108E200080033B657B681B681A463B6D7B643A6434
:108E3000396C7A6C41E80023FB63FB6B002BE6D1B5
:108E40007B682022C3F888207B68002283F8842076
:108E5000032363E07B681B681B6803F00403042B97
:108E600049D16FF07E4300937B6D00224FF4800167
:108E7000786800F057F80346002B3CD07B681B68ED
:108E80007B627B6A53E8003F3B623B6A23F490734A
:108E9000FB647B681B681A46FB6C3B63FA62F96AE9
:108EA0003A6B41E80023BB62BB6A002BE6D17B68CA
:108EB0001B6808333B613B6953E8003FFB60FB687C
:108EC00023F00103BB647B681B680833BA6CFA614A
:108ED000BB61B969FA6941E800237B617B69002BBA
:108EE000E5D17B682022C3F88C207B68002283F8C0
:108EF0008420032312E07B682022C3F888207B684B
:108F00002022C3F88C207B680022DA667B6800226E
:108F10001A677B68002283F884200023184658379C
:108F2000BD4680BD80B584B000AFF860B9603B60DD
:108F30001346FB714FE0BB69B3F1FF3F4BD0FCF729
:108F40001DF902463B68D31ABA699A4202D3BB693B
:108F5000002B01D103234EE0FB681B681B6803F064
:108F60000403002B37D0BB68802B34D0BB68402B68
:108F700031D0FB681B68DB6903F00803082B10D1B4
:108F8000FB681B6808221A62F86800F039F8FB6871
:108F90000822C3F89020FB68002283F88420012374
:108FA00029E0FB681B68DB6903F40063B3F5006F1D
:108FB00011D1FB681B684FF400621A62F86800F078
:108FC0001FF8FB682022C3F89020FB68002283F87A
:108FD000842003230FE0FB681B68DA69BB68134039
:108FE000BA689A420CBF01230023DBB21A46FB7910
:108FF0009A42A0D0002318461037BD4680BD00001D
:1090000080B495B000AF78607B681B687B637B6B36
:1090100053E8003F3B633B6B23F49073FB647B6836
:109020001B681A46FB6C3B64FA63F96B3A6C41E8C7
:109030000023BB63BB6B002BE6D17B681B68083346
:109040003B623B6A53E8003FFB61FA691E4B1340E9
:10905000BB647B681B680833BA6CFA62BB62B96A8E
:10906000FA6A41E800237B627B6A002BE5D17B68CA
:10907000DB6E012B18D17B681B68FB60FB6853E833
:10908000003FBB60BB6823F010037B647B681B68F8
:109090001A467B6CBB617A617969BA6941E8002341
:1090A0003B613B69002BE6D17B682022C3F88C2012
:1090B0007B680022DA667B6800225A6700BF54375B
:1090C000BD465DF8047B7047FEFFFFEF80B58AB0B8
:1090D00004AFF860B9603B601346FB80FB889B00DF
:1090E000184601F0D1FF38613B69002B13D0702086
:1090F00001F0CAFF78617B69002B08D07022002143
:10910000786903F053F97B693A691A6305E03869B5
:1091100002F06CF801E000237B617B69002B0DD02D
:10912000FA88002303937B6902937B6A01933B6A6D
:1091300000933B68B968F86800F029F87B69184625
:109140001837BD4680BD80B588B002AFF860B96001
:109150003B601346FB80FA887B6A01933B6A00936D
:109160003B68B968F868FFF7B1FF38613B69002BCD
:1091700005D0386900F074F801237B6102E04FF0FC
:10918000FF337B617B6918461837BD4680BD80B5CB
:1091900086B000AFF860B9603B601346FB80BB6AE5
:1091A0001A6BF9886FF040430B449B0013443B61FA
:1091B0003B6923F007033B61BB68002B1ED00023F3
:1091C0007B6112E0BA687B6913441978BA6A7B69DB
:1091D000134434330A461A70BA687B6913441B7807
:1091E000002B06D07B6901337B617B690F2BE9D9AA
:1091F00000E000BFBB6A002283F843203B6A372BA4
:1092000001D937233B62BB6A3A6ADA62BB6A3A6ABF
:109210005A64BB6A0433184601F0C2FABB6A1833B9
:10922000184601F0BDFABB6ABA6A1A613B6AC3F11B
:109230003802BB6A9A61BB6ABA6A5A623A68F968CC
:10924000386901F0B3FD0246BB6A1A607B6A002BE5
:1092500002D07B6ABA6A1A6000BF1837BD4680BD6B
:1092600080B584B000AF786001F050FE404B1B68C1
:1092700001333F4A13603F4B1B68002B09D13D4A25
:109280007B6813603A4B1B68012B10D100F0CAFEBB
:109290000DE0394B1B68002B09D1364B1B68DA6A8D
:1092A0007B68DB6A9A4202D8324A7B681360334B90
:1092B0001B680133314A13607B68DA6A304B1B68E4
:1092C0009A4203D97B68DB6A2D4A13607B68DA6AAD
:1092D0002C4913469B0013449B000B4404331B682A
:1092E000FB607B68FA689A60FB689A687B68DA6062
:1092F000FB689B687A6804325A607B681A1DFB68B9
:109300009A607B68DA6A13469B0013449B001D4AEF
:109310001A447B685A617B68DA6A1A4913469B00D3
:1093200013449B000B441B687A68D26A591C154889
:1093300013469B0013449B000344196001F002FE96
:109340000D4B1B68002B0ED00A4B1B68DA6A7B683A
:10935000DB6A9A4207D20C4B4FF080521A60BFF37F
:109360004F8FBFF36F8F00BF1037BD4680BD00BF6A
:1093700080080024AC0300248C0800249C080024EE
:1093800088080024B003002404ED00E080B586B016
:1093900000AF786000237B6101F0B8FD7B68002B93
:1093A00002D12D4B1B6800E07B683B613B690433B5
:1093B000184601F05FFA3B699B6A002B04D03B69B9
:1093C0001833184601F056FA244B1B680133234A20
:1093D0001360214B1B683A699A4201D1012300E0D6
:1093E0000023FB601E4B1B68002B10D0FB68002B7A
:1093F0000DD03B69043319461A4801F0DEF91A4BC7
:109400001B680133184A136001237B6106E0174B88
:109410001B68013B154A136000F082FE01F092FDCB
:109420007B69012B02D0386900F06AFE0C4B1B6887
:10943000002B0CD0084B1B683A699A4207D10C4BA1
:109440004FF080521A60BFF34F8FBFF36F8F00BF92
:109450001837BD4680BD00BFAC0300249C08002423
:109460008C08002454080024680800248008002484
:1094700004ED00E080B584B000AF78600023FB60AD
:109480007B68002B08D000F0CBF90021786800F051
:1094900081FE00F0D3F9F860FB68002B07D1064B82
:1094A0004FF080521A60BFF34F8FBFF36F8F00BF32
:1094B0001037BD4680BD00BF04ED00E080B586B02A
:1094C00000AF786001F022FD7B68002B02D1304BA9
:1094D0001B6800E07B683B613B690433184601F080
:1094E000C9F93B699B6A002B04D03B6918331846C5
:1094F00001F0C0F93B6904331946264801F05DF9D3
:1095000000237B6110E03A697B6913446C331B785C
:10951000DBB2012B05D13A697B6913446C3300221D
:109520001A707B6901337B617B69022BEBDD01F0F3
:1095300009FD194B1B68002B05D001F0E7FC00F07A
:10954000EFFD01F0FFFC124B1B683A699A421AD1F9
:10955000114B1B68002B08D0104B4FF080521A6043
:10956000BFF34F8FBFF36F8F0DE00A4B1B68FB609B
:109570000B4B1B68FA689A4203D1054B00221A6014
:1095800001E000F061FB00BF1837BD4680BD00BFA1
:10959000AC0300246C0800248C08002404ED00E0D7
:1095A0008008002480B487B000AF786000237B611E
:1095B0007B68FB60FB685B69144A93421ED1FB68C1
:1095C0009B6A134A934219D0FB689B6A002B15D102
:1095D00001237B6100233B610DE0FA683B69134482
:1095E0006C331B78DBB2012B02D100237B6105E0D9
:1095F0003B6901333B613B69022BEEDD7B69184619
:109600001C37BD465DF8047B704700BF6C08002422
:109610004008002480B584B000AF78607B68FB60B0
:10962000354B1B68FA689A4262D0FB68002B5FD00A
:1096300001F06CFCF868FFF7B5FF0346002B55D02E
:10964000FB680433184601F015F9FB68DA6A2B4B06
:109650001B689A4203D9FB68DB6A284A1360FB68DF
:10966000DA6A274913469B0013449B000B440433DA
:109670001B68BB60FB68BA689A60BB689A68FB6845
:10968000DA60BB689B68FA6804325A60FB681A1D8E
:10969000BB689A60FB68DA6A13469B0013449B0020
:1096A000174A1A44FB685A61FB68DA6A1449134680
:1096B0009B0013449B000B441B68FA68D26A591C38
:1096C0000F4813469B0013449B00034419600A4B48
:1096D0001B68DA6AFB68DB6A9A4207D2094B4FF0D3
:1096E00080521A60BFF34F8FBFF36F8F01F02AFCD7
:1096F00000BF1037BD4680BDAC030024880800249D
:10970000B003002404ED00E080B58AB002AF01236D
:10971000FB613B4600221A605A609A60DA600023BF
:109720003B6100237B6111E01F4A7B691344197878
:109730003A467B6913440A461A703A467B691344D9
:109740001B78002B06D07B6901337B617B690E2B74
:10975000EAD900E000BF3A467B69134400221A7040
:109760000023BB6115E0114B3B61BB699B00104AB4
:109770001344394601930023009300238022386963
:10978000FFF7E1FCF861FB69012B06D1BB690133EE
:10979000BB61BB69002BE6DD00E000BFFB6918463A
:1097A0002037BD4680BD00BFE8E80070F59F00701F
:1097B000A408002480B582B000AFFFF7A5FF786051
:1097C0007B68012B02D101F07FF878607B68012B68
:1097D00017D14FF0500372B683F31188BFF36F8F28
:1097E000BFF34F8F62B63B6000BF094B4FF0FF32B3
:1097F0001A60084B01221A60074B00221A6001F020
:109800004DFB064B1B6800BF0837BD4680BD00BF3F
:10981000A00800248C08002484080024D4EB0070E5
:1098200080B400AF044B1B680133034A136000BFD0
:10983000BD465DF8047B7047A808002480B588B059
:1098400000AF0023FB610023BB6101F05FFB00233D
:109850003B616E4B1B68013B6C4A13606B4B1B6892
:10986000002B40F0CB806A4B1B68002B00F0C680B9
:109870008FE0684BDB68DB68FB61FB699B6AFB6020
:10988000FB69DB69FA69126A9A60FB691B6AFA690B
:10989000D2695A60FB685A68FB6918339A4203D14F
:1098A000FB691A6AFB685A60FB6900229A62FB68CE
:1098B0001B685A1EFB681A60FB695B69BB60FB6929
:1098C0009B68FA69D2689A60FB69DB68FA699268FA
:1098D0005A60BB685A68FB6904339A4203D1FB693A
:1098E000DA68BB685A60FB6900225A61BB681B6872
:1098F0005A1EBB681A60FB69DA6A474B1B689A42BA
:1099000003D9FB69DB6A444A1360FB69DA6A43499D
:1099100013469B0013449B000B4404331B687B607D
:10992000FB697A689A607B689A68FB69DA607B6891
:109930009B68FA6904325A60FB691A1D7B689A6059
:10994000FB69DA6A13469B0013449B00334A1A44AE
:10995000FB695A61FB69DA6A304913469B0013447C
:109960009B000B441B68FA69D26A591C2B481346AA
:109970009B0013449B0003441960FB69DA6A284B7F
:109980001B68DB6A9A4204D9264A3B69012142F8E6
:109990002310204B1B68002B7FF46BAFFB69002B5F
:1099A00001D000F0BDFB204B1B687B617B69002B65
:1099B00012D000F04DF80346002B04D0194A3B6941
:1099C000012142F823107B69013B7B617B69002BFD
:1099D000EFD1154B00221A60124A3B6952F823302E
:1099E000002B0BD00123BB610D4B1B680F4B4FF0BD
:1099F00080521A60BFF34F8FBFF36F8F01F0A2FA4E
:109A0000BB6918462037BD4680BD00BFA8080024AA
:109A1000800800244008002488080024B0030024A3
:109A2000AC030024940800249008002404ED00E016
:109A300080B483B000AF054B1B687B607B68184621
:109A40000C37BD465DF8047B704700BF84080024D6
:109A500080B588B000AF0023FB61704B1B68002B02
:109A600040F0D1806E4B1B680133BB616C4ABB690F
:109A70001360BB69002B10D16A4B1B687B616A4B7A
:109A80001B68684A1360684A7B691360674B1B68F0
:109A90000133664A136000F043FB654B1B68BA69EB
:109AA0009A42C0F0A9805F4B1B681B68002B04D151
:109AB0005F4B4FF0FF321A609EE05A4B1B68DB6829
:109AC000DB683B613B695B68FB60BA69FB689A4293
:109AD00003D2574AFB6813608EE03B695B69BB6049
:109AE0003B699B683A69D2689A603B69DB683A696E
:109AF00092685A60BB685A683B6904339A4203D142
:109B00003B69DA68BB685A603B6900225A61BB68EE
:109B10001B685A1EBB681A603B699B6A002B1ED0EB
:109B20003B699B6A7B603B69DB693A69126A9A60B0
:109B30003B691B6A3A69D2695A607B685A683B691B
:109B400018339A4203D13B691A6A7B685A603B69B1
:109B500000229A627B681B685A1E7B681A603B6908
:109B6000DA6A344B1B689A4203D93B69DB6A314A93
:109B700013603B69DA6A304913469B0013449B002B
:109B80000B4404331B683B603B693A689A603B684E
:109B90009A683B69DA603B689B683A6904325A60AC
:109BA0003B691A1D3B689A603B69DA6A13469B0061
:109BB00013449B00204A1A443B695A613B69DA6AA4
:109BC0001D4913469B0013449B000B441B683A69D4
:109BD000D26A591C184813469B0013449B00034447
:109BE00019603B69DA6A154B1B68DB6A9A427FF69B
:109BF0005AAF0123FB6156E7114B1B68002B07D0BE
:109C00000123FB6104E00F4B1B6801330D4A136015
:109C1000FB6918462037BD4680BD00BFA808002458
:109C200084080024380800243C08002498080024F4
:109C3000A008002488080024B0030024AC030024FA
:109C4000940800249008002480B483B000AF214B16
:109C50001B68002B03D0204B01221A6034E01E4BFE
:109C600000221A601D4B1B687B6002E07B68013B91
:109C70007B601B497A6813469B0013449B000B448E
:109C80001B68002BF2D07A6813469B0013449B009C
:109C9000134A13443B603B685B685A683B685A60F0
:109CA0003B685A683B6808339A4203D13B68DA68DC
:109CB0003B685A603B685B68DB680A4A1360074A86
:109CC0007B681360074B1B6800BF0C37BD465DF80F
:109CD000047B7047A8080024940800248808002406
:109CE000B0030024AC03002480B582B000AF7860DC
:109CF0003960074B1B6818331946786800F081FDFE
:109D00000121386800F046FA00BF0837BD4680BD23
:109D1000AC03002480B586B000AFF860B9607A600B
:109D2000FB685B687B61164B1B687A69DA61144BD0
:109D30001B687A6992681A62114B1A687B699B6882
:109D400018325A600E4B1B6803F118027B699A6047
:109D50000B4B1B68FA689A62FB681B685A1CFB680D
:109D60001A607B68002B02D04FF0FF33BB6079682C
:109D7000B86800F00FFA00BF1837BD4680BD00BFBD
:109D8000AC03002480B489B000AF78607B68DB68E6
:109D9000DB68BB61BB699B6A7B61BB69DB69BA69D4
:109DA000126A9A60BB691B6ABA69D2695A607B6998
:109DB0005A68BB6918339A4203D1BB691A6A7B6936
:109DC0005A60BB6900229A627B691B685A1E7B69D4
:109DD0001A604C4B1B68002B61D1BB695B69FB604F
:109DE000BB699B68BA69D2689A60BB69DB68BA696B
:109DF00092685A60FB685A68BB6904339A4203D17F
:109E0000BB69DA68FB685A60BB6900225A61FB686B
:109E10001B685A1EFB681A60BB69DA6A3A4B1B68FA
:109E20009A4203D9BB69DB6A374A1360BB69DA6AB5
:109E3000364913469B0013449B000B4404331B68B4
:109E4000BB60BB69BA689A60BB689A68BB69DA6034
:109E5000BB689B68BA6904325A60BB691A1DBB684B
:109E60009A60BB69DA6A13469B0013449B00274A39
:109E70001A44BB695A61BB69DA6A244913469B00DC
:109E800013449B000B441B68BA69D26A591C1F48D3
:109E900013469B0013449B00034419601BE01C4BBA
:109EA0005B683B61BB693A69DA613B699A68BB6987
:109EB0001A623B699B68BA6918325A60BB6903F140
:109EC00018023B699A60BB69114A9A62104B1B6881
:109ED00001330F4A1360BB69DA6A0E4B1B68DB6AF9
:109EE0009A4205D90123FB610B4B01221A6001E064
:109EF0000023FB61FB6918462437BD465DF8047BEF
:109F0000704700BFA808002488080024B00300247C
:109F100040080024AC0300249408002480B483B0DB
:109F200000AF7860064B1A687B681A60054B1A68A8
:109F30007B685A6000BF0C37BD465DF8047B7047F4
:109F4000980800248408002480B586B000AF7860AB
:109F5000396000F0DBFF1F4B1B683B617B685B686F
:109F60003A69D31AFB603B681B68B3F1FF3F02D12B
:109F700000237B6126E07B681A68174B1B689A42B6
:109F80000AD07B685B683A699A4205D301237B61FA
:109F90003B6800221A6015E03B681B68FA689A4229
:109FA0000BD23B681A68FB68D21A3B681A60786863
:109FB000FFF7B4FF00237B6104E03B6800221A60D6
:109FC00001237B6100F0BEFF7B6918461837BD4650
:109FD00080BD00BF840800249808002480B400AF2E
:109FE000034B01221A6000BFBD465DF8047B704739
:109FF0009408002480B582B000AF786000F052F879
:10A00000064B1B68012BF9D9054B4FF080521A60A3
:10A01000BFF34F8FBFF36F8FF0E700BFB003002493
:10A0200004ED00E080B582B000AF00237B600CE05F
:10A030007A6813469B0013449B00124A1344184647
:10A0400000F08EFB7B6801337B607B68372BEFD998
:10A050000D4800F085FB0D4800F082FB0C4800F035
:10A060007FFB0C4800F07CFB0B4800F079FB0B4BAE
:10A07000054A1A600A4B054A1A6000BF0837BD46F8
:10A0800080BD00BFB0030024100800242408002471
:10A0900040080024540800246C08002438080024D8
:10A0A0003C08002480B582B000AF19E000F02EFF1C
:10A0B000104BDB68DB687B607B680433184600F07C
:10A0C000D9FB0D4B1B68013B0B4A13600B4B1B6804
:10A0D000013B0A4A136000F035FF786800F010F881
:10A0E000064B1B68002BE1D100BF00BF0837BD46FF
:10A0F00080BD00BF540800248008002468080024A4
:10A1000080B582B000AF78607B681B6B184601F0A9
:10A110006DF8786801F06AF800BF0837BD4680BD69
:10A1200080B400AF0A4B1B681B68002B04D1094B9D
:10A130004FF0FF321A6005E0054B1B68DB681B68B7
:10A14000044A136000BFBD465DF8047B704700BF42
:10A1500038080024A008002480B483B000AF0B4B63
:10A160001B68002B02D101237B6008E0084B1B68B1
:10A17000002B02D102237B6001E000237B607B681F
:10A1800018460C37BD465DF8047B70478C080024E8
:10A19000A808002480B588B000AF786039602F4BE4
:10A1A0001B68FB612E4B1B68BB612E4B1B687B61E0
:10A1B0002D4B1B680433184600F05CFB7B68B3F141
:10A1C000FF3F24D13B68002B21D0284B5B683B61CB
:10A1D000254B1B683A699A60234B1B683A69926861
:10A1E000DA60214B1A683B699B6804325A601E4B47
:10A1F0001B681A1D3B699A601B4B1B681B4A5A61FE
:10A200001A4B1B680133194A136000BF22E0FA6938
:10A210007B681344FB60144B1B68FA685A60FA6849
:10A22000FB699A4207D2104B1B68043319467869C0
:10A2300000F0E7FA0EE00C4B1B6804331946B869CE
:10A2400000F0DFFA0A4B1B68FA689A4202D2084A09
:10A25000FB68136000BF2037BD4680BD8408002422
:10A26000380800243C080024AC0300246C080024B7
:10A27000A008002480B584B000AF78603960012365
:10A28000FB607B68BB60BB68002B5DD0BB68DB6B91
:10A29000002B59D0BB681A6CBB68DB6B0021A3FB99
:10A2A0000223002B00D001210B46002B4CD100F0E3
:10A2B0002DFEBB681A68BB68DB6BB968096C01FBD3
:10A2C00003F31A44BB689A60BB6800229A63BB68B8
:10A2D0001A68BB685A60BB681A68BB68DB6B013BD5
:10A2E000B968096C01FB03F31A44BB68DA60BB6808
:10A2F000FF2283F84420BB68FF2283F845203B6897
:10A30000002B14D1BB681B69002B1AD0BB6810331B
:10A310001846FFF737FD0346002B12D00E4B4FF0C7
:10A3200080521A60BFF34F8FBFF36F8F09E0BB6895
:10A330001033184600F014FABB682433184600F0B6
:10A340000FFA00F0FFFD01E00023FB60FB681846F8
:10A350001037BD4680BD00BF04ED00E080B58AB077
:10A3600002AFF860B9601346FB710023FB61FB6824
:10A37000002B2DD00021BA68FB68A3FB0223002B21
:10A3800000D001210B46002B22D1FB68BA6802FBEA
:10A3900003F313F1490F1BD8FB68BA6802FB03F300
:10A3A000BB61BB694833184600F06EFEF861FB697B
:10A3B000002B0DD0FB697B617B6948337B61FA79A7
:10A3C000FB69009313467A69B968F86800F005F8EC
:10A3D000FB6918462037BD4680BD80B584B000AF0C
:10A3E000F860B9607A60FB70BB68002B03D1BB6971
:10A3F000BA691A6002E0BB697A681A60BB69FA68D8
:10A40000DA63BB69BA681A640121B869FFF732FFE1
:10A4100000BF1037BD4680BD80B58AB000AFF86080
:10A42000B9607A6000237B62FB683B6200F06EFDDE
:10A430003B6A9B6BFB61FB69002B1FD0B968386AD4
:10A4400000F08CF8FB695A1E3B6A9A633B6A1B69F1
:10A45000002B0FD03B6A10331846FFF793FC0346DE
:10A46000002B07D03C4B4FF080521A60BFF34F8F48
:10A47000BFF36F8F00F066FD012369E07B68002B5E
:10A4800003D100F05FFD002362E07B6A002B06D160
:10A4900007F114031846FFF741FD01237B6200F02A
:10A4A00051FDFFF7BDF900F031FD3B6A93F84430F0
:10A4B0005BB2B3F1FF3F03D13B6A002283F8442033
:10A4C0003B6A93F845305BB2B3F1FF3F03D13B6A7F
:10A4D000002283F8452000F035FD3A1D07F11403F2
:10A4E00011461846FFF730FD0346002B23D1386A8A
:10A4F00000F0ACF80346002B17D03B6A24337A688F
:10A5000011461846FFF7F0FB386A00F04DF8FFF7E8
:10A5100095F90346002B89D10F4B4FF080521A60FA
:10A52000BFF34F8FBFF36F8F80E7386A00F03CF8BE
:10A53000FFF784F97AE7386A00F036F8FFF77EF91A
:10A54000386A00F083F80346002B3FF46FAF002316
:10A5500018462837BD4680BD04ED00E080B582B0C6
:10A5600000AF786039607B681B6C002B18D07B686B
:10A57000DA687B681B6C1A447B68DA607B68DA688F
:10A580007B689B689A4203D37B681A687B68DA60B1
:10A590007B68D9687B681B6C1A46386801F0A3FF9A
:10A5A00000BF0837BD4680BD80B584B000AF78607D
:10A5B00000F0ACFC7B6893F84530FB7311E07B68DE
:10A5C0005B6A002B12D07B6824331846FFF7DAFB56
:10A5D0000346002B01D0FFF701FDFB7B013BDBB203
:10A5E000FB7397F90F30002BE9DC00E000BF7B68BC
:10A5F000FF2283F8452000F0A5FC00F087FC7B6873
:10A6000093F84430BB7311E07B681B69002B12D0B8
:10A610007B6810331846FFF7B5FB0346002B01D0CB
:10A62000FFF7DCFCBB7B013BDBB2BB7397F90E3061
:10A63000002BE9DC00E000BF7B68FF2283F84420A8
:10A6400000F080FC00BF1037BD4680BD80B584B0EF
:10A6500000AF786000F05AFC7B689B6B002B02D146
:10A660000123FB6001E00023FB6000F06BFCFB6852
:10A6700018461037BD4680BD80B485B000AF786005
:10A6800039600023BB603B68002B24D00023FB60B3
:10A690001EE0184AFB68DB0013445B687A689A4244
:10A6A00005D1FB68DB00134A1344BB6013E0BB68B1
:10A6B000002B0AD10F4AFB6852F83330002B04D12B
:10A6C000FB68DB000B4A1344BB60FB680133FB6093
:10A6D000FB68072BDDD9BB68002B05D0BB683A6847
:10A6E0001A60BB687A685A6000BF1437BD465DF8CF
:10A6F000047B7047AC08002480B586B000AFF860DA
:10A70000B9607A60FB687B6100F000FC7B6993F8BC
:10A7100044305BB2B3F1FF3F03D17B69002283F881
:10A7200044207B6993F845305BB2B3F1FF3F03D11E
:10A730007B69002283F8452000F004FC7B699B6B59
:10A74000002B06D17B6924337A68B9681846FFF775
:10A75000E1FA7869FFF728FF00BF1837BD4680BDD2
:10A7600080B483B000AF78607B6803F108027B6837
:10A770005A607B684FF0FF329A607B6803F10802F1
:10A780007B68DA607B6803F108027B681A617B688A
:10A7900000221A6000BF0C37BD465DF8047B70478D
:10A7A00080B483B000AF78607B6800221A6100BF7C
:10A7B0000C37BD465DF8047B704780B485B000AFB0
:10A7C000786039607B685B68FB603B68FA685A6058
:10A7D000FB689A683B689A60FB689B683A685A60B5
:10A7E000FB683A689A603B687A681A617B681B6804
:10A7F0005A1C7B681A6000BF1437BD465DF8047BA5
:10A80000704780B485B000AF786039603B681B68E2
:10A81000BB60BB68B3F1FF3F03D17B681B69FB6082
:10A820000CE07B680833FB6002E0FB685B68FB6060
:10A83000FB685B681B68BA689A42F6D2FB685A6884
:10A840003B685A603B685B683A689A603B68FA68A4
:10A850009A60FB683A685A603B687A681A617B685C
:10A860001B685A1C7B681A6000BF1437BD465DF830
:10A87000047B704780B485B000AF78607B681B694B
:10A88000FB607B685B687A6892689A607B689B680B
:10A890007A6852685A60FB685B687A689A4203D1AA
:10A8A0007B689A68FB685A607B6800221A61FB68C3
:10A8B0001B685A1EFB681A60FB681B681846143731
:10A8C000BD465DF8047B704780B584B002AF0023BD
:10A8D0007B6000F035FA0A4B1B68002B0AD0094B4D
:10A8E0000193032300930023802207490748FEF7C2
:10A8F0002AFC78607B6818460837BD4680BD00BFDB
:10A900001C09002420090024F0E80070B5A900709B
:10A9100080B584B000AFF860B9607A6008E0FB6889
:10A920009B69BA681344BB60FB681B6AF868984768
:10A93000FB689A69BB68D118BB687A68F86800F050
:10A94000DFF80346002BEAD100BF00BF1037BD4639
:10A9500080BD000080B584B000AF78603960144BD2
:10A960001B68DB68DB68FB60FB6804331846FFF795
:10A9700081FFFB6893F8243003F00403002B05D01B
:10A980003A687968F868FFF7C3FF08E0FB6893F856
:10A99000243023F00103DAB2FB6883F82420FB683B
:10A9A0001B6AF868984700BF1037BD4680BD00BFDE
:10A9B0001409002480B584B000AF786007F1080363
:10A9C000184600F059F8F860BB681946F86800F0BE
:10A9D00005F800F0D7F800BFF0E7000080B584B0BC
:10A9E00000AF78603960FEF71BFF07F108031846D7
:10A9F00000F066F8F860BB68002B30D13B68002B94
:10AA00000AD17A68FB689A4206D8FEF717FFF96800
:10AA10007868FFF79FFF24E03B68002B08D0134BBA
:10AA20001B681B68002B01D1012300E000233B6061
:10AA30000F4B18687A68FB68D31A3A681946FFF713
:10AA40005BFEFEF7FBFE0346002B0AD1094B4FF0DD
:10AA500080521A60BFF34F8FBFF36F8F01E0FEF794
:10AA6000EDFE00BF1037BD4680BD00BF18090024B1
:10AA70001C09002404ED00E080B485B000AF7860CC
:10AA80000E4B1B681B68002B01D1012200E0002245
:10AA90007B681A607B681B68002B05D1074B1B681D
:10AAA000DB681B68FB6001E00023FB60FB68184665
:10AAB0001437BD465DF8047B704700BF14090024BD
:10AAC00080B584B000AF7860FEF7B2FFF8600B4B42
:10AAD0001B68FA689A4205D200F00CF97B680122E3
:10AAE0001A6002E07B6800221A60044AFB68136067
:10AAF000FB6818461037BD4680BD00BF24090024FE
:10AB000080B586B000AFF860B9607A603B60002322
:10AB10007B61FB68BA685A60FB68FA681A61BA68B8
:10AB20007B689A4212D87A683B68D21AFB689B69A4
:10AB30009A4202D301237B611BE0104B1A68FB6829
:10AB4000043319461046FFF75CFE12E07A683B6852
:10AB50009A4206D2BA683B689A4202D301237B61CB
:10AB600007E0074B1A68FB68043319461046FFF7E5
:10AB700048FE7B6918461837BD4680BD1809002479
:10AB80001409002480B586B000AF3B1D00221A6076
:10AB90005A609A609CE07B68002BC0F29980FB6849
:10ABA0007B617B69002B00F093807B695B69002BE4
:10ABB00004D07B6904331846FFF75CFE3B46184619
:10ABC000FFF77EFF38617B68013B082B7DD801A22F
:10ABD00052F823F0F9AB0070F9AB007061AC007073
:10ABE00075AC0070A1AC0070F9AB0070F9AB0070EF
:10ABF00061AC007075AC00707B6993F8243043F051
:10AC00000103DAB27B6983F82420BA687B699B6907
:10AC1000D118BB683A697869FFF772FF0346002BC9
:10AC200055D07B6993F8243003F00403002B09D03E
:10AC3000BA687B699B6913443A6919467869FFF7DA
:10AC400067FE08E07B6993F8243023F00103DAB251
:10AC50007B6983F824207B691B6A7869984736E012
:10AC60007B6993F8243023F00103DAB27B6983F81F
:10AC700024202DE07B6993F8243043F00103DAB2FD
:10AC80007B6983F82420BA687B699A617B699A6939
:10AC90003B69D1183B693A697869FFF731FF17E0E2
:10ACA0007B6993F8243003F00203002B03D1786909
:10ACB00000F09CFA0CE07B6993F8243023F0010348
:10ACC000DAB27B6983F8242002E000BF00E000BF15
:10ACD000074B1B68391D00221846FFF79DFB0346F2
:10ACE000002B7FF458AF00BF00BF1837BD4680BDB2
:10ACF0001C09002480B582B000AF09E00E4B1B6830
:10AD0000DB681B683B604FF0FF313868FFF722FEBD
:10AD1000094B1B681B68002BF0D1074B1B687B603D
:10AD2000064B1B68044A1360044A7B68136000BF2B
:10AD30000837BD4680BD00BF14090024180900244F
:10AD400080B500AF00F0E2F8124B1B68002B1DD15C
:10AD50001148FFF705FD1148FFF702FD104B0E4AA1
:10AD60001A60104B0D4A1A6000220C210A20FFF7CE
:10AD7000F5FA0346074A1360064B1B68002B05D003
:10AD8000044B1B6808491846FFF776FC00F0DAF818
:10AD900000BF80BD1C090024EC0800240009002429
:10ADA0001409002418090024F8E8007080B485B064
:10ADB00000AFF860B9607A60FB68043BFB60FB6839
:10ADC0004FF080721A60FB68043BFB60BB6823F0A5
:10ADD0000102FB681A60FB68043BFB600C4AFB68DD
:10ADE0001A60FB68143BFB607A68FB681A60FB68BA
:10ADF000043BFB60FB686FF002021A60FB68203BBB
:10AE0000FB60FB6818461437BD465DF8047B70474D
:10AE100015AE007080B483B000AF00233B604FF0EC
:10AE2000500372B683F31188BFF36F8FBFF34F8F58
:10AE300062B67B6000BF00BF3B68002BFCD000BF48
:10AE400000BF0C37BD465DF8047B7047064B1968A0
:10AE50000868B0E8F04F80F30988BFF36F8F4FF0B8
:10AE6000000080F311887047AC03002400BF00BFCE
:10AE700008480068006880F308884FF0000080F3FD
:10AE8000148862B661B6BFF34F8FBFF36F8F00DFD8
:10AE900000BF000008ED00E000BF00BF80B582B039
:10AEA00000AF154B1B687B60144B1B68134A43F4BF
:10AEB0007F031360114B1B68104A43F07F431360FC
:10AEC0000F4B00221A6000F0AFF80E4B00221A6000
:10AED00000F0CEF80C4B1B680B4A43F04043136064
:10AEE000FFF7C6FFFEF7B0FEFFF794FF00231846FA
:10AEF0000837BD4680BD00BF08ED00E020ED00E052
:10AF00001CED00E01000002434EF00E080B483B0BA
:10AF100000AF4FF0500372B683F31188BFF36F8F09
:10AF2000BFF34F8F62B67B6000BF054B1B680133D8
:10AF3000034A136000BF0C37BD465DF8047B7047C1
:10AF40001000002480B483B000AF0A4B1B68013BA3
:10AF5000084A1360074B1B68002B05D100237B6058
:10AF60007B6883F3118800BF00BF0C37BD465DF8D6
:10AF7000047B704710000024EFF30980BFF36F8F4C
:10AF8000154B1A681EF0100F08BF20ED108A20E93B
:10AF9000F04F10602DE909004FF0500072B680F3B9
:10AFA0001188BFF34F8FBFF36F8F62B6FEF74CFE71
:10AFB0004FF0000080F3118809BC19680868B0E8F8
:10AFC000F04F1EF0100F08BFB0EC108A80F3098814
:10AFD000BFF36F8F70470000AC03002400BF00BFB9
:10AFE00080B582B000AF4FF0500372B683F3118882
:10AFF000BFF36F8FBFF34F8F62B67B6000BFFEF76A
:10B0000027FD0346002B03D0064B4FF080521A60F9
:10B0100000233B603B6883F3118800BF00BF083703
:10B02000BD4680BD04ED00E080B400AF0B4B0022B4
:10B030001A600B4B00221A600A4B1B680A4AA2FBDB
:10B0400003239B09094A013B1360044B07221A6042
:10B0500000BFBD465DF8047B704700BF10E000E014
:10B0600018E000E004000024D34D621014E000E07A
:10B07000DFF80C00016841F47001016070470000C6
:10B0800088ED00E000BF00BF80B588B000AF7860F9
:10B0900000237B6100233B617B68002B22D00823C7
:10B0A000DB437A689A421BD808227B6813447B6092
:10B0B0007B6803F00703002B14D07B6803F00703C1
:10B0C000C3F10803FB60FB68DB437A689A4204D84B
:10B0D0007A68FB6813447B6004E000237B6001E036
:10B0E00000237B60FEF79CFB3B4B1B68002B01D1D0
:10B0F00000F0B6F87B68002B67DB7B68002B64D020
:10B10000364B1B687A689A425FD8354BBB61344B2B
:10B110001B68FB6104E0FB69BB61FB691B68FB61A9
:10B12000FB695B687A689A4203D9FB691B68002B4C
:10B13000F1D1294B1B68FA699A4246D0BB691B685A
:10B14000082213447B61FB691A68BB691A60FB69BA
:10B150005A687B68D21A08235B009A4213D9FA69AD
:10B160007B681344BB60FB695A687B68D21ABB6872
:10B170005A60FB697A685A60BB691A68BB681A60D2
:10B18000BB69BA681A60154B1A68FB695B68D31A09
:10B19000124A1360114B1A68124B1B689A4203D271
:10B1A0000E4B1B680F4A1360FB695B683B61FB69D0
:10B1B0005B6843F00042FB695A60FB6900221A6039
:10B1C000094B1B680133084A1360FEF737FB7B69A4
:10B1D00018462037BD4680BD3009022434090224B8
:10B1E00028090224380902243C09022480B584B0CD
:10B1F00000AF78607B68FB607B68002B27D008235A
:10B200005B42FA681344FB60FB68BB60BB685B6829
:10B21000002B1CDABB681B68002B18D1BB685B686D
:10B2200023F00042BB685A60FEF7FAFABB685A681E
:10B23000094B1B681344084A1360B86800F06AF8A9
:10B24000064B1B680133054A1360FEF7F7FA00BF8F
:10B250001037BD4680BD00BF3409022440090224D6
:10B2600080B485B000AF4FF40033BB60244BFB606B
:10B27000FB6803F00703002B0CD0FB680733FB606F
:10B28000FB6823F00703FB60BA68FB68D31A1C4A0B
:10B290001344BB60FB681B4A13601A4B00225A60C0
:10B2A000FA68BB6813447B6008227B689B1A7B604A
:10B2B0007B6823F007037B607B68134A1360124BA3
:10B2C0001B6800225A60104B1B6800221A60FB6842
:10B2D0003B603B687A68D21A3B685A600A4B1A682E
:10B2E0003B681A603B685B68084A13603B685B68B0
:10B2F000074A136000BF1437BD465DF8047B7047F2
:10B3000028090024280902243009022438090224CB
:10B310003409022480B485B000AF7860284BFB600C
:10B3200002E0FB681B68FB60FB681B687A689A4256
:10B33000F7D8FB68BB60FB685B68BA6813447A683F
:10B340009A4208D1FB685A687B685B681A44FB68BC
:10B350005A60FB687B607B68BB607B685B68BA682F
:10B360001A44FB681B689A4218D1FB681A68154B8F
:10B370001B689A420DD07B685A68FB681B685B6843
:10B380001A447B685A60FB681B681A687B681A60FD
:10B3900008E00C4B1A687B681A6003E0FB681A68C7
:10B3A0007B681A60FA687B689A4202D0FB687A6808
:10B3B0001A6000BF1437BD465DF8047B704700BFBC
:10B3C00028090224300902240B460146184600F0E1
:10B3D000A3BC00F00FB80268D207034605D4427838
:10B3E00002B1FFDE01205870704700207047012332
:10B3F0000360704700F05EBB30B510EE104AC4F336
:10B400000A53B3F57D7FB7EEC07A83B019D227EE29
:10B41000075BB3F5667F6CD327EE052B25EE021B89
:10B42000694B93ED1A3B93ED186B93ED164BA5EE1C
:10B43000036BA2EE047BA6EE017BB7EEC70B03B055
:10B4400030BD40F22E4293425BD85F4991ED086BCC
:10B4500027EE066BFDEEC66B91ED0A5B16EE903A99
:10B4600003F500031B1613F0020F06EE903A01F1EC
:10B47000700208BF0A46D807B8EEE66BA6EE457B19
:10B4800027EE076B1BD403F0030301EBC30191ED1F
:10B49000002B92ED1A4B92ED185B92ED163BA6EE47
:10B4A000045B27EE027B27EE064B26EE046BA4EE30
:10B4B000037BA5EE067BB7EEC70B03B030BD92ED64
:10B4C000142B26EE065B92ED127B92ED0E3BA6EE60
:10B4D000027B92ED0C0B92ED104BA6EE030B26EEC9
:10B4E000056BA5EE040BA7EE060BB7EEC00B03B081
:10B4F00030BD14F0FF4F04BFB7EEC55B8DED015AB0
:10B50000DBE7B3F5FF6F3BD2304BC4F3836203EB51
:10B51000820153F82220C4F31603C4F3C25043F44B
:10B5200000038340086A0969A0FB035003FB02F291
:10B53000E3FB010202F100518D0F01F04041511A6D
:10B54000F5F744F8224B9FED1E6B05EBD47441ECEC
:10B55000170B14F0020FA3F1700208BF1346E9079E
:10B5600027EE067B27EE076B0FD402EBC40292EDA9
:10B57000002B93ED1A4B93ED185B93ED163B8EE782
:10B5800003B0BDE8304000F01FB993ED141B26EE68
:10B59000064B93ED125B93ED0E2BA6EE015B93ED44
:10B5A0000C7B93ED103BA6EE027B26EE046BA4EE23
:10B5B000037BA5EE067BB7EEC70B7EE7AFF30080FB
:10B5C000182D4454FB21193C38EC0070D8EB007066
:10B5D000A8EC00700000000038B510EE104AC4F36B
:10B5E0000A53B3F57D7FB7EEC07A1ED227EE077BF4
:10B5F000B3F5667F6FD327EE071B694B93ED142BD2
:10B6000093ED125B93ED0E3BA7EE025B93ED0C6B9B
:10B6100093ED104BA7EE036B27EE017BA1EE046BBD
:10B62000A5EE076BB7EEC60B38BD40F22E42934233
:10B6300054D85B4991ED086B27EE066BFDEEC66BA7
:10B6400091ED0A5B16EE903A03F500031B1613F01A
:10B65000020F06EE903A01F1700208BF0A46D807C1
:10B66000B8EEE66BA6EE457B27EE076B1AD503F026
:10B67000030301EBC30191ED002B92ED1A4B92ED08
:10B68000185B92ED163BA6EE045B27EE027B27EEDD
:10B69000064B26EE046BA4EE037BA5EE067BB7EE0D
:10B6A000C70B38BD92ED142B26EE065B92ED127B94
:10B6B00092ED0E3BA6EE027B92ED0C0B92ED104B41
:10B6C000A6EE030B26EE056BA5EE040BA7EE060B0C
:10B6D000B7EEC00B38BDB7EE000A38BDB3F5FF6F4B
:10B6E0003DD2304BC4F3836203EB820153F8222036
:10B6F000C4F31603C4F3C25043F400038340086A42
:10B700000969A0FB035003FB02F2E3FB010202F113
:10B7100000518D0F01F04041511AF4F757FF224BB1
:10B720009FED1D6B05EBD47441EC170B14F0020F69
:10B73000A3F1700208BF1346E90727EE067B27EE48
:10B74000076B10D504F0030402EBC40292ED002B4A
:10B7500093ED1A4B93ED185B93ED163B93E7BDE821
:10B76000384000F031B893ED141B26EE064B93EDF4
:10B77000125B93ED0E2BA6EE015B93ED0C7B93ED2C
:10B78000103BA6EE027B26EE046BA4EE037BA5EE37
:10B79000067BB7EEC70B38BD182D4454FB21193C6E
:10B7A00038EC0070D8EB0070A8EC007010B52DEDEF
:10B7B000028BB0EE408A044600F068FEB0EE480A04
:10B7C000BDEC028B046010BDF0EE407A30EE407AA2
:10B7D000F4EE677AF1EE10FA87EE070A02D621201E
:10B7E000FFF7E4BF704700BF2DE9F047089D0E4604
:10B7F00004460F46002B4AD194468C45B2FA82F299
:10B8000060D942B1C2F12003974020FA03F30CFA49
:10B8100002FC1F4394404FEA1C4E1FFA8CF6B7FB04
:10B82000FEF1230C0EFB117743EA074301FB06F000
:10B8300098420AD91CEB030301F1FF3780F0158110
:10B84000984240F21281023963441B1AA4B2B3FB3E
:10B85000FEF00EFB103344EA034400FB06F6A6425A
:10B860000AD91CEB040400F1FF3380F00081A642EA
:10B8700040F2FD806444023840EA0140A41B0021EC
:10B880001DB1D4400023C5E90043BDE8F0878B42D9
:10B8900005D90DB1C5E9000100210846F5E7B3FA65
:10B8A00083F1002946D1B34202D3824200F2F580EF
:10B8B000841A66EB030201201746002DE5D0C5E986
:10B8C0000047E2E7002A40F09380A1EB0C034FEA27
:10B8D0001C471FFA8CFE0121B3FBF7F607FB16305D
:10B8E000230C43EA00430EFB06F0984208D91CEBF8
:10B8F000030306F1FF3802D2984200F2D080464698
:10B900001B1AA4B2B3FBF7F007FB103344EA03445D
:10B910000EFB00FEA64508D91CEB040400F1FF3322
:10B9200002D2A64500F2B6801846A4EB0E0440EA07
:10B930000640A5E7C1F120078B4022FA07FC4CEA3C
:10B94000030C06FA01FE20FA07F426FA07F344EA8C
:10B950000E0400FA01F84FEA1C404FEA1449B3FB09
:10B96000F0FE1FFA8CF600FB1E3349EA03430EFB80
:10B9700006F9994502FA01F20BD91CEB03030EF10B
:10B98000FF3A80F08580994540F28280AEF1020E48
:10B990006344A3EB0909A4B2B9FBF0F300FB1399CC
:10B9A00044EA094403FB06F6A64208D91CEB04044A
:10B9B00003F1FF3068D2A64266D9023B644443EAF1
:10B9C0000E40A41BA0FB02E6B4427346B14652D31C
:10B9D0004FD05DB1B8EB030264EB090404FA07F73A
:10B9E00022FA01F31F43CC40C5E9007400214CE763
:10B9F000C2F1200120FA01F30CFA02FC26FA01F14F
:10BA0000964033434FEA1C471FFA8CFEB1FBF7F018
:10BA100007FB1016190C41EA064100FB0EF68E4298
:10BA200004FA02F408D91CEB010100F1FF382DD211
:10BA30008E422BD902386144891B9BB2B1FBF7F6C9
:10BA400007FB161143EA014306FB0EF1994208D9A0
:10BA50001CEB030306F1FF3814D2994212D9023EBF
:10BA600063445B1A46EA004136E73946EDE618467C
:10BA700002E7F045ADD2BEEB020366EB0C060138DF
:10BA8000B146A6E74646ECE7034698E74046D3E7CB
:10BA9000D6467EE76444023847E708460DE7023E93
:10BAA00063442DE7024B0146186800F02DB800BF33
:10BAB00020000024024B0146186800F023BD00BF9F
:10BAC0002000002470B50F4E0C463168054611B9B0
:10BAD00000F0BAFC30602146284600F0B5FC431C5B
:10BAE00003D14FF0FF34204670BDC41C24F0030482
:10BAF000A042F8D0211A284600F0A6FC0130F2D16D
:10BB0000EFE700BF440902242DE9F843CD1C25F0DE
:10BB1000030508350C2D38BF0C25002D064601DB2A
:10BB2000A94204D90C2333600020BDE8F883DFF874
:10BB3000D48000F069F8D8F800301C4644BB294690
:10BB40003046FFF7BFFF431C044658D1D8F80040E9
:10BB50002746002F43D1002C4BD02368394630466E
:10BB600004EB030900F070FC814542D121686D1A95
:10BB700029463046FFF7A6FF01303AD023682B4410
:10BB80002360D8F800305A6862BBC8F800700FE034
:10BB90002268521B20D40B2A17D96119A3422560B1
:10BBA00018BF5960636808BFC8F8001062514B6045
:10BBB000304600F02FF804F10B00231D20F00700A1
:10BBC000C21A1CBF1B1AA350AFE76268A3420CBF86
:10BBD000C8F800205A60EBE723466468AEE73C46AD
:10BBE0007F68B6E71A465B68A342FBD10023536027
:10BBF000DEE70C233360304600F00CF894E7056074
:10BC0000D6E700BF48090224014800F06ABC00BF23
:10BC10008C0A0224014800F065BC00BF8C0A022493
:10BC2000242B2DE9F0478646904601D8012B06D1FA
:10BC300000F02CFC162303600020BDE8F087344898
:10BC40000D462A4615F8014B065D16F00806F8D198
:10BC50002D2C10D12C780126951C33F0100215D113
:10BC6000302C0DD12A7802F0DF02582A08D16C78E6
:10BC7000023510230AE02B2C04BF2C78951CECE72E
:10BC8000002BF6D1302C14BF0A23082306F1004CF8
:10BC90000CF1FF3C0022BCFBF3F9104603FB19CA70
:10BCA000A4F13007092F0FD83C46A3421BDD571CD7
:10BCB00007D0814514D301D1A24511DB00FB03401D
:10BCC000012215F8014BEBE7A4F14107192F01D828
:10BCD000373CEAE7A4F16107192F04D8573CE4E7A1
:10BCE0004FF0FF32EDE7531C08D12223CEF800308D
:10BCF0006046B8F1000FA0D0691E06E006B14042D0
:10BD0000B8F1000F99D0002AF6D1C8F8001094E7D6
:10BD100019ED0070FFF784BF10B5044604481346C0
:10BD200020B10A4602202146AFF3008010BD00BFBB
:10BD300000000000002310B50446C0E90033C0E94C
:10BD40000433836081814366C2818361194608227E
:10BD50005C3000F02BFB0D4B63620D4BA3620D4B6F
:10BD6000E3620D4B23630D4B24629C4206D003F12A
:10BD70006802944202D0D0339C4205D104F15800AD
:10BD8000BDE8104000F0ACBB10BD00BFC5C10070E5
:10BD9000EBC1007023C2007047C200704C0902243E
:10BDA000024A0349034800F069B800BF14000024A8
:10BDB00029D500702400002441680C4B994210B52D
:10BDC000044601D001F0B0FBA168094B994202D0B2
:10BDD000204601F0A9FBE168064B994204D02046B9
:10BDE000BDE8104001F0A0BB10BD00BF4C0902240B
:10BDF000B40902241C0A022410B50B4B0B4C0C4A4C
:10BE00001A60204600220421FFF794FF04F1680025
:10BE100001220921FFF78EFF04F1D0000222BDE8C4
:10BE200010401221FFF786BF840A02244C09022425
:10BE3000A1BD0070014800F054BB00BF8D0A022470
:10BE4000014800F04FBB00BF8D0A022410B5044624
:10BE5000FFF7F0FF236A1BB1BDE81040FFF7F0BF0A
:10BE6000044B2362044B1B68002BF5D1FFF7C4FF82
:10BE7000F2E700BFB9BD0070840A02242DE9F8433F
:10BE80000746884614460026D4E90195B9F1010910
:10BE900005D52468002CF7D13046BDE8F883AB897E
:10BEA000012B07D9B5F90E30013303D029463846A6
:10BEB000C04706436835E9E70FB407B5064904AB48
:10BEC000086853F8042B8168019300F0B7FE03B0B3
:10BED0005DF804EB04B0704720000024036A70B5DD
:10BEE000846805460E460BB9FFF7B0FF636EDB07AB
:10BEF00005D4A389980502D4A06D00F0F2FAA389B5
:10BF0000190702D52369002B35D12146284600F0B8
:10BF1000DDF980B34FF0FF35636EDA0705D4A389EE
:10BF20009B0502D4A06D00F0DDFA284670BD002B01
:10BF300004DAA2699A4217DC0A2915D023685A1C30
:10BF400022601970A36816F8011F013BA360002945
:10BF5000EDD1002B11DA22460A21284600F077F9AC
:10BF60000130D7D00A25D7E72246284600F06FF9DE
:10BF70000130E7D1CEE7013EE4E723685A1C226096
:10BF80000A221A70EEE70000024B01461868FFF71C
:10BF9000A5BF00BF200000242DE9F7431D46574BE5
:10BFA0001F6804460E46904627B13B6A13B93846CF
:10BFB000FFF74CFFB8F1020F06D0B8F1010F00F205
:10BFC0009A80002DC0F29780636ED90705D4A389AB
:10BFD0009A0502D4A06D00F084FA2146384601F09B
:10BFE000A3FA616B41B104F14403994202D038468F
:10BFF00000F088FA002363630023A3616360A389D0
:10C000001B0603D52169384600F07CFAA38923F486
:10C010004A6323F00303B8F1020FA38161D001AB9F
:10C020006A462146384601F0A7FAA3891843A08141
:10C030002DBB009D2846FFF735FD0646002852D14E
:10C04000DDF80090A94540D14FF0FF35B4F90C3030
:10C0500043F00202A2810022A26004F147022260A2
:10C06000226101226261626ED60704D4980502D46F
:10C07000A06D00F037FA284603B0BDE8F083002E2B
:10C08000D8D03B6A13B93846FFF7E0FEB8F1010F8C
:10C0900008BFA389266004BF43F00103A381B4F95C
:10C0A0000C3013F00802C4E904651ED0D90741BF63
:10C0B00000226D42A260A56158BFA560626ED207E2
:10C0C00001D49B0513D50025D5E74846FFF7EAFCC8
:10C0D00006460028B8D0A38943F08003A3814D46CB
:10C0E000CFE70025B2E7A946F5E7A260E6E7A06D35
:10C0F00000F0F8F9E7E74FF0FF35BCE72000002437
:10C100000CB430B5184B0C1E1D689DB008DA8B239B
:10C110002B604FF0FF301DB0BDE8304002B07047DB
:10C120004FF40273ADF814304FF000031B9314BFAB
:10C1300004F1FF332346049307934FF6FF730290F5
:10C140000690ADF81630209A21AB02A9284601933B
:10C1500000F07EFA431CBCBF8B232B60002CDAD08E
:10C16000029B00221A70D6E7200000240EB470B59E
:10C170009DB021AC00254FF4017254F8046BADF86A
:10C1800014201B9502900690F4F772FA0B4B039063
:10C1900007900B480B934FF6FF73ADF816303246FD
:10C1A000234602A900680F951495019400F0A6FBA0
:10C1B0001DB0BDE8704003B0704700BFE7C100701C
:10C1C0002000002410B50C46B1F90E1000F02AF939
:10C1D0000028ABBF636DA3891B1823F48053ACBF49
:10C1E0006365A38110BD002070472DE9F0411F4613
:10C1F0008B89DB0505460C46164605D5B1F90E10B0
:10C200000223002200F0FCF8A389B4F90E1023F4F5
:10C210008053A38132463B462846BDE8F04100F0FA
:10C2200023B910B50C46B1F90E1000F0E9F8431C23
:10C23000A38915BF606523F4805343F48053A38121
:10C2400018BFA38110BDB1F90E1000F0C9B8F8B540
:10C250000E461446054618B1036A0BB9FFF7F6FD02
:10C26000A369A360A3891A0701D5236943B92146AD
:10C27000284600F02BF818B14FF0FF373846F8BDCC
:10C2800023682269981A6369F6B28342374605DC4F
:10C290002146284601F048F90028EDD1A368013B6A
:10C2A000A36023685A1C22601E706269431C9A4274
:10C2B00004D0A389DB07E1D50A2EDFD12146284629
:10C2C00001F032F90028D9D0D6E7000038B5294B63
:10C2D000054618680C4618B1036A0BB9FFF7B6FD9E
:10C2E000B4F90C30190722D4DA0607D409222A60DF
:10C2F00043F04003A3814FF0FF3033E0580712D5DD
:10C30000616B41B104F14403994202D0284600F028
:10C31000F9F800236363A38923F02403A381002396
:10C32000636023692360A38943F00803A381236921
:10C330004BB9A38903F42073B3F5007F03D02146E2
:10C34000284601F03FF9B4F90C3013F001020AD08D
:10C350000022A26062695242A261226942B913F0CE
:10C360008000C5D138BD990758BF6269A260F4E763
:10C370000020F7E720000024884210B501EB0204FA
:10C3800002D98442234607D8431EA14208D011F89F
:10C39000012B03F8012FF8E7024401468A4200D13D
:10C3A00010BD13F8014D02F8014DF7E702440346B2
:10C3B000934200D1704703F8011BF9E710B56AB149
:10C3C0000139841810F8012B11F8013F9A4203D16A
:10C3D000A04201D0002AF5D1D01A10BD1046FCE7CA
:10C3E00038B5064D0023044608462B6001F062FA7A
:10C3F000431C02D12B6803B1236038BD880A022494
:10C4000038B5074D04460846114600222A601A46F0
:10C4100001F068FA431C02D12B6803B1236038BDD8
:10C42000880A022438B5074D044608461146002202
:10C430002A601A4601F05EFA431C02D12B6803B150
:10C44000236038BD880A022438B5064D002304460F
:10C4500008462B6001F056FA431C02D12B6803B149
:10C46000236038BD880A022438B5074D04460846C3
:10C47000114600222A601A46F4F7B0F9431C02D193
:10C480002B6803B1236038BD880A0224014B186869
:10C49000704700BF2000002470B50D4D0D4C641B8B
:10C4A000A4100026A64209D10B4D0C4C01F038FA1D
:10C4B000641BA4100026A64205D170BD55F8043BAC
:10C4C00098470136EEE755F8043B98470136F2E706
:10C4D00070EE007070EE007070EE007078EE00701C
:10C4E0007047704770470A44914200F1FF3300D112
:10C4F000704710B511F8014B03F8014F9142F9D183
:10C5000010BD000038B50546002941D051F8043C63
:10C510000C1F002BB8BFE418FFF776FB1D4A136809
:10C5200033B9636014602846BDE83840FFF772BB3A
:10C53000A34208D9206821188B4201BF19685B68A3
:10C5400009182160EDE71A465B680BB1A342FAD9DE
:10C5500011685018A0420BD1206801445018834242
:10C560001160E0D118685B68536008441060DAE736
:10C5700002D90C232B60D6E7206821188B4204BF18
:10C5800019685B68636004BF091821605460CAE7DA
:10C5900038BD00BF480902242DE9F0478E681F46C8
:10C5A000BE420B6882460C4690462DD8B1F90C204D
:10C5B00012F4906F26D06569096905EB4505A3EB78
:10C5C000010905EBD5757B1C4B446D109D4238BFAE
:10C5D0001D46530527D52946FFF796FA064660B350
:10C5E00021694A46FFF77FFFA38923F4906343F054
:10C5F0008003A381266165614E44A5EB0905266091
:10C60000A5603E46BE4200D93E46206832464146BD
:10C61000FFF7B2FEA3689B1BA3602368334423602B
:10C620000020BDE8F0872A4601F09EF80646002863
:10C63000E0D121695046FFF765FF0C23CAF80030AE
:10C64000A38943F04003A3814FF0FF30E9E70000E6
:10C650002DE9F04F98468B891B069DB007460D4685
:10C66000144610D50B6973B94021FFF74DFA2860C5
:10C67000286130B90C233B604FF0FF301DB0BDE89E
:10C68000F08F40236B610023099320238DF829301C
:10C69000CDF80C803023DFF89C818DF82A304FF0E4
:10C6A000010923469A4613F8012B0AB1252AF9D12C
:10C6B000BAEB040B0BD05B46224629463846FFF7FF
:10C6C0006BFF013000F0A780099A5A4409929AF84A
:10C6D0000030002B00F09F8000234FF0FF32CDE9A7
:10C6E00005230AF1010A049307938DF853301A9336
:10C6F0005446052214F8011B4E48F3F7C1FF049A73
:10C70000D8B9D00644BF20238DF85330110744BF59
:10C710002B238DF853309AF800302A2B15D0079A26
:10C72000544600204FF00A0C214611F8013B303BE3
:10C73000092B4BD9B0B1079214E0A0EB080309FA1A
:10C7400003F313430493A246D2E7039B191D1B680E
:10C750000391002BBBBF5B4242F002020793079399
:10C76000B8BF049223782E2B0AD163782A2B32D1BA
:10C77000039B1A1D1B68039243EAE373023405937B
:10C78000DFF8C0A0217803225046F3F779FF38B1D3
:10C79000049BA0EB0A00402282401343013404931F
:10C7A00014F8011B24488DF828100622F3F768FFBF
:10C7B000002836D0214B1BBB039B073323F0070314
:10C7C00008330393099B334409936AE70CFB023255
:10C7D0000C460120A8E700230134059319464FF0C9
:10C7E0000A0C204610F8012B303A092A03D9002BF5
:10C7F000C6D00591C4E70CFB012104460123F0E7F4
:10C8000003AB00932A460E4B04A93846AFF30080D1
:10C81000421C0646D6D1AB895B063FF52DAF099881
:10C820002CE703AB00932A46054B04A9384600F0D9
:10C830008BFBEDE719EE007023EE007000000000A6
:10C8400099C500701FEE007038B54B1C144603D11B
:10C850004FF0FF35284638BD938923F0200393819C
:10C86000636B5268CDB28BB1A36B934208DD236832
:10C870005A1E226003F8015C636801336360E9E7D4
:10C88000214600F014FF0028F1D0E1E72169236878
:10C8900051B1994208D213F8011CA94204D1013BBD
:10C8A000013223606260D5E7C4E90F3204F144032A
:10C8B00063630323A363234603F8465F23600123D6
:10C8C000DCE710B50C46496B69B104F144039942A9
:10C8D00001D0FFF717FE236C63600020606313B183
:10C8E000E36B236010BD2369236000236360A38989
:10C8F00043F02003A3814FF0FF30F3E72DE9F04F21
:10C900000C46ADF5237D0021CDE94411A649A09147
:10C910000DF10408A549A64FCDF818810646A1914E
:10C92000009392F80090B9F1000F00F0588117F8C9
:10C93000093013F0080302F1010519D06368002BD8
:10C940000FDD23681A78BA5C120701D42A46E8E79B
:10C95000459A0132459262680133013A6260236070
:10C96000ECE7A19B2146304698470028E9D0EDE747
:10C97000B9F1250F40F085804193439353782A2BDA
:10C9800002BF1023951C41930A22AA461AF8011BE4
:10C99000A1F13003092B1ED9DFF818B20322584643
:10C9A000F3F76EFE38B1419AA0EB0B0001238340F0
:10C9B00013434193554615F8013B782B06D8572B66
:10C9C00010D8252B5DD057D8002B75D00323479363
:10C9D0000A23429388E0439B02FB031130394391C1
:10C9E0005546D2E7A3F15802202AEFD801A151F809
:10C9F00022F000BFC7CA0070CDC90070CDC9007059
:10CA000021CB0070CDC90070CDC90070CDC90070B8
:10CA1000CDC90070CDC90070CDC90070CDC90070FE
:10CA200037CB00701DCB00707FCA00707FCA0070CA
:10CA30007FCA0070CDC90070D9CA0070CDC900701E
:10CA4000CDC90070CDC90070CDC9007047CB007052
:10CA5000E1CA0070BFCA0070CDC90070CDC90070B6
:10CA600043CB0070CDC900701DCB0070CDC90070E4
:10CA7000CDC90070C7CA0070453B022BA6D805235C
:10CA800031E06368002B0DDD23681A784A4540F0D9
:10CA9000A680013362682360459B013A01336260DE
:10CAA000459353E7A19B2146304698470028EBD099
:10CAB0004498002840F08B804FF0FF308BE0419A83
:10CAC00042F020024192419A42F4007241921022B7
:10CAD0006E2B429202D905E000234293032302E029
:10CAE00008234293042347936368002B39DD419B5D
:10CAF000590604D423681A78BA5C120738D4479BC5
:10CB0000022B47DC6B46224641A9304600F03AFB37
:10CB1000012864D002287FF419AFC9E70A22D7E7B9
:10CB20002946404600F08AFD419B43F04003419373
:10CB300005460123D7E7419B43F04003419300237F
:10CB4000D1E70223CFE74198C3063FF5FFAE009B34
:10CB5000459A191D00911B68C0074CBF1A801A60C6
:10CB6000F4E6A19B2146304698470028BFD09FE7B6
:10CB7000459A013245926268013A002A626002DDFC
:10CB800001332360B6E7A19B214630469847002831
:10CB9000B0D08DE7042B0FDC6B46224641A930460E
:10CBA00000F04AFBB4E700BF49C80070C3C800707A
:10CBB00019ED00701FEE00700A4B002B3FF4C6AE5B
:10CBC0006B46224641A93046AFF30080A0E7A38917
:10CBD0005B063FF571AF0DF5237DBDE8F08F4498FE
:10CBE000F9E700BF000000009368013B002B10B480
:10CBF000936008DA9469A34201DB0A2903D15DF846
:10CC0000044BFFF724BB1368581C106019700846CA
:10CC10005DF8044B7047F8B506460F461446D51824
:10CC2000AC4201D1002007E014F8011B3A4630461F
:10CC3000FFF7DAFF431CF3D1F8BD00002DE9F04FF8
:10CC40000D469DB014469846064618B1036A0BB9C6
:10CC5000FFF7FCF86B6ED90705D4AB899A0502D4AF
:10CC6000A86DFFF73EFCAB891B0701D52B699BB96B
:10CC700029463046FFF72AFB70B16B6EDC0704D5FE
:10CC80004FF0FF301DB0BDE8F08FAB899805F7D4A9
:10CC9000A86DFFF727FCF3E70023099320238DF805
:10CCA0002930CDF80C803023DFF8AC818DF82A30A4
:10CCB0004FF0010923469A4613F8012B0AB1252AA1
:10CCC000F9D1BAEB040B0BD05B462246294630461D
:10CCD000FFF7A1FF013000F0A780099A5A4409929A
:10CCE0009AF80030002B00F09F8000234FF0FF32B5
:10CCF000CDE905230AF1010A049307938DF8533017
:10CD00001A935446052214F8011B5348F3F7B8FC54
:10CD1000049AD8B9D10644BF20238DF853301307A5
:10CD200044BF2B238DF853309AF800302A2B15D0AE
:10CD3000079A544600204FF00A0C214611F8013B97
:10CD4000303B092B4BD9B0B1079214E0A0EB08039C
:10CD500009FA03F313430493A246D2E7039B191D78
:10CD60001B680391002BBBBF5B4242F0020207939A
:10CD70000793B8BF049223782E2B0AD163782A2B0D
:10CD800032D1039B1A1D1B68039243EAE3730234FA
:10CD90000593DFF8D4A0217803225046F3F770FC06
:10CDA00038B1049BA0EB0A004022824013430134B7
:10CDB000049314F8011B29488DF828100622F3F774
:10CDC0005FFC00283FD0264B1BBB039B073323F09F
:10CDD000070308330393099B3B4409936AE70CFB61
:10CDE00002320C460120A8E70023013405931946BE
:10CDF0004FF00A0C204610F8012B303A092A03D9CB
:10CE0000002BC6D00591C4E70CFB01210446012389
:10CE1000F0E703AB00932A46124B04A93046AFF368
:10CE200000800746781CD6D16B6ED90705D4AB8934
:10CE30009A0502D4A86DFFF755FBAB895B063FF559
:10CE40001FAF09981EE703AB00932A46054B04A9C0
:10CE5000304600F079F8E4E719EE007023EE007038
:10CE60000000000017CC00701FEE00702DE9F047A5
:10CE7000164698468A680B69DDF820909342B8BF41
:10CE80001346336091F8432007460C460AB101333C
:10CE900033602368990642BF3368023333602568E4
:10CEA00015F0060506D104F1190AE36832689B1AE9
:10CEB000AB4226DC94F843302268003B18BF0123C4
:10CEC00092062BD404F1430241463846C84701304C
:10CED0001ED02368226903F00603042B02BFE56815
:10CEE0003368ED1AA3680CBF25EAE5750025934267
:10CEF000C4BF9B1AED1800261A34B5421AD100207F
:10CF000008E00123524641463846C847013003D164
:10CF10004FF0FF30BDE8F0870135C6E7E1185A1C35
:10CF2000302081F84300224494F8451082F84310E1
:10CF30000233C7E70123224641463846C84701303D
:10CF4000E6D00136D9E700002DE9FF470F7E0C9EA1
:10CF5000782F914680460C469A4601F1430207D845
:10CF6000622F0AD8002F00F0D180582F00F0B8802F
:10CF700004F1420684F842703AE0A7F16303152BEE
:10CF8000F6D801A151F823F0E1CF0070F5CF007081
:10CF900071CF007071CF007071CF007071CF0070D1
:10CFA000F5CF007071CF007071CF007071CF00703D
:10CFB00071CF0070F3D000701FD00070ADD0007042
:10CFC00071CF007071CF007015D1007071CF0070FB
:10CFD0001FD0007071CF007071CF0070B5D000709D
:10CFE00033681A1D1B68326004F1420684F842302F
:10CFF00001239CE033682068191D3160060601D5C5
:10D000001D6803E04506FBD5B3F90050002D03DA97
:10D010002D236D4284F8433058480A2311E02168DB
:10D020003368080653F8045B02D4490648BFADB222
:10D030006F2F5248336014BF0A230823002184F85D
:10D0400043106668A660002E05DB21682E4321F0A0
:10D05000040121604BD01646B5FBF3F103FB1157D9
:10D06000C75D06F8017D2F46BB420D46F4D9082B5B
:10D070000BD12368DF0708D5236961689942DEBFB9
:10D08000302306F8013C06F1FF36921B2261CDF8F1
:10D0900000A04B4603AA21464046FFF7E7FE0130B9
:10D0A0004AD14FF0FF3004B0BDE8F087236843F069
:10D0B000200323603248782784F84570236831685C
:10D0C0001F0651F8045B02D45F0648BFADB2316061
:10D0D000D90744BF43F0200323601DB11023ADE7FF
:10D0E0002648E9E7236823F020032360F6E7164685
:10D0F000BDE7336825686169181D30602E061B681E
:10D1000001D5196002E06806FBD519800023236170
:10D110001646BCE733681A1D32601E68626800213B
:10D120003046F3F7ADFA08B1801B60606368236195
:10D13000002384F84330AAE7236932464946404633
:10D14000D0470130ADD023689B0713D4E068039B20
:10D150009842B8BF1846A6E70123324649464046E2
:10D16000D04701309DD00135E36803995B1AAB428B
:10D17000F2DCEBE7002504F11906F5E72AEE007072
:10D180003BEE00702DE9F84315468A6880460C4650
:10D1900032B98A69002A14BF4FF0FF3201228A6037
:10D1A0002268DFF89090D1065FBF1A68111D1960E0
:10D1B00016680027A06988B1012807D12B681A7862
:10D1C00063699B5C53B9002F31D022E0022820D143
:10D1D0002B681B7819F803301B071AD42368DA066A
:10D1E0005EBF2B681B7806F8013B2A686B6801322A
:10D1F0002A60A268013B013A6B600137A26042B12C
:10D20000002BD7DCD4F880312946404698470028C7
:10D21000D0D0236813F0100305D1E2680132E26038
:10D22000A26902B1337023693B4423610020BDE849
:10D23000F88300BF19ED00702DE9F04F9846744B4C
:10D240000C468246164693E8070087B003AB83E896
:10D250000700704BA169704A032908BF1A46A368EA
:10D2600001925A1EB2F5AE7F88BF6FF4AE752746A5
:10D2700082BF03EB050940F25D13A36057F81C3B26
:10D2800043F4506398BF4FF0000923603D464FF0D0
:10D29000000B316803AB097853F82B000222F3F737
:10D2A000EFF928B3BBF1010F59D162682AB922689E
:10D2B000082142F4007261602260226822F4A062B8
:10D2C0002260A268511EA16092B13268511C316087
:10D2D000127805F8012B7268013A002A726007DCA7
:10D2E000D4F88021314650469047002840F0858090
:10D2F0000BF1010BBBF1030FCBD163680BB90A2310
:10D300006360636845496069C91A00F097F94FF096
:10D31000000BA3682268002B3DD03168606991F84A
:10D3200000C010F80C00002835D0BCF1300F24D11B
:10D33000100522D50BF1010BB9F1000F03D0013319
:10D3400009F1FF39A3607368013B002B73601BDD9B
:10D35000336801333360A368013BA360D9E7BBF1B5
:10D36000020FAED1226802F4C061B1F5007FBFD1D7
:10D370001021616042F48072A2E722F41062226000
:10D380000B7805F8013BDEE7D4F880313146504692
:10D3900098470028DFD02368D9050DD5BD4209D9AB
:10D3A00015F8011CD4F87C3132465046984705F1F7
:10D3B000FF394D46BD4228D0226812F0100213D129
:10D3C0002A706368019E39465046B047D8F800304D
:10D3D00021681A1DC8F8002011F0200F1B680FD01B
:10D3E0001860E3680133E3602369ED1B5D442B445F
:10D3F0002361002007B0BDE8F08F4FF0000BCAE7B3
:10D40000CA074CBF18801860EBE70120F2E700BFA5
:10D4100000E9007015BD0070A1D800705CEE0070CE
:10D42000B1F90C202DE9F041160705460C4654D4FD
:10D430004B68002B02DC0B6C002B48DDE66A002EEB
:10D4400045D0002312F480522F68216A2B6030D01F
:10D45000626DA389590705D56368D21A636B0BB156
:10D46000236CD21A0023E66A216A2846B047431C7F
:10D47000A38906D129681D292BD82A4ACA40D60774
:10D4800027D500226260D9042269226004D5421C9B
:10D4900001D12B6803B96065616B2F60B9B104F1EC
:10D4A0004403994202D02846FFF72CF80023636317
:10D4B0000DE001232846B0470246501CC9D12B6815
:10D4C000002BC6D01D2B01D0162B1ED12F600020A3
:10D4D00022E043F040031BB21BE00F69002FF6D09F
:10D4E00093070E6808BF4B690F6018BF0023A6EBB7
:10D4F00007088B60B8F1000FE9DD216AA66A434690
:10D500003A462846B047002808DCB4F90C3043F00E
:10D510004003A3814FF0FF30BDE8F0810744A8EB42
:10D520000008E7E70100402038B50B6905460C46C6
:10D5300013B90025284638BD18B1036A0BB9FEF7A8
:10D5400085FCB4F90C30002BF3D0626ED00704D404
:10D55000990502D4A06DFEF7C4FF28462146FFF7C7
:10D560005FFF636EDA070546E4D4A3899B05E1D427
:10D57000A06DFEF7B7FFDDE770B50C46B1F90E10F0
:10D58000002996B015461E460DDAA38913F0800FC8
:10D590004FF0000114BF40234FF48063002031603E
:10D5A0002B6016B070BD6A4600F0BCF80028ECDBBA
:10D5B000019901F47041A1F50053594259414FF4CA
:10D5C0008063EBE78B89F7B59D0706460C4607D5C8
:10D5D00004F14703236023610123636103B0F0BDBD
:10D5E00001AB6A46FFF7C8FF009F05463946304643
:10D5F000FEF78AFA48B9B4F90C309A05EED423F054
:10D60000030343F00203A381E2E7A389206043F010
:10D610008003A381019BC4E904075BB1B4F90E1038
:10D62000304600F091F828B1A38923F0030343F0BA
:10D630000103A381A3891D43A581CFE770B50B78B2
:10D6400004465E2B0BBF4B784A1C8A1C002108BF86
:10D650000121013804F1FF0500F8011FA842FBD1A8
:10D660000BB9501E70BD81F00101E1541046024615
:10D6700012F8015B2D2D05D05D2D16D0002DF1D0B7
:10D680002B46F2E746785D2EFAD0B342F8DC023042
:10D690001A4601329642A154FBDCF21A013A5D1C93
:10D6A000B342A8BF0022AB18E1E71046DAE72DE944
:10D6B000F0410C46496B04F1440399421DD14FF4EB
:10D6C0008061FEF721FA18B94FF0FF30BDE8F08114
:10D6D0004FF48063A36394F84630606380F8FF33AF
:10D6E00094F8453080F8FE3394F8443080F8FD33E8
:10D6F00000F2FD3020600020E8E7A66B77003A4694
:10D7000000F032F805460028DED000EB060801469E
:10D7100032464046FEF7E7FEC4E90D57C4F80080E4
:10D72000E9E7000038B5074D0023044608461146D6
:10D730002B6000F0C7F8431C02D12B6803B12360B3
:10D7400038BD00BF880A022438B5064D00230446C0
:10D7500008462B6000F0BEF8431C02D12B6803B1D1
:10D76000236038BD880A02242DE9F041074614469B
:10D770000D4621B9BDE8F0411146FEF7C5B92AB9F9
:10D78000FEF7C0FE25462846BDE8F08100F08AF885
:10D790008442064602D8B4EB500FF4D821463846EE
:10D7A000FEF7B2F9804608B94546ECE7B442224696
:10D7B000294628BF3246FEF796FE29463846FEF730
:10D7C000A1FEF1E72DE9F043344E86460D4628468A
:10D7D00015F8014B375D17F00807F8D12D2C10D143
:10D7E0002C780127851C33F0100015D1302C0DD179
:10D7F000287800F0DF00582808D16C780235102313
:10D800000AE02B2C04BF2C78851CECE7002BF6D10A
:10D81000302C14BF0A2308234FF0FF380026B8FB32
:10D82000F3F803FB08F96FEA09093046A4F1300C5C
:10D83000BCF1090F10D86446A3421EDDB6F1FF3FCC
:10D8400007D0804516D301D1A14513DB00FB03406F
:10D85000012615F8014BE9E7A4F1410CBCF1190FC1
:10D8600001D8373CE8E7A4F1610CBCF1190F04D8EA
:10D87000573CE1E74FF0FF36EBE7731C06D122235C
:10D88000CEF80030304632B9BDE8F08307B14042EF
:10D89000002AF9D006B1691E1160F5E719ED007094
:10D8A000FFF790BF51F8043C181F002BBCBF0B586A
:10D8B000C0187047024B58221A604FF0FF30704773
:10D8C000880A0224024B58221A604FF0FF3070473A
:10D8D000880A0224024B58221A600020704700BFB9
:10D8E000880A0224024B58221A604FF0FF3070471A
:10D8F000880A0224024B58221A604FF0FF3070470A
:10D90000880A0224044A05491368002B08BF0B4605
:10D910001844106018467047900A02240000002046
:10D92000F8B500BFF8BC08BC9E467047F8B500BF0C
:08D93000F8BC08BC9E467047DC
:10D938004D6F746F725265670000000000000000B0
:10D9480001000000000000000000000000000000CE
:10D958000D0A0000082008004D5245473E200000EF
:10D968000D0A3D3D3D3D3D3D3D3D3D3D3D3D3D3D42
:10D978003D3D3D3D3D3D3D3D3D3D3D3D3D3D3D3DCF
:10D988003D3D3D3D3D3D3D3D3D3D3D3D3D3D3D3DBF
:10D998003D3D3D3D3D3D3D3D3D3D3D3D3D3D0D001C
:10D9A80020456D626564646564506978656C204DD6
:10D9B8005245473A204D6F746F7220526567756CF7
:10D9C8006174696F6E204170706C69636174696F0E
:10D9D8006E20537461727465642020200D0000006D
:10D9E800205461726765743A204E75636C656F2DBB
:10D9F800483753334C38207C2043414E3A20464424
:10DA080043414E312040203530306B6270732028FE
:10DA180053696D706C6543414E332E30290D0000FB
:10DA28002044656661756C74204E6F6465204944B6
:10DA38003A2035207C204D61737465722050726FD6
:10DA480064756365722049443A20342020202020E0
:10DA58002020202020202020202020200D00000031
:10DA68003D3D3D3D3D3D3D3D3D3D3D3D3D3D3D3DDE
:10DA78003D3D3D3D3D3D3D3D3D3D3D3D3D3D3D3DCE
:10DA88003D3D3D3D3D3D3D3D3D3D3D3D3D3D3D3DBE
:10DA98003D3D3D3D3D3D3D3D3D3D3D3D0D0A0D007E
:10DAA8005B4552524F525D204661696C6564207433
:10DAB8006F20696E697469616C697A652043414EAB
:10DAC80020636F6E74726F6C6C6572210D000000BC
:10DAD8005B4F4B5D2043414E20436F6E74726F6CF9
:10DAE8006C657220696E697469616C697A65642015
:10DAF800617420353030206B6270732E0D00000089
:10DB0800426C696E6B5461736B00000043616E5226
:10DB1800785461736B0000004D7265675461736BD4
:10DB280000000000436F6E736F6C65434C49000042
:10DB380000000000010000000000000000000000DC
:10DB4800000000000400000000010000554E494E8E
:10DB5800495449414C495A454400000049444C4500
:10DB68005F44495341424C454400000049444C45F8
:10DB78005F454E41424C454400000000484F4D4926
:10DB88004E4700004A4F4747494E4700504F5349B8
:10DB980054494F4E494E470052554E4E494E475FE5
:10DBA8005452414A4543544F525900005354414C32
:10DBB8004C5F444554454354454400004641554C48
:10DBC800545F4C4F434B444F574E0000554E4B4EFD
:10DBD8004F574E005B4D5245475D20414C41524DD9
:10DBE8003A204D6F746F72207374616C6C20646599
:10DBF800746563746564210D000000005B4D524537
:10DC0800475D20414C41524D3A20456D657267652C
:10DC18006E63792073746F70206C6F636B646F77B9
:10DC28006E20616374697665210D00005B4D524575
:10DC3800472D5452414A5D204661696C65642074E1
:10DC48006F20666565642050565420706F696E7445
:10DC580020256C750D0A00004F4E2028456E657210
:10DC680067697A65642900004F4646202846726530
:10DC780065776865656C29004A4F472028537065A9
:10DC8800656429005054502028506F736974696F77
:10DC98006E2900005B4D524547205354415455535B
:10DCA8005D0D0A202053757065727669736F722056
:10DCB8005374617465203A2025730D0A202044723C
:10DCC8006976657220506F77657220202020203A8F
:10DCD8002025730D0A20204D6F74696F6E204D6FDB
:10DCE80064652020202020203A2025730D0A20205A
:10DCF80041627320506F736974696F6E2020202011
:10DD0800203A20256C642070756C7365730D0A20A9
:10DD18002052656C20506F736974696F6E202020E3
:10DD280020203A20256C642070756C7365730D0A89
:10DD3800202043757272656E742053706565642087
:10DD48002020203A20256C64207070730D0A202052
:10DD5800466C61677320202020202020202020206E
:10DD6800203A2053746F707065643D256420496EB5
:10DD7800506F733D2564205374616C6C3D2564209D
:10DD88004C6F636B3D2564204572723D25640D0A16
:10DD980020204469676974616C20492F4F20202036
:10DDA8002020203A20494E313D256420494E323DFD
:10DDB800256420494E333D2564204F50313D25646C
:10DDC8000D0A2020436F72652054656D7020202055
:10DDD80020202020203A20252E316620430D0A20BD
:10DDE80020456E636F646572204261747465727950
:10DDF80020203A20252E326620560D0A0000000009
:10DE08004D524547204D6F746F7220526567756C8F
:10DE18006174696F6E20436F6D6D616E64733A0D46
:10DE28000A20206D726567207374617475732020F1
:10DE380020202020202020202020202020202020DA
:10DE480020202020205175657279206C6976652024
:10DE58006D6F746F72207374617465202620646915
:10DE680061676E6F73746963730D0A20206D726544
:10DE780067206F6E202020202020202020202020B6
:10DE88002020202020202020202020202020204565
:10DE98006E657267697A65206D6F746F7220706F36
:10DEA8007765722073746167650D0A20206D72654D
:10DEB80067206F6666202020202020202020202038
:10DEC8002020202020202020202020202020204426
:10DED800652D656E657267697A65206D6F746F72FE
:10DEE800202866726565776865656C290D0A2020AB
:10DEF8006D726567206A6F67203C7070733E2020E2
:10DF08002020202020202020202020202020202009
:10DF1800202052756E206D6F746F722061742063BB
:10DF28006F6E7374616E742073706565640D0A207A
:10DF3800206D726567206D6F7665203C706F733E4B
:10DF4800205B73706565645D2020202020202020E0
:10DF58002020204D6F766520746F206162736F6C8E
:10DF680075746520706F736974696F6E0D0A20206F
:10DF78006D726567206D6F766572656C203C6469AB
:10DF880073743E205B73706565645D2020202020DB
:10DF980020204D6F76652072656C61746976652006
:10DFA80064697374616E63650D0A20206D7265671C
:10DFB80020686F6D65202020202020202020202030
:10DFC80020202020202020202020202020205365D1
:10DFD80074206F726967696E202F207A65726F20CE
:10DFE800636F6F7264696E6174650D0A20206D72CB
:10DFF80065672073746F7020202020202020202047
:10E008002020202020202020202020202020202008
:10E01800446563656C657261746520736D6F6F74B8
:10E02800686C7920746F2073746F700D0A20206DEE
:10E03800726567206573746F70202020202020206F
:10E0480020202020202020202020202020202020C8
:10E0580020456D657267656E63792073746F7020F3
:10E06800616E64206C6F636B0D0A20206D726567AA
:10E0780020636C6561722020202020202020202031
:10E088002020202020202020202020202020436C19
:10E0980065617220616374697665206661756C7468
:10E0A800732F616C61726D730D0A20206D72656744
:10E0B800207076742073696E65205B616D705D20D9
:10E0C8005B667265715D205B6475725D20205275B8
:10E0D8006E20696E746572706F6C6174656420730C
:10E0E800696E65207472616A6563746F72790D0A6E
:10E0F80020206D7265672070767420736375727660
:10E1080065203C7461726765743E205B7370656559
:10E11800645D202052756E20696E746572706F6C34
:10E128006174656420532D6375727665207472611D
:10E138006A6563746F72790D0A20206D72656720B5
:10E1480063757272656E74203C415F7831303E2091
:10E158005B69646C655F7063745D2020205365742F
:10E1680020776F726B696E6720262069646C652062
:10E1780063757272656E742028652E672E2032389A
:10E18800203530290D0A20206D726567206D69637E
:10E19800726F7374657073203C312E2E3132383EA5
:10E1A80020202020202020202020536574206D6905
:10E1B80063726F7374657070696E67207265736FD0
:10E1C8006C7574696F6E0D0A20206D726567207218
:10E1D8006177203C63775F6865783E205B64617493
:10E1E800615F6865785D20202020202053656E647B
:10E1F800207261772053696D706C6543414E2069C8
:10E208006E737472756374696F6E0D0A0000000096
:10E218006D7265670000000068656C7000000000A2
:10E2280073746174757300006F6E00005B4F4B5D13
:10E23800204D6F746F7220706F77657220737461F0
:10E24800676520656E61626C65642E0D0A000000CA
:10E258005B4552524F525D204661696C656420747B
:10E268006F20656E61626C65206D6F746F722E0D24
:10E278000A0000006F6666005B4F4B5D204D6F74AF
:10E288006F7220706F7765722073746167652064A0
:10E29800697361626C65642E0D0A00005B45525219
:10E2A8004F525D204661696C656420746F20646913
:10E2B8007361626C65206D6F746F722E0D0A0000B9
:10E2C8006A6F6700256C64005B4F4B5D204A6F677F
:10E2D80067696E6720617420256C64207070732EE6
:10E2E8000D0A00005B4552524F525D204A6F67206D
:10E2F800636F6D6D616E64206661696C65642E0D77
:10E308000A0000006D6F766520000000256C64200F
:10E31800256C64005B4F4B5D204D6F76696E6720FE
:10E32800746F206162736F6C75746520706F7369A8
:10E3380074696F6E20256C6420287370656564208D
:10E34800256C64292E0D0A005B4552524F525D2000
:10E358004D6F766520636F6D6D616E6420666169CF
:10E368006C65642E0D0A00005B55534147455D20DE
:10E378006D726567206D6F7665203C7461726765A4
:10E38800745F70756C7365733E205B73706565644C
:10E398005F7070735D0D0A006D6F766572656C0055
:10E3A8005B4F4B5D204D6F76696E672072656C61BF
:10E3B800746976652064697374616E636520256C81
:10E3C800642028737065656420256C64292E0D0A05
:10E3D800000000005B4552524F525D2052656C614F
:10E3E80074697665206D6F7665206661696C656411
:10E3F8002E0D0A005B55534147455D206D726567D8
:10E40800206D6F766572656C203C64656C74615F25
:10E4180070756C7365733E205B73706565645F70BF
:10E4280070735D0D0A000000686F6D6500000000E4
:10E438005B4F4B5D204F726967696E20636F6F7227
:10E4480064696E61746520726573657420746F20E9
:10E45800302E0D0A000000005B4552524F525D20DD
:10E46800536574206F726967696E206661696C65AF
:10E47800642E0D0A0000000073746F700000000025
:10E488005B4F4B5D204D6F746F722073746F7070AB
:10E4980065642E0D0A0000005B4552524F525D2004
:10E4A80053746F70206661696C65642E0D0A0000F4
:10E4B8006573746F700000005B4F4B5D20456D65A0
:10E4C8007267656E63792073746F70207472696700
:10E4D80067657265642E0D0A000000005B455252A4
:10E4E8004F525D20456D657267656E637920737460
:10E4F8006F70206661696C65642E0D0A000000006B
:10E50800636C6561720000005B4F4B5D204661756E
:10E518006C7420666C61677320636C6561726564F6
:10E528002E0D0A005B4552524F525D20436C6561C7
:10E5380072206661756C74206661696C65642E0D65
:10E548000A000000707674002573000073696E6518
:10E5580000000000256620256620256600000000D2
:10E568005B4F4B5D20537461727465642050565440
:10E578002073696E65207472616A6563746F72795D
:10E588002028616D703D252E30662C2066726571DD
:10E598003D252E3266487A2C206475723D252E3131
:10E5A8006673292E0D0A00005B4552524F525D20BA
:10E5B8004661696C656420746F207374617274209D
:10E5C80073696E65205056542E0D0A007363757278
:10E5D80076650000256C6420256C75005B4F4B5DEB
:10E5E80020537461727465642050565420532D630F
:10E5F80075727665207472616A6563746F727920CA
:10E60800746F20256C642E0D0A0000005B45525281
:10E618004F525D20532D63757276652050565420F5
:10E628006661696C65642E0D0A0000005B555341F4
:10E6380047455D206D72656720707674203C73696C
:10E648006E657C7363757276653E205B706172617E
:10E658006D732E2E2E5D0D0A000000006375727218
:10E66800656E740025642025640000005B4F4B5DD7
:10E678002043757272656E7420636F6E6669677584
:10E6880072656420746F20252E31664120286964E4
:10E698006C652025642525292E0D0A005B455252FC
:10E6A8004F525D204661696C656420746F20736504
:10E6B800742063757272656E742E0D0A0000000076
:10E6C8006D6963726F737465707300002564000070
:10E6D8005B4F4B5D204D6963726F73746570706931
:10E6E8006E672073657420746F20312F25642E0D9A
:10E6F8000A0000005B4552524F525D204661696C2A
:10E70800656420746F20736574206D6963726F731C
:10E7180074657070696E672E0D0A00005B45525271
:10E728004F525D20556E6B6E6F776E206D72656708
:10E7380020636F6D6D616E643A20272573272E2044
:10E748005479706520276D7265672068656C70273D
:10E758002E0D0A000D0A3D3D3D3D3D3D3D3D3D3DF3
:10E768003D3D3D3D3D3D3D3D3D3D3D3D3D3D3D3DD1
:10E778003D3D3D3D3D3D3D3D3D3D3D3D3D3D0D002E
:10E7880021212120484152444641554C54204445BA
:10E79800544543544544202121210D005043202055
:10E7A8003D2030782530386C580D0A004C52202016
:10E7B8003D2030782530386C580D0A005230202022
:10E7C8003D2030782530386C582020523120203DAB
:10E7D8002030782530386C580D0A0000523220203D
:10E7E8003D2030782530386C582020523320203D89
:10E7F8002030782530386C580D0A0000523132200C
:10E808003D2030782530386C582020505352203D18
:10E818002030782530386C580D0A00005343422DBB
:10E828003E43465352203D2030782530386C580DF1
:10E838000A0000005343422D3E48465352203D20D3
:10E8480030782530386C580D0A0000005343422DAB
:10E858003E4D4D4641523D2030782530386C580D9C
:10E868000A0000005343422D3E42464152203D20BB
:10E8780030782530386C580D0A0000003D3D3D3D8C
:10E888003D3D3D3D3D3D3D3D3D3D3D3D3D3D3D3DB0
:10E898003D3D3D3D3D3D3D3D3D3D3D3D3D3D3D3DA0
:10E8A8003D3D3D3D0D0000000D0A2121212053541E
:10E8B80041434B204F564552464C4F5720444554F0
:10E8C800454354454420696E207461736B3A202592
:10E8D80073202121210D0A000102030406070809FB
:10E8E80049444C4500000000546D72205376630083
:10E8F800546D7251000000005EEE007061EE007011
:10E9080064EE0070000000000000000019110070A3
:10E918003D1100700D0D00700000000000000000A7
:10E92800D5100070F9100070D50B007000000000C1
:10E938000000000091100070B5100070510B0070BD
:10E9480000000000000000004D1000707110007001
:10E95800F908007015090070310900704909007044
:10E968006D09007085090070AF090070C509007055
:10E97800DB090070F1090070090A0070550A00707F
:10E98800000000000000000000000000000000007F
:10E99800000000000000000000000000000000006F
:10E9A800000000000000000000000000000000005F
:10E9B800000000000000000000000000000000004F
:10E9C800000000000000000000000000000000003F
:10E9D800000000000000000000000000000000002F
:10E9E800000000000000000000000000000000001F
:10E9F800000000000000000000000000000000000F
:10EA080000000000000000000000000000000000FE
:10EA1800000000000000000000000000850F0070EA
:10EA2800A90F0070FD160070000000000000000033
:10EA3800091000702D100070A11A0070F31A0070F0
:10EA4800451B00705D1B0070D31B00709F1C00707D
:10EA58006B1D0070AB1D0070E91D0070931E0070E7
:10EA68001F1F0070651F0070D91E00700000000095
:10EA7800000000000000000000000000000000008E
:10EA88000000000081390070000000000000000054
:10EA9800000000000000000000000000000000006E
:10EAA800000000000000000000000000000000005E
:10EAB800753D0070993D007009440070294400704C
:10EAC8004944007069440070000000000000000024
:10EAD800F13C0070153D007053450070854500708D
:10EAE800B745007000000000000000008D4600706F
:10EAF800B9460070D9460070D1470070534800707D
:10EB080000000000000000000000000000000000FD
:10EB180000000000000000000000000000000000ED
:10EB2800000000002549007069490070394A0070EA
:10EB3800074B0070E74B0070CF4C0070594D0070C8
:10EB4800BB4D007000000000000000000000000045
:10EB580000000000000000000000000000000000AD
:10EB6800000000000000000000000000000000009D
:10EB780000000000094F0070414F0070614F0070A5
:10EB8800AD4F0070CF4F0070000000000000000083
:10EB9800000000000000000000000000000000006D
:10EBA800000000000001020304050607080C101409
:10EBB80018203040010002000400060008000A0086
:10EBC8000C00100020004000800000013700000009
:10EBD800A2000000F9A2000083F9A2006E83F9A246
:10EBE8004E6E83F9444E6E8315444E6E2915444E7D
:10EBF800FC29154427FC29155727FC29D15727FC40
:10EC0800F5D1572734F5D157DD34F5D1C0DD34F5CA
:10EC1800DBC0DD3462DBC0DD9562DBC0999562DB69
:10EC28003C999562433C999590433C994190433C6B
:10EC3800000000000000F03F000000000000F0BFEE
:10EC4800000000000000F0BF000000000000F03FDE
:10EC580083C8C96D305F6441182D4454FB21F93FC6
:10EC6800000000000000F03F1C620CFDFFFFDFBF4A
:10EC7800198F06E15355A53F9D359AE887C056BFC1
:10EC8800C3F87B024393F93E03A695595455C5BF73
:10EC9800C40B23057610813F24CF7437EB9429BF2A
:10ECA800000000000000F03F000000000000F0BF7E
:10ECB800000000000000F0BF000000000000F03F6E
:10ECC80083C8C96D305F6441182D4454FB21F93F56
:10ECD800000000000000F0BF1C620CFDFFFFDF3FDA
:10ECE800198F06E15355A5BF9D359AE887C0563F51
:10ECF800C3F87B024393F9BE03A695595455C5BF83
:10ED0800C40B23057610813F24CF7437EB9429BFB9
:10ED180000202020202020202020282828282820E3
:10ED280020202020202020202020202020202020DB
:10ED38002088101010101010101010101010101043
:10ED48001004040404040404040404101010101033
:10ED580010104141414141410101010101010101FD
:10ED6800010101010101010101010101101010104F
:10ED780010104242424242420202020202020202CF
:10ED88000202020202020202020202021010101023
:10ED9800200000000000000000000000000000004B
:10EDA800000000000000000000000000000000005B
:10EDB800000000000000000000000000000000004B
:10EDC800000000000000000000000000000000003B
:10EDD800000000000000000000000000000000002B
:10EDE800000000000000000000000000000000001B
:10EDF800000000000000000000000000000000000B
:10EE080000000000000000000000000000000000FA
:10EE180000232D302B2000686C4C00656667454642
:10EE2800470030313233343536373839414243447C
:10EE3800454600303132333435363738396162630C
:10EE480064656600412D46612D66383930313233AC
:10EE5800343536375D002B2D0030300078580000EF
:08EE6800F417FF7F0100000018
:08EE700089070070753E007077
:04EE780061070070BE
:10EE7C00000000000090D003100000000100000012
:10EE8C00AAAAAAAA00000000030000004C09022450
:10EE9C0024000024000000004C090224B4090224C0
:10EEAC001C0A02240000000000000000000000000A
:10EEBC000000000000000000000000000000000046
:10EECC000000000000000000000000000000000036
:10EEDC000000000000000000000000000000000026
:0400000570003F95B3
:00000001FF
