:020000040800F2
:100000000000012031350008813500081939000849
:100010002D39000833390008393900080000000084
:100020000000000000000000000000008135000812
:100030008135000800000000813500082D380008D7
:100040008135000800000000813500088135000876
:100050008135000881350008000000000000000024
:100060008135000881350008813500080000000056
:1000700000000000813500080000000000000000C2
:100080008135000881350008813500088135000878
:100090008135000881350008813500088135000868
:1000A0008135000881350008813500088135000858
:1000B0008135000881350008813500088135000848
:1000C0008135000881350008813500088135000838
:1000D0008135000881350008813500088135000828
:1000E0008135000881350008813500088135000818
:1000F0008135000881350008813500088135000808
:1001000081350008813500088135000881350008F7
:1001100081350008813500088135000881350008E7
:1001200081350008813500088135000881350008D7
:1001300081350008813500088135000881350008C7
:1001400081350008813500088135000881350008B7
:1001500081350008813500088135000881350008A7
:100160008135000881350008813500088135000897
:100170008135000881350008813500088135000887
:100180008135000881350008813500088135000877
:100190008135000881350008813500088135000867
:1001A0008135000881350008813500088135000857
:1001B0008135000881350008813500088135000847
:1001C00000000000000000008135000881350008B3
:1001D0008135000881350008813500088135000827
:1001E0008135000881350008813500088135000817
:1001F0008135000881350008000000000000000083
:1002000081350008813500088135000881350008F6
:1002100081350008813500088135000881350008E6
:1002200081350008813500088135000881350008D6
:1002300081350008813500088135000881350008C6
:1002400081350008813500088135000881350008B6
:1002500081350008813500088135000881350008A6
:100260008135000881350008813500088135000896
:100270008135000881350008813500088135000886
:100280008135000881350008813500088135000876
:1002900081350008000000000000000000000000A0
:1002A0008135000881350008813500088135000856
:1002B00053B94AB9002908BF00281CBF4FF0FF31CD
:1002C0004FF0FF3000F00CB8ADF1080C6DE904CE32
:1002D00009F07CFFDDF804E0DDE9022304B070479B
:1002E000704700BF00000000000000000000000098
:1002F00001F0FF01102A2BDB10F0070F08D010F8D7
:10030000013B013A8B422DD010F0070F42B3F6D1DA
:10031000F0B441EA012141EA014122F007047FF0F3
:1003200000070023F0E80256083C85EA010586EA4A
:10033000010685FA47F5A3FA87F586FA47F6A5FA86
:1003400087F68EB9EED1F0BC01F0FF0102F0070292
:1003500032B110F8013B013A83EA010313B1F8D13D
:100360000020704701387047002D06BF354603381E
:10037000073815F0010F07D1013015F4807F02BF57
:10038000013015F4C03F0130F0BC0138704700BFA8
:100390000348044B834202D0034B03B11847704714
:1003A000C4010024C4010024000000000548064BDD
:1003B0001B1AD90F01EBA301491002D0034B03B163
:1003C00018477047C4010024C40100240000000045
:1003D00010B5064C237843B9FFF7DAFF044B13B18D
:1003E0000448AFF300800123237010BDC401002432
:1003F0000000000058B4000808B5054B1BB10549C2
:100400000548AFF30080BDE80840FFF7CFBF00BF4D
:1004100000000000C801002458B4000880B483B074
:1004200000AF7860044A7B68136000BF0C37BD469C
:100430005DF8047B704700BFE001002480B584B004
:1004400000AF3B1D00221A605A609A60204B214A7F
:100450001A601F4B04225A601D4B00229A601C4BED
:100460004FF08072DA601A4B1F221A61184B022279
:100470005A61174B00229A61154B0022DA61144B26
:1004800000221A62124B03225A62114B00229A6216
:100490000F4B00221A630E4B00225A630C4B0022B2
:1004A0009A630B4B0022DA63094808F02DFF1023F2
:1004B0007B600123BB600123FB603B1D41F288325E
:1004C0001946034809F01AFB00BF1037BD4680BD2E
:1004D000E401002400A0005290B591B000AF07F1F4
:1004E0004003403B1F335B095C0102F01BFE02F03E
:1004F000A9FE03461846FFF791FF5D480AF0B2F9DE
:10050000FFF79CFF5B480AF0ADF900F0C7F8F8630D
:10051000FB6B002B05D10021002000F029F90346D8
:10052000FB63F96B54480AF035F9FB6B002B04D0E0
:1005300052480AF097F900BFFDE74FF0E0415048FC
:100540000AF028F94F480AF08DF94FF0E0431B6894
:10055000BB634D4B1B687B637B6B3B63B96B4B4849
:100560000AF018F9796B4A480AF014F9494B00224D
:100570001A60484B00225A60464B00229A60BB6BBF
:10058000FB62FB6A83F3088800BF434B4FF0E042F5
:100590009A60BFF34F8F00BFBFF36F8F00BF3E4B1A
:1005A0005B693D4A23F4003353613B4B0022C3F89F
:1005B0005022BFF34F8F00BFBFF36F8F00BF00BF4C
:1005C000354B0022C3F88420BFF34F8F00BF324B5E
:1005D0005B69314A23F480335361BFF34F8F00BF0F
:1005E0002D4B2246C3F87022BFF34F8F00BFBFF3DD
:1005F0006F8F00BF284BD3F88030236023685B0BDC
:10060000C3F30E0363602368DB08C3F30903A3602D
:1006100063685A0143F6E0731340A26892071E49CB
:100620001343C1F87432A3685A1EA260002B14BF92
:1006300001230023DBB2002BEAD163685A1E6260FB
:10064000002B14BF01230023DBB2002BDBD1BFF34F
:100650004F8F00BFBFF36F8F00BF00BFBFF34F8F3F
:1006600000BFBFF36F8F00BF3B6B984700BFFDE734
:1006700070B4000890B40008A4B40008C0B4000826
:10068000E8B400080CB500080400007028B50008A4
:1006900044B5000810E000E000ED00E080B582B055
:1006A00000AF012007F056FE4FF4AC7200210D4858
:1006B0000AF0B8F90B4B00221A700A4B0A4A5A602A
:1006C000084B03221A72042006F004FB0346194665
:1006D000002000F00BF803467B607B681846083763
:1006E000BD4680BD04000024E401002480B584B030
:1006F00000AF78603960FB23FB737B68012B2FD838
:100700000023FB73194A7B68AC2101FB03F31344FC
:100710001B78002B20D1154A7B68AC2101FB03F329
:10072000134404331868114A7B68AC2101FB03F3BE
:100730001344083319787B68AC2202FB03F30833B7
:100740000A4A134404333A6801F04EFD0346002B75
:1007500005D0FD23FB7302E0FE23FB7300E000BF26
:1007600097F90F3018461037BD4680BD04000024AD
:1007700080B584B000AF78600B46FB70FB23FB7341
:100780007B68012B33D80023FB731C4A7B68AC21A8
:1007900001FB03F313441B78002B24D1FB78002BBF
:1007A00010D17B68AC2202FB03F30833134A1344D5
:1007B0000433184601F0CCFD0346002B16D06FF031
:1007C000020316E07B68AC2202FB03F308330B4AFA
:1007D00013440433184601F0DCFD0346002B05D01A
:1007E0006FF0020305E0FE23FB7300E000BF97F902
:1007F0000F3018461037BD4680BD00BF04000024EE
:1008000080B584B000AF786039600023BB733B686B
:1008100000221A607B6803F1080008233A6800216F
:1008200001F092FF0346002B02D00323FB731FE06D
:100830003B681B681946786801F0ACFC0346002B46
:1008400002D0052B05D00AE00023FB730223BB7303
:100850000AE00423FB73BB7B0133BB7304E0042376
:10086000FB730223BB7300BFBB7B012BCFD900BF3F
:10087000FB7B18461037BD4680BD000090B589B09F
:1008800000AF786039600423FB772A4B07F10C0432
:100890000FCB84E80F000023BB7740E0BB7F5B00F9
:1008A00020333B4413F8142C7B6883F864207B6866
:1008B00003F108007B6864331A46002101F0F2FD61
:1008C000BB7F5B0020333B4413F8132C7B6883F819
:1008D000592000237B7717E07B687A7F83F85820C4
:1008E00039687868FFF78CFF0346002B01D100239D
:1008F000FB77BB7F5B0020333B4413F8143C032B96
:1009000009D97B7F01337B777B7F012B04D8FB7F69
:10091000042BE1D000E000BFBB7F0133BB77BB7F7E
:10092000072B02D8FB7F042BB8D0FB7F1846243757
:10093000BD4690BD6CB5000880B588B000AF78604A
:100940000023FB770823BB617B680022C3F8942057
:10095000782200215F480AF065F80023FB7527E044
:10096000FA7D13465B0013449B005A4A13441A460F
:10097000B969786801F04EF80346FB77FB7F002BDE
:1009800040F0A2807B68D3F89410FA7D514813465A
:100990005B0013449B0003441B6841EA03027B682D
:1009A000C3F89420BB690833BB61FB7D0133FB7541
:1009B000FA7D7B6893F89C3001339A42D0D30023B0
:1009C000BB7575E000233B61BA7D424913465B006D
:1009D00013449B000B4408331B78FB60BA7D3D49F0
:1009E00013465B0013449B000B441B68B3F5805F08
:1009F00029D0B3F5805F29D8B3F5007F1DD0B3F5BA
:100A0000007F23D8802B1BD0802B1FD8082B02D02F
:100A1000402B0FD01AE0BA7D2E4913465B001344D9
:100A20009B000B4408331B781A462B4B1A602B4B48
:100A30003B610CE02A4B3B6109E02A4B3B6106E03D
:100A4000294B3B6103E0294B3B6100E000BF3B6960
:100A5000002B16D07B6803F10800BA7D1D491346B0
:100A60005B0013449B000B4404331968FB689B0034
:100A70003A6901F069FE0346002B02D00C23FB7794
:100A800022E0BA7D134913465B0013449B000B44DC
:100A90001B68082B09D1104B93F84130C3F30503B1
:100AA000DBB21A467B68C3F89820BB7D0133BB7567
:100AB000BA7D084913465B0013449B000B441B6836
:100AC000002B7FF47FAF00BFFB7F18462037BD4669
:100AD00080BD00BF44020024BC020024C0020024E8
:100AE0001C0300243C03002424030024AC03002442
:100AF00080B586B000AF78600723BB7508233B61E3
:100B00000023FB730023BB732EE0644A39697868C5
:100B100000F080FF0346BB75BB7D002B18D15F4BF7
:100B20001B68082B14D17B6803F108005B4B5968E4
:100B30005A4B1B7A9B005A4A01F006FE0346002BD3
:100B400002D00C23BB7503E00023BB750123FB73AC
:100B5000BB7D002B0FD1FB7B012B0CD03B690833F5
:100B60003B61BB7B0133BB73BA7B7B6893F89C30E2
:100B700001339A42C9D3BB7D002B02D1FB7B002BF2
:100B800002D10C23BB7583E0464B93F8413003F050
:100B90003F03DBB2002B02D10023FB7553E0414B36
:100BA00093F84130C3F30503DBB203F00103DBB27A
:100BB000002B02D00123FB7545E03A4B93F84130FE
:100BC000C3F30503DBB203F00203DBB2002B02D058
:100BD0000223FB7537E0334B93F84130C3F3050331
:100BE000DBB203F00403DBB2002B02D00323FB755E
:100BF00029E02C4B93F84130C3F30503DBB203F03B
:100C00000803DBB2002B02D00423FB751BE0254B4D
:100C100093F84130C3F30503DBB203F01003DBB2FA
:100C2000002B02D00523FB750DE01E4B93F84130DD
:100C3000C3F30503DBB21F2B02D90F23BB7527E0DB
:100C40000C23BB7524E0FB7D052B09D0052B1BDC99
:100C5000002B1CD0002B17DB013B032B14D810E01A
:100C60007B6803F1080000230022662101F095FE55
:100C70007B6803F1080000230022992101F08DFE1A
:100C800006E00F23BB7503E00123BB7500E000BF46
:100C9000BB7D18461837BD4680BD00BF4402002406
:100CA000C0020024BC020024F0B58FB004AF78600D
:100CB0003960002387F82730002387F826307B68C7
:100CC000D3F8943003F00803002B04D1072387F8EE
:100CD000273000F026BEBA4B9B68002B13DBB84BC5
:100CE0009B680133BB61BB69002B01D1202303E06A
:100CF000BB69B3FA83F3DBB2C3F11F03DAB27B68DB
:100D000083F85E2005E0AE4B9B68DAB27B6883F81F
:100D10005E207B6893F85E30033BDAB27B6883F831
:100D20005E207B6893F85E30013BDBB2FB747B682E
:100D3000083307F113020421184601F0B3FBA04B5E
:100D400093F82C30C3F30313DBB21A46012303FAE2
:100D500002F27B681A667B68022283F87520984B42
:100D600093F820207B6883F87720954B93F8212017
:100D70007B6883F87820924B93F822207B6883F875
:100D800079208F4B93F823207B6883F87A208C4B53
:100D900093F824207B6883F87B20894B93F82520E7
:100DA0007B6883F87C20864B93F826207B6883F849
:100DB0007D20834B93F827207B6883F87E207B6817
:100DC00093F87730002B1DD07D4B93F82830C3F378
:100DD0000303DBB21A467A4B1B8DC3F30413DBB259
:100DE000013302FB03F3764A92F82920C2F3410251
:100DF000D2B21146734A32F8112003FB02F27B682B
:100E0000C3F880207B6893F87930002B1ED06C4BA0
:100E100093F82830C3F30303DBB21A46684B93F808
:100E20002930C3F3C403DBB2013302FB03F3644A8A
:100E300092F82A20C2F30102D2B21146614A32F876
:100E4000112003FB02F27B68C3F884207B6893F8CF
:100E50007B30002B1DD05A4B93F82830C3F303038B
:100E6000DBB21A46564B93F82A30C3F38403DBB245
:100E7000013302FB03F3524A528DC2F3C112D2B2C4
:100E80001146504A32F8112003FB02F27B68C3F886
:100E900088207B6893F87D30002B1ED0484B93F858
:100EA0002830C3F30303DBB21A46454B93F82B30CB
:100EB000C3F34403DBB2013302FB03F3404A92F86D
:100EC0002B20C2F38112D2B211463E4A32F81120D1
:100ED00003FB02F27B68C3F88C20394B93F828306F
:100EE000C3F30303DBB21A46354B93F82F30C3F339
:100EF0000403DBB2013302FB03F3314A92F82F20E3
:100F0000C2F34112D2B211462F4A52F8212003FBFC
:100F100002F27B68C3F890207B68052283F8712079
:100F20007B68052283F86C20254B1B7903F01003A6
:100F3000DBB2002B04D17B68502283F8702003E0E1
:100F40007B68062283F870201D4B93F84030C3F372
:100F50000603DBB203F00103002B04D07B680622FA
:100F600083F8702046E0164B93F84030C3F3060335
:100F7000DBB203F00203002B04D07B68062283F867
:100F8000702037E00E4B93F84030C3F30603DBB21A
:100F900003F00403002B04D07B68502283F87020F8
:100FA00028E0074B93F84030C3F30603DBB203F0AD
:100FB0000803002B0AD07B68062283F8702019E012
:100FC000BC02002424B700082CB70008664B93F835
:100FD0004030C3F30603DBB203F01003002B04D050
:100FE0007B68062283F8702004E00A2387F8273004
:100FF00000F097BC7B68D3F8943003F40073002BA7
:1010000078D05A4BDB7C23F07F03DBB2002B34D04B
:10101000564B5A7C7B6883F86C20544BDB7CC3F3C3
:101020000203DBB21A467B6883F86D204F4BDB7CF2
:10103000C3F38013DBB21A467B6883F86E204B4BF8
:10104000DB7CC3F30203DBB21A467B6883F86D20B6
:10105000464BDB7C03F01003DBB2002B09D0434B83
:10106000DB7CC3F3C003DBB21A467B6883F86F20D6
:1010700003E07B68FF2283F86F203C4BDB7D23F08D
:101080007F03DBB2002B73D0384B5A7D7B6883F82B
:101090007120364BDB7DC3F30203DBB21A467B685B
:1010A00083F87220314BDB7DC3F38013DBB21A4629
:1010B0007B6883F873202D4BDB7DC3F30203DBB227
:1010C0001A467B6883F87220284BDB7C03F0100300
:1010D000DBB2002B09D0254BDB7DC3F3C003DBB2B1
:1010E0001A467B6883F8742042E07B68FF2283F80D
:1010F00074203DE07B68012283F872207B68002227
:1011000083F87320184B93F83830C3F38503DBB2B0
:1011100003F00103002B0CD07B68052283F86C20C0
:101120007B68002283F86D207B68002283F86E20A4
:101130001EE00D4B93F83830C3F38503DBB203F0A8
:101140000203002B0CD07B68702283F86C207B6834
:10115000072283F86D207B68002283F86E2007E069
:10116000092387F82730DCE3BC0200243C03002479
:101170007B68032283F8762000237B617B68083339
:1011800007F114020121184601F08CF97B68D3F8AD
:10119000943003F00803002B00F0B0807B6893F8D4
:1011A0005C30022B00F2AA807B68002283F8642066
:1011B0007B6893F85C30002B4CD0B64B5B7C002BEB
:1011C00015D0B44B1B7CC3F30403DBB21A46B14BFE
:1011D0001B7CC3F34213DBB213447B61AD4B5A7CDF
:1011E0007B6883F876207B68012283F86420A94B12
:1011F000DB7C002B15D0A74B9B7CC3F30403DBB235
:101200001A46A44B9B7CC3F34213DBB213447B61AD
:10121000A04BDA7C7B6883F876207B68022283F817
:1012200064209C4B1B7D03F00103DBB2002B11D02B
:10123000984B9B7EC3F30403DBB21A46954B9B7E0F
:10124000C3F34213DBB213447B61924BDA7E7B68BB
:1012500083F876207B6893F85C30012B2FD98D4B77
:101260001B7D03F01003DBB2002B20D0894B9B7F4A
:10127000C3F30403DBB21A46864B9B7FC3F34213CE
:10128000DBB213447B61834BDA7F7B6883F8762083
:101290007B68042283F86420786800F03BFF0346F3
:1012A00087F8273097F82730002B40F037837B688A
:1012B000083307F114020121184601F0F3F87B68A6
:1012C00003F108007B6864331A46002101F0EAF854
:1012D0000346002B03D00C2387F8273021E37B68DB
:1012E000083307F114020121184601F0DBF8034628
:1012F000002B03D00C2387F8273012E37B68D3F848
:10130000943003F48053002B00F087807B6893F8BF
:101310005C30032B40F081807B6893F86430092BAC
:1013200003D1012387F8263044E0786800F06EFC92
:101330000346002B3ED1012387F826307B6893F8C3
:101340005D30C82B04D17B68082283F8642003E059
:101350007B68092283F864207B6803F108007B68BE
:1013600064331A46002101F09DF80346002B03D098
:101370000C2387F82730D4E27B6893F89D30FD2B4F
:1013800009D114237B617B68083307F11402012122
:10139000184601F087F87B6893F89D30FE2B09D141
:1013A00008237B617B68083307F11402012118468A
:1013B00001F078F87B68D3F8943003F00803002B31
:1013C00019D0344B1B68102B15D9324B93F84B3086
:1013D000C3F34113DBB2012B03D90F2387F8273066
:1013E0009FE22C4B93F84B30C3F34113DBB21A4608
:1013F0007B6883F858207B68D3F8943003F080032F
:10140000002B0AD0244BDB7803F04003DBB2002B27
:1014100003D07B68142283F859206421786800F097
:1014200095FA0346002B03D00C2387F8273078E287
:101430007B68D3F8943003F04003002B00F08281E6
:1014400097F82630002B40F00181124B93F843307F
:1014500003F00103002B21D07B6803F10800002377
:101460000022B72101F099FA0346002B03D00C2388
:1014700087F8273055E27B6808330022022118469E
:1014800001F010F80346002B72D00C2387F82730A8
:1014900047E200BFBC02002424030024814B93F8E0
:1014A000433003F00203002B50D07B6803F10800A7
:1014B0007B6893F870100023002201F06EFA034657
:1014C000002B03D00C2387F827302AE27B6803F136
:1014D00008007B6893F871107B6893F874301E469F
:1014E0007B6893F87330002B01D1012300E00023C7
:1014F0007A6892F872209340DCB27B6893F872307D
:101500001A4601239340DBB27A6892F85D204FF4CB
:101510007A750295019200932346324601F04AFB08
:101520000346002B03D00C2387F82730F9E17B68B2
:1015300003F1080000230022B72101F02EFA034630
:10154000002B15D00C2387F82730EAE1554B93F890
:10155000433003F04003002B0AD1524B93F8433041
:1015600003F02003002B03D10F2387F82730D8E1A5
:101570007B68083300220221184600F093FF0346DF
:10158000002B03D00C2387F82730CAE17B6893F83F
:101590006430002B2AD1444B1B7803F00103DBB2EB
:1015A000002B03D07B68132283F876203E4B1B78F8
:1015B00003F04003DBB2002B03D07B68122283F8D8
:1015C0007520394B1B7803F00203DBB2002B0DD0E2
:1015D0007B680C2283F8762008237B617B680833C4
:1015E00007F114020121184600F05CFF7B6893F8B4
:1015F0006430012B0AD12C4B1B7803F00403DBB2BF
:10160000002B03D07B683C2283F876207B6893F81C
:101610006430022B0AD1244B1B7803F00803DBB2A1
:10162000002B03D07B68BC2283F876207B6893F87C
:101630006430032B0AD11C4B5B7803F02003DBB230
:10164000002B03D07B680E2283F876207B6893F80A
:101650005C30032B32D17B6893F86430002B2DD1A2
:10166000114B9B7803F02003DBB2002B26D00E4BEE
:10167000DB7803F00103DBB2002B1FD07B6807226D
:1016800083F864207B6803F108007B6864331A46A2
:10169000002100F007FF0346002B07D00C2387F83A
:1016A00027303EE1BC0200241C0300247B68CC22CE
:1016B00083F876207B688E2283F875207B6893F808
:1016C0006430082B2AD19A4BDB7803F00103DBB29C
:1016D000002B03D07B68022283F87520944B9B7803
:1016E00003F02003DBB2002B0DD07B68CC2283F803
:1016F000762008237B617B68083307F114020121FF
:10170000184600F0CFFE8A4B9B7803F04003DBB213
:10171000002B03D07B68FD2283F87620844B1A7956
:101720007B6883F87820824B5A797B6883F87A202B
:101730007F4B9A797B6883F87C207D4BDA797B68D4
:1017400083F87E207B68D3F8943003F08003002B6D
:1017500000F0E6807B6893F86430092B05D07B6845
:1017600093F86430082B40F0DB800023FB60714B62
:101770005B78002B04D06F4B5A787B6883F8762017
:101780006C4B1B7D03F01F03DBB2002B0DD0694BAC
:101790001B7DC3F30403DBB27B617B68083307F175
:1017A00014020121184600F07DFE634B93F853307C
:1017B000C3F30313DBB2184600F006F9F8617B6847
:1017C0009B6EFA699A4202D97B689B6EFB617B68CB
:1017D0001B68002B07D07B681B68FA699A4202D904
:1017E0007B681B68FB617B6803F108007B68996E6E
:1017F00007F10C03FA6900F0E2FD0346002B03D069
:101800000D2387F827308CE03B6801221A70FB68B3
:101810004A4A934213D9474B9B8903F478639BB29E
:10182000002B0CD0434B9B89C3F3C413DBB27B6109
:10183000404B1B7BC3F38403DBB23B623BE0FB68A2
:101840003F4A934213D93B4BDB7C23F00703DBB2C7
:10185000002B0CD0374BDB7CC3F3C403DBB27B61C2
:10186000344B5B8AC3F38413DBB23B6223E0FB6837
:10187000344A934213D92F4B9B7C03F03E03DBB2D7
:10188000002B0CD02B4B9B7CC3F34403DBB27B615E
:10189000284B1B69C3F30433DBB23B620BE0254BDF
:1018A0001B8AC3F3C413DBB27B61224B1B7CC3F3E3
:1018B0008403DBB23B627B6893F85D30C82B0AD1AE
:1018C00010237B617B68083307F11402012118465D
:1018D00000F0E8FD25E07B68D3F8943003F4007352
:1018E000002B17D0184B93F8233023F07F03DBB283
:1018F000002B0FD0396A786800F06CFA0346002B91
:101900000FD17B68083307F114020121184600F05B
:10191000C9FD06E00E2387F8273002E000BF00E093
:1019200000BF97F8273018462C37BD46F0BD00BFE2
:101930001C03002424030024BC020024FFC1EB0B81
:101940007FF5E4093F6BED073C030024F0B589B057
:1019500004AF78603960FB23FB737B6893F86C30CD
:10196000002B2BD07B6803F108007B6893F86C4058
:101970007B6893F86F301E467B6893F86E301A468A
:101980007B6893F86D3002FA03F3DDB27B6893F85D
:101990006D301A4601239340DBB27A6892F85D20DD
:1019A00039680291019200932B463246214601F09C
:1019B00001F90346002B01D10023FB7397F90F3087
:1019C00018461437BD46F0BDB0B48BB000AF786098
:1019D0000E4B07F10C041D460FCD0FC495E8070010
:1019E00003C422807B68092B0AD87B685B002833FC
:1019F0003B4433F81C3C1A46054B02FB03F300E062
:101A0000002318462C37BD46B0BC70477CB5000893
:101A100040420F0080B588B000AFF860B9607A60CE
:101A20000023FB7707F1140300221A605A60FB6859
:101A300003F1080007F114020823B96800F084FEDE
:101A40000346002B02D00323FB77D9E07B680022FA
:101A50001A60FA7D7B681A72BB7E1A047B7E1B02B9
:101A600013433A7E1A437B685A60FB7E002B10D0EA
:101A7000FB7E5BB2002B0CDB3B7D03F00103002BF4
:101A800003D07B6801221A60BAE07B6802221A60E8
:101A9000B6E0FB7E5BB2002B80F2AE803B7D03F0B4
:101AA0000103002B02D17B6804221A60FB7EFF2B0E
:101AB00040F0A6803B7D0F2B4CDC002B24DA9EE00F
:101AC000813B0D2B00F29B8001A252F823F000BF56
:101AD000751B0008FF1B0008FF1B0008851B000882
:101AE000FF1B0008FF1B00089F1B0008A91B000824
:101AF000FF1B0008FF1B0008C71B0008FF1B000896
:101B0000DB1B0008E51B00080F2B78D801A252F858
:101B100023F000BF5F1B0008FF1B0008FF1B00082D
:101B20007D1B0008FF1B00088D1B0008951B00088B
:101B3000FF1B0008FF1B0008B31B0008BD1B0008AB
:101B4000FF1B0008D11B0008FF1B0008FF1B00083B
:101B5000EF1B00088E2B52DC812BB1DA4FE07B6843
:101B600008221A60FB7D172B28BF1723DAB27B6887
:101B70001A7245E07B6810221A6041E07B682022DF
:101B80001A603DE07B6840221A6039E07B68802261
:101B90001A6035E07B684FF480721A6030E07B6831
:101BA0004FF400721A602BE07B684FF480621A6079
:101BB00026E07B684FF400621A6021E07B684FF4F6
:101BC00080521A601CE07B684FF400521A6017E0E4
:101BD0007B684FF480421A6012E07B684FF4004249
:101BE0001A600DE07B684FF480321A6008E07B6871
:101BF0004FF400321A6003E00323FB7700E000BFDC
:101C0000FB7F18462037BD4680BD00BF90B585B02C
:101C100000AF78600023FB736D4BDB78002B28D07E
:101C20006B4B9B783B726A4B5B787B72684B1B7883
:101C3000BB72674BDB79FB72654B9B793B73644BE3
:101C40005B797B73624B1B79BB737B6803F1080084
:101C5000397A5F4BDB78013B9CB207F108035A1CD1
:101C6000234600F09AFE0346002B02D00B23FB73A1
:101C7000A9E0574BDB7A002B32D064217868FFF75C
:101C800065FE0346002B02D00C23FB739BE0504BF8
:101C90009B7A3B724E4B5B7A7B724D4B1B7ABB72CD
:101CA0004B4BDB7BFB724A4B9B7B3B73484B5B7B19
:101CB0007B73474B1B7BBB737B6803F10800397A4E
:101CC000434BDB7A013B9CB207F108035A1C2346C5
:101CD00000F063FE0346002B02D00B23FB7372E07F
:101CE0003B4BDB7C002B32D064217868FFF72EFE63
:101CF0000346002B02D00C23FB7364E0344B9B7C27
:101D00003B72334B5B7C7B72314B1B7CBB72304B29
:101D1000DB7DFB722E4B9B7D3B732D4B5B7D7B7381
:101D20002B4B1B7DBB737B6803F10800397A284B72
:101D3000DB7C013B9CB207F108035A1C234600F0F0
:101D40002CFE0346002B02D00B23FB733BE0204B01
:101D5000DB7E002B32D064217868FFF7F7FD034665
:101D6000002B02D00C23FB732DE0194B9B7E3B72A2
:101D7000174B5B7E7B72164B1B7EBB72144BDB7F5B
:101D8000FB72134B9B7F3B73114B5B7F7B73104B41
:101D90001B7FBB737B6803F10800397A0C4BDB7E39
:101DA000013B9CB207F108035A1C234600F0F5FDE5
:101DB0000346002B02D00B23FB7304E07B6808333F
:101DC000184601F030F8FB7B18461437BD4690BD2D
:101DD000AC030024F0B58BB004AF786039606D4B74
:101DE000FB600023FB7500233B816B4B93F8233092
:101DF00003F01003DBB2002B0AD1674B93F82330BA
:101E000023F07F03DBB2002B02D00C23FB75BBE079
:101E1000614B93F8233003F00803DBB2002B05D0AD
:101E20005D4B93F822301B023B610BE07B6893F81B
:101E30005D30C82B02D101233B6103E0564B93F880
:101E400022303B617B6803F10800534B93F821106B
:101E50007B6893F85D3007F1080201930223009339
:101E600013463A6900F041FE0346002B02D00C23D2
:101E7000FB7589E07B6803F108007B6893F87010BC
:101E80000023002200F089FD0346002B02D00C2322
:101E9000FB7579E07B6803F108007B6893F87110AB
:101EA0007B6893F874301E467B6893F87330002B80
:101EB00001D1012300E000237A6892F87220934058
:101EC000DCB27B6893F872301A4601239340DBB290
:101ED0007A6892F85D204FF47A750295019200932A
:101EE0002346324600F066FE0346002B02D00C2348
:101EF000FB7549E03B7A5AB2274B93F82330C3F382
:101F00004113DBB218333B4413F80C3C1946224B07
:101F100093F82330C3F30203DBB201FA03F35BB29D
:101F2000DB435BB213405BB2DBB23B723A7A1A4BD3
:101F300093F82330C3F30203DBB219463B688B40AE
:101F4000DBB21343DBB23B723B7A7B727B6803F1FB
:101F50000800114B93F8201007F1080302220092A9
:101F60003A6900F0D1FC0346002B02D00C23FB752C
:101F70000AE064217868FFF7E9FC0346002B02D0F1
:101F80000C23FB7500E000BFFB7D18461C37BD46E7
:101F9000F0BD00BF03070F1F3C03002480B584B0D1
:101FA00000AF78600F23FB73594B93F83E30C3F3B7
:101FB0000213DBB2072B00F2A48001A252F823F037
:101FC0000321000803210008E11F00080321000885
:101FD00061200008032100080321000803210008F4
:101FE0007B6803F108007B6893F8701000230022DF
:101FF00000F027FD0346002B02D00C23FB7381E089
:102000007B6803F1080007F10C020123052100F0B1
:1020100018FD0346002B02D00C23FB7372E03B7BC0
:1020200043F04003DBB23B737B6803F1080007F128
:102030000C020123012100F0B0FC0346002B02D06A
:102040000C23FB735EE064217868FFF77FFC034696
:10205000002B02D00C23FB7354E00023FB7351E0F0
:102060007B6803F1080007F10C020223052100F050
:10207000E8FC0346002B02D00C23FB7342E07B7B81
:1020800043F00203DBB27B737B6803F108007B68DB
:1020900093F870100023002200F0D3FC0346002BBD
:1020A00002D00C23FB732DE07B6803F1080007F1DD
:1020B0000C020223012100F070FC0346002B02D029
:1020C0000C23FB731EE064217868FFF73FFC034696
:1020D000002B02D00C23FB7314E0FF237B737B687F
:1020E00003F1080007F10C020223052100F0A9FC0E
:1020F0000346002B02D00C23FB7303E00023FB7389
:1021000000E000BFFB7B18461037BD4680BD00BF16
:10211000BC02002480B584B000AF78600F23FB734D
:102120000023BB731A4B9B8FC3F30413DBB203F082
:102130000103002B07D07868FFF730FF0346FB73DD
:102140003823BB730FE0124B9B8FC3F30413DBB236
:1021500003F00403002B06D07868FFF71FFF034647
:10216000FB733523BB73FB7B002B0CD1BB7B002B9C
:1021700009D07B6803F10800B97B0023002200F03E
:1021800060FC0023FB73FB7B18461037BD4680BD07
:10219000BC02002480B584B000AF786039600423AD
:1021A000FB733B680E4A934206D03B680D4A93424C
:1021B0000ED10023FB730EE07B6808330021184624
:1021C00000F0F9FD0346002B04D10523FB7301E069
:1021D00000BF00E000BFFB7B18461037BD4680BD46
:1021E000465350445346445080B58AB000AFF8601F
:1021F0007A603B600B46FB72002387F82730002390
:10220000FB763B68083398220021184608F00AFC48
:102210003B68FA7A83F85C203B68002283F86420EC
:102220003B687A689A663B68082283F859203B68C5
:102230000833F968184600F001F93B6803F108001B
:1022400007F11003414A796800F0B9F83B68083398
:10225000184600F09FFD07F11C0319463868FEF789
:102260000DFB0346002B03D0FF2387F8273067E0E0
:102270003868FEF73DFC0A2001F0DAFC07F11C0388
:1022800019463868FEF7FAFA0346002B03D0FF23FD
:1022900087F8273054E097F82230092B04D93B689F
:1022A000092283F89C2004E097F822203B6883F8F9
:1022B0009C2097F823203B6883F89D203B680833D7
:1022C00007F114010422184600F09EFA3A7D3B689B
:1022D00083F85D203868FEF72FFB0346002B03D000
:1022E000FF2387F827302BE007F11B0319463868D6
:1022F000FEF7DAFC0346002B03D0FD2387F82730D6
:102300001EE0FB7E002B0DD13B681B68002B09D023
:102310003B6803F108003B681A6807F1100379680D
:1023200000F04DF807F11C0319463868FEF768FA0B
:102330000346002B03D0F22387F8273000E000BFCC
:1023400097F9273018462837BD4680BD80F0FA023D
:1023500090B587B002AF78600023FB737B6803F110
:1023600008007B6893F876107B681B6DDAB27B6897
:1023700093F875300024009400F095FC0346002B80
:1023800001D0F323FB7397F90F3018461437BD467D
:1023900090BD80B584B000AF78600023FB737B688C
:1023A0000833184600F0F6FC0346002B01D0F32357
:1023B000FB7397F90F3018461037BD4680BD80B4C7
:1023C00087B000AFF860B9607A603B600023FB75AE
:1023D0007B68002B02D10123FB7528E0BA687B687B
:1023E000B2FBF3F33B613B69002B0DD0BA683B694C
:1023F000B2FBF3F23B681A603B681B687A689A424A
:1024000002D33B69013B3B613B690133BA68B2FBD4
:10241000F3F23B681A60FB681B681B68DB6823F0FB
:10242000FF01FB681B681B683A690A43DA60FB7DA1
:1024300018461C37BD465DF8047B704780B596B0E2
:1024400000AF7860396007F10C034C220021184678
:1024500008F0E8FA5A237B610123BB614FF48073D3
:10246000BB624FF40053FB624FF080737B64082320
:102470003B657B683A681A607B68043307F10C019E
:102480004C22184608F053FB7B68002283F850204A
:102490007B68002283F85220002318465837BD4637
:1024A00080BD000080B598B000AFF8600B467A6040
:1024B000FB72002387F85F30FB6807F110000433DC
:1024C0004C22194608F033FBFB7A042B00F22A81D8
:1024D00001A252F823F000BFED24000815270008E0
:1024E000E726000825270008EF2600087B681A78F1
:1024F000FB6883F85220FB6893F852300B2B00F2F4
:10250000ED8001A252F823F0392500083925000892
:1025100039250008392500086925000869250008C3
:1025200099250008CD250008FD2500083326000860
:1025300069260008A32600080123FB6100233B62F3
:1025400000237B624FF48073FB624FF400533B63C4
:1025500000237B634FF08073BB6400233B6508233B
:102560007B650023BB65BDE00323FB6100233B6269
:1025700000237B624FF44073FB6200237B634FF4C4
:1025800000533B634FF04073BB6400233B6506235D
:102590007B650023BB65A5E00323FB6100233B6251
:1025A00008237B624FF44073FB624FF400533B639C
:1025B0004FF400637B634FF04073BB644FF00063E4
:1025C0003B6506237B650023BB658BE00123FB6134
:1025D00000233B6200237B624FF48063FB624FF475
:1025E00040533B6300237B634FF08063BB64002355
:1025F0003B6508237B650023BB6573E00423FB6117
:1026000000233B6200237B624FF48063FB624FF444
:1026100040533B634FF400637B634FF08063BB64C4
:102620004FF000633B6508237B654FF00053BB65AB
:1026300058E00423FB6110233B6208237B624FF4C4
:102640008063FB624FF440533B634FF400637B6352
:102650004FF08063BB644FF000633B6514237B65E0
:102660004FF00053BB653DE00423FB6100233B6258
:1026700000237B624FF48063FB624FF440533B6363
:102680004FF400637B630023FB634FF08063BB6404
:102690004FF000633B650A237B654FF00053BB6539
:1026A00020E00423FB6100233B6200237B624FF4A4
:1026B0008063FB624FF440533B634FF400637B63E2
:1026C0000023FB634FF0A063BB644FF000633B65E6
:1026D0000A237B654FF00053BB6503E0012387F8B5
:1026E0005F3000BF22E04FF440533B631EE07B6845
:1026F0001B7887F85E30FB681B681B689B6823F4B7
:10270000F81197F85E301A04FB681B681B680A43CF
:102710009A600BE07B681B7887F85D3097F85D3036
:102720007B6503E0012387F85F3000BFFB6804335B
:1027300007F110014C22184608F0F9F997F85F30BC
:1027400018466037BD4680BD80B598B000AFF860D0
:10275000B9607A603B60FB6807F1100004334C22DB
:10276000194608F0E4F9FB6893F85030396A5A22A8
:10277000184600F066FB0346BB61BB68BB623B6862
:10278000FB64FB6893F851307B65FB6AB3F5807F8F
:1027900003D0FB6AB3F5407F02D14FF400533B6393
:1027A0003B6DB3F1006F03D14FF00053BB6501E007
:1027B0000023BB65FB681B6807F110016422184603
:1027C00006F088FE034687F85F3097F85F30002BED
:1027D0000AD1FB681B6864227968184606F07DFF01
:1027E000034687F85F3000E000BF97F85F30002BAA
:1027F00004D0FB681B68184607F0EAF897F85F30CA
:1028000018466037BD4680BD80B598B000AFF8600F
:10281000B9607A60FB6807F1100004334C22194656
:1028200008F085F9FB6893F85030396A9F22184602
:1028300000F007FB0346BB617B68FB64FB69012B6F
:1028400007D10023FB6200237B654FF08073BB64DC
:1028500030E0FB69032B07D10023FB6200237B657B
:102860004FF04073BB6425E0FB69042B1ED10023AD
:10287000BB62BB681B78C22B08D13B6DB3F1006F04
:1028800004D104237B6500233B6513E0BB681B7800
:10289000C82B08D13B6DB3F1006F04D108237B65D1
:1028A0000023FB6206E008237B6503E00023BB6294
:1028B00008237B65FB681B6807F11001642218463A
:1028C00006F008FE034687F85F3097F85F30002B6C
:1028D0000AD1FB681B686422B968184606F0FDFE41
:1028E000034687F85F3000E000BF97F85F30002BA9
:1028F00004D0FB681B68184607F06AF897F85F3049
:1029000018466037BD4680BD80B598B000AFF8600E
:102910007A603B600B46FB72FB6807F110000433E2
:102920004C22194608F003F9FB6893F85030396AD5
:10293000FA7A184600F085FA0346BB617B68BB62F1
:10294000BB6EFB6400237B650023BB65FB681B68D3
:1029500007F110016422184606F0BCFD034687F813
:102960005F3097F85F30002B07D13968F86800F0C6
:1029700091FA034687F85F3000E000BF97F85F30B8
:10298000002B04D0FB681B68184607F021F897F865
:102990005F3018466037BD4680BD80B598B000AF47
:1029A000F8607A601A460B46FB7213463B81FB685F
:1029B00007F1100004334C22194608F0B8F8FB6800
:1029C00093F85030396AFA7A184600F03AFA03461A
:1029D000BB610023FB6200237B653B89FB64002312
:1029E000BB653B89002B01D10023BB64FB681B68DE
:1029F00007F110016422184606F06CFD034687F8C3
:102A00005F3097F85F30002B0CD13B89002B09D049
:102A1000FB681B6864227968184606F0EBFD0346E4
:102A200087F85F3097F85F30002B04D0FB681B6895
:102A3000184606F0CDFF97F85F3018466037BD4660
:102A400080BD80B598B000AFF8607A601A460B463A
:102A5000FB7213463B81FB6807F1100004334C22E4
:102A6000194608F064F8FB6893F85030396AFA7A2E
:102A7000184600F0E6F90346BB610023FB62002321
:102A80007B653B89FB640023BB653B89002B01D13F
:102A90000023BB64FB681B6807F110016422184621
:102AA00006F018FD034687F85F3097F85F30002B7B
:102AB0000CD13B89002B09D0FB681B686422796824
:102AC000184606F00AFE034687F85F3097F85F3035
:102AD000002B04D0FB681B68184606F079FF97F8B6
:102AE0005F3018466037BD4680BD80B598B000AFF6
:102AF000F8607A603B600B46FB72FB6807F11000E0
:102B000004334C22194608F012F8FB6893F8503051
:102B1000396AFA7A184600F094F90346BB617B687B
:102B2000BB62FB6893F851307B65B7F86830FB6493
:102B300097F86C30C22B06D13B6DB3F1006F02D118
:102B400000233B650EE097F86C30C82B08D13B6D35
:102B5000B3F1006F04D100233B650023BB6501E0A6
:102B60000023BB65FB681B6807F11001642218464F
:102B700006F0B0FC034687F85F3097F85F30002B13
:102B800009D1FB681B6864223968184606F0A5FD68
:102B9000034687F85F3097F85F30002B04D0FB685E
:102BA0001B68184606F014FF97F85F301846603728
:102BB000BD4680BD80B59EB000AFF8607A601A4611
:102BC0000B46FB721346BB72FB6807F12800043307
:102BD0004C22194607F0ABFFBB7A7B6197F8803037
:102BE000BB610023FB614FF480033B6210237B62D7
:102BF000FB6893F85030B96BFA7A184600F021F967
:102C000003463B6301237B6600233B677B6B012B01
:102C100006D14FF080733B6600237B640023FB6684
:102C20003B6EB3F1806F14D197F88430C22B08D17A
:102C3000BB6EB3F1006F04D14FF000533B6700232C
:102C4000BB664FF480637B644FF44053BB647B6886
:102C50003B64FB681B6807F128016422184606F0F4
:102C600039FC034687F8773097F87730002B0BD183
:102C7000FB681B6807F11401D7F88820184606F096
:102C8000CFFD034687F8773097F87730002B04D0D4
:102C9000FB681B68184606F09BFE97F877301846CD
:102CA0007837BD4680BD80B598B000AF78600846E3
:102CB00011461A460346FB700B46BB7013467B70E9
:102CC0007B6807F1100004334C22194607F02FFFF0
:102CD00007F1080300221A605A6001233B617B68F8
:102CE00093F85030396AFA78184600F0AAF803468B
:102CF000BB61BB787B657B681B6807F110016422B0
:102D0000184606F0E7FB034687F85F3097F85F3018
:102D1000002B2DD102233B617B6893F85030396A38
:102D20007A78184600F08DF80346BB6197F8683052
:102D30007B657B681B6807F110016422184606F06A
:102D4000C9FB034687F85F3097F85F30002B11D13D
:102D50000023BB605023FB607B681B6807F10802FF
:102D60001146184606F0E6FD034687F85F3002E09C
:102D700000BF00E000BF97F85F30002B04D07B68F5
:102D80001B68184606F024FE97F85F301846603737
:102D9000BD4680BD80B582B000AF7860BFF34F8F75
:102DA00000BF7B681B68184606F012FE03461846F3
:102DB0000837BD4680BD80B485B000AF78600B4653
:102DC000FB700023FB737B681B681B689B6803F028
:102DD000E063BB60FB78002B1ED1BB68002B03D1E6
:102DE0004FF08073BB6008E0BB68B3F1807F02D115
:102DF0000023BB6001E00123FB737B681B681B6839
:102E00009B6823F0E0617B681B681B68BA680A4313
:102E10009A6000BFFB7B00E0012318461437BD46D3
:102E20005DF8047B704780B582B000AF78607B6846
:102E30001B68184606F0CCFD034618460837BD4609
:102E400080BD80B485B000AF03463960FB71134686
:102E5000BB713B68102B14D1BB799BB21B02FB8169
:102E6000FB79012B07D1BB79DB43DBB21A46FB8927
:102E70001343FB8107E0BB799AB2FB891343FB81C3
:102E800001E0BB79FB81FB8918461437BD465DF82C
:102E9000047B704780B584B000AF786039607B6890
:102EA0001B6864223968184606F0A4FB0346FB73CE
:102EB000FB7B18461037BD4680BD80B5B0B000AF73
:102EC00007F124039C220021184607F0ABFD3B1DAF
:102ED00020220021184607F0A5FD012001F056FB35
:102EE0000346002B14BF01230023DBB2002B01D0CB
:102EF00000F096FC02237B6201233B6300237B638B
:102F00004023BB630223BB640023FB6420233B6597
:102F10004FF496737B650123BB650223FB65022397
:102F20003B6602237B660223BB660023FB6602230B
:102F30003B6700237B670423BB671923FB670223DE
:102F4000C7F880300223C7F884300223C7F88830DE
:102F50000223C7F88C300223C7F890300023C7F84B
:102F600094300023C7F8983007F12403184601F085
:102F700045FB0346002B14BF01230023DBB2002BCB
:102F800001D000F04DFC3F237B600323BB60002396
:102F9000FB6008233B6104237B614023BB614FF44A
:102FA0008063FB614FF480433B623B1D3721184631
:102FB00001F05EFE0346002B14BF01230023DBB2A9
:102FC000002B01D000F02CFC00BFC037BD4680BDF7
:102FD00080B586B000AF3B1D00221A605A609A602F
:102FE000DA6000F0E1FF0023FB7506E0FB7D184688
:102FF00000F0F8FFFB7D0133FB75FB7D0F2BF5D94E
:1030000001233B7100237B710023BB601F233B73B3
:1030100087237B730023BB730023FB7301233B7463
:1030200000237B740023BB740023FB743B1D1846F4
:1030300000F0EEFF01237B714FF0E043BB601A23E9
:103040003B7300237B730123BB730323FB730023B8
:103050003B7400237B740123BB740123FB743B1D71
:10306000184600F0D5FF02237B714FF04053BB6040
:103070000E233B7300237B730023BB730323FB737B
:1030800001233B7400237B740023BB740023FB7477
:103090003B1D184600F0BCFF042000F063FF00BF9A
:1030A0001837BD4680BD000080B588B000AF1B4B0F
:1030B000D3F84831194A43F48023C2F84831174BFA
:1030C000D3F84831BB60BB68144BD3F84031134A86
:1030D00043F00803C2F84031104BD3F840317B6015
:1030E0007B6807F10C0300221A605A609A60DA606C
:1030F0001A614FF44073FB6002233B6100237B6144
:103100000023BB610723FB6107F10C031946044848
:1031100001F040F800BF2037BD4680BD0044025892
:10312000000C025880B584B000AFFFF751FF434B4D
:103130005B6903F40033002B14BF01230023DBB2CF
:10314000002B1BD1BFF34F8F00BFBFF36F8F00BFAA
:103150003A4B0022C3F85022BFF34F8F00BFBFF39A
:103160006F8F00BF354B5B69344A43F400335361C2
:10317000BFF34F8F00BFBFF36F8F00E000BF2F4B37
:103180005B6903F48033002B14BF01230023DBB2FF
:10319000002B42D1294B0022C3F88420BFF34F8F6C
:1031A00000BF264BD3F88030FB60FB685B0BC3F39A
:1031B0000E03BB60FB68DB08C3F309037B60BB68DD
:1031C0005A0143F6E07313407A6892071B49134390
:1031D000C1F860327B685A1E7A60002B14BF01234D
:1031E0000023DBB2002BEAD1BB685A1EBA60002B69
:1031F00014BF01230023DBB2002BDBD1BFF34F8FC1
:1032000000BF0E4B5B690D4A43F480335361BFF33B
:103210004F8F00BFBFF36F8F00E000BF00F093FC43
:10322000FFF74BFE00F0C4F9FFF73EFF044800F043
:1032300045FC00BF1037BD4680BD00BF00ED00E07B
:10324000CC03002480B400AF024B1846BD465DF8A5
:10325000047B7047CC03002480B483B000AF786057
:10326000044A7B681A607B6818460C37BD465DF8D7
:10327000047B704744B7000880B582B000AF786027
:103280007868FFF7E9FF0421786806F09AFF7B6809
:1032900018460837BD4680BD80B582B000AF786063
:1032A000054A7B681A607B681846FFF7D5FF7B6884
:1032B00018460837BD4680BD9CB7000880B582B06F
:1032C00000AF78607868FFF7E7FF9821786806F02C
:1032D00078FF7B6818460837BD4680BD80B483B050
:1032E00000AF7860044A7B681A607B6818460C3728
:1032F000BD465DF8047B70475CB7000880B582B0BE
:1033000000AF78607868FFF7E9FF0421786806F07D
:1033100058FF7B6818460837BD4680BD80B582B02F
:1033200000AF7860054A7B681A607B681846FFF733
:10333000D5FF7B6818460837BD4680BD7CB70008BE
:1033400080B582B000AF78607868FFF7E7FF0C21A6
:10335000786806F036FF7B6818460837BD4680BDA2
:1033600080B500AF4FF4E1320A490B4800F06AFB28
:103370000A4A0B49084806F01FFF4FF480620949CA
:10338000094800F0EDFA054A0849074806F014FF1D
:1033900000BF80BD00480040CC0300240000002492
:1033A00099320008000C0258640400241D33000800
:1033B00080B500AFFFF7D4FF80BD000080B5A8B096
:1033C00000AF3B1D9C220021184607F02BFB02207A
:1033D00001F08AF80346002B01D000F021FA1A4BC5
:1033E000D3F85431184A43F00203C2F85431164B53
:1033F000D3F854313B603B6801F0F0F810237B6058
:1034000080237B623B1D184601F0F8F80346002B31
:1034100001D000F005FA002300220021102000F066
:1034200055FC102000F028FC00BF4FF4806000F035
:1034300037FC0346012BF8D14FF4802000F09AFCB2
:1034400000BFA037BD4680BD0044025880B5B0B073
:1034500000AF786007F1AC0300221A605A609A60EE
:10346000DA601A6107F1180390220021184607F06C
:10347000D9FA7B681B682B4A93424ED14FF0040265
:103480004FF00003C7E906234023BB6207F118038E
:10349000184602F02DFB0346002B01D000F0C0F9C6
:1034A000214BD3F83431204A43F48043C2F83431FD
:1034B0001D4BD3F834317B617B691B4BD3F834311E
:1034C000194A43F48053C2F83431174BD3F83431DE
:1034D0003B613B69144BD3F84031134A43F400532A
:1034E000C2F84031104BD3F84031FB60FB6840F626
:1034F0007F73C7F8AC300223C7F8B0300023C7F899
:10350000B4300323C7F8B8300923C7F8BC3007F13B
:10351000AC031946054800F03DFE00BFC037BD466C
:1035200080BD00BF00A00052004402580034025881
:103530000D48854600F026F80C480D490D4A002339
:1035400002E0D458C4500433C4188C42F9D30A4A58
:103550000A4C002301E013600432A242FBD307F0BF
:10356000BFFAFCF7B9FFFEE70000012000000024CD
:10357000C40100240CB80008C4010024C4050024C0
:10358000FEE7000080B400AF074B084A9A60064B84
:10359000D3F88830044A43F47003C2F8883000BF7F
:1035A000BD465DF8047B704700ED00E000000008B8
:1035B00080B489B000AF924B1B6903F03803182B1D
:1035C00000F2FB8001A252F823F000BF3136000860
:1035D000BB370008BB370008BB370008BB37000803
:1035E000BB370008BB370008BB370008453600086A
:1035F000BB370008BB370008BB370008BB370008E3
:10360000BB370008BB370008BB3700084B36000843
:10361000BB370008BB370008BB370008BB370008C2
:10362000BB370008BB370008BB370008513600081D
:10363000734B1B68DB0803F00303724A22FA03F39F
:10364000FB61C4E0704BFB61C1E0704BFB61BEE00D
:103650006B4B9B6A03F003033B61694B9B6A1B093D
:1036600003F03F03FB60664BDB6A03F00103002BB2
:103670000BD0634B5B6BDB08C3F30C0307EE903A94
:10368000F8EE677AC7ED067A02E04FF00003BB61FF
:10369000FB68002B00F08E803B69012B24D03B6936
:1036A000022B43D1FB6807EE903AF8EE677ADFED24
:1036B000586A86EEA77A524B1B6BC3F3080307EEDA
:1036C000903AF8EE676A97ED066ADFED525AC6EE59
:1036D000257A76EEA77AF7EE006A77EEA67A67EE9D
:1036E000277AC7ED057A4FE0FB6807EE903AF8EECF
:1036F000677ADFED496A86EEA77A414B1B6BC3F30D
:10370000080307EE903AF8EE676A97ED066ADFED78
:10371000415AC6EE257A76EEA77AF7EE006A77EE82
:10372000A67A67EE277AC7ED057A2DE0344B1B6841
:10373000DB0803F00303334A22FA03F3BB60BB68E0
:1037400007EE903AF8EE676AFB6807EE903AF8EEFB
:10375000677A86EEA77A2A4B1B6BC3F3080307EE42
:10376000903AF8EE676A97ED066ADFED2A5AC6EEE0
:10377000257A76EEA77AF7EE006A77EEA67A67EEFC
:10378000277AC7ED057A00BF1D4B1B6B5B0A03F060
:103790007F0301337B607B6807EE903AB8EE677A6F
:1037A000D7ED056AC6EE877AFCEEE77A17EE903A17
:1037B000FB610CE00023FB6109E0114B1B68DB0897
:1037C00003F003030F4A22FA03F3FB6100BF0C4B23
:1037D0009B6903F00F033B603B68072B07D93B68ED
:1037E000073BFA6922FA03F30C4A136002E00B4A22
:1037F000FB69136000BF2437BD465DF8047B70474A
:10380000004402580090D00300093D0000366E01CC
:10381000001BB74B000000460024744A5C010024E2
:1038200080B400AF72B600BF00BFFDE780B500AF47
:1038300000F0DEF900BF80BD80B58AB000AF7860CF
:103840007B681B687B627B685B683B627B689B680C
:10385000FB617B68DB68BB617B681B697B617B68A4
:103860005B693B617B689B69FB607B68DB69BB6074
:103870001C4806F0F7FF1C4806F0F4FFF9681B48E7
:1038800006F088FF39691A4806F084FF3A6A796AB7
:10389000184806F07FFFBA69F969174806F07AFF01
:1038A000BA687969154806F075FF154B9B6A194689
:1038B000144806F06FFF124BDB6A1946124806F0F7
:1038C00069FF0F4B5B6B1946104806F063FF0C4B0A
:1038D0009B6B19460E4806F05DFF0E4806F0C2FFCE
:1038E00000BFFDE798B50008C4B50008E0B50008C2
:1038F000F0B5000800B6000820B6000840B6000881
:1039000000ED00E060B6000878B6000890B6000848
:10391000A8B60008C0B600081EF0040F0CBFEFF3F5
:103920000880EFF30980FFF787BF00BFFFF7F4FFC0
:1039300000BFFFF7F1FF00BFFFF7EEFF00BF000081
:1039400080B483B000AF7860044A7B681A607B68FB
:1039500018460C37BD465DF8047B70475CB700081D
:1039600080B584B000AFF860B9601346FB80FB6897
:103970001846FFF7E5FF074AFB681A60FB68BA685C
:103980005A60FB68FA881A81FB6818461037BD46F2
:1039900080BD00BF7CB7000880B582B000AF786002
:1039A0007B6858687B681B890122194600F06AFD14
:1039B00000BF0837BD4680BD80B582B000AF7860DB
:1039C0007B6858687B681B890022194600F05AFD05
:1039D00000BF0837BD4680BD80B582B000AF7860BB
:1039E0007B685A687B681B891946104600F062FDA7
:1039F00000BF0837BD4680BD80B582B000AF78609B
:103A00007B685A687B681B891946104600F022FDC6
:103A10000346012B0CBF01230023DBB218460837F5
:103A2000BD4680BD80B483B000AF7860044A7B6837
:103A30001A607B6818460C37BD465DF8047B7047FA
:103A400044B7000880B584B000AFF860B9607A6010
:103A5000FB681846FFF7E6FF174AFB681A60FB6829
:103A6000043394220021184606F0DCFFFB68BA6894
:103A70005A60FB687A689A60FB680022DA60FB682B
:103A800000221A61FB6800225A61FB680C229A61CD
:103A9000FB680022DA61FB6800221A62FB680022E0
:103AA0005A62FB6800229A62FB680022DA62FB68B5
:103AB00018461037BD4680BD9CB7000880B582B05F
:103AC00000AF78607B680433184604F0A3FC03461B
:103AD000002B0CBF01230023DBB218460837BD467C
:103AE00080BD80B584B000AFF860B9607A60FB68D3
:103AF000181D7B689AB24FF0FF33B96804F0E4FCFC
:103B00000346002B0CBF01230023DBB218461037FD
:103B1000BD4680BD80B584B000AFF860B9607A6002
:103B2000FB68181D7B689AB24FF0FF33B96804F048
:103B300064FD0346002B0CBF01230023DBB21846B3
:103B40001037BD4680BD80B582B000AF0023FB7149
:103B5000032000F0D5F90F2000F00EF80346002BEB
:103B600002D00123FB7101E0FFF728FCFB79184626
:103B70000837BD4680BD000080B584B000AF7860D6
:103B80000023FB73174B1B78002B23D0164B1A68AE
:103B9000144B1B7819464FF47A73B3FBF1F3B2FB65
:103BA000F3F3184600F0D1F90346002B0FD17B68E0
:103BB0000F2B09D8002279684FF0FF3000F0ABF9E5
:103BC0000A4A7B68136007E00123FB7304E00123CA
:103BD000FB7301E00123FB73FB7B18461037BD46E6
:103BE00080BD00BF640100245C010024600100244A
:103BF00080B400AF064B1B781A46064B1B68134473
:103C0000044A136000BFBD465DF8047B704700BFE7
:103C1000640100247004002480B400AF034B1B68CF
:103C20001846BD465DF8047B704700BF7004002451
:103C300080B584B000AF7860FFF7EEFFB8607B68B6
:103C4000FB60FB68B3F1FF3F05D00A4B1B781A46B7
:103C5000FB681344FB6000BFFFF7DEFF0246BB6852
:103C6000D31AFA689A42F7D800BF00BF1037BD4692
:103C700080BD00BF6401002480B483B000AF7860D1
:103C8000064BD3F8102105497B681343C1F8103166
:103C900000BF0C37BD465DF8047B70470004005838
:103CA00080B483B000AF7860074BD3F810217B68F5
:103CB0001340002B14BF01230023DBB218460C373E
:103CC000BD465DF8047B70470004005880B489B09D
:103CD00000AFF860B9607A603B60BB68012B21D10E
:103CE000FB68012B06D0FB68042B01D1082302E0FE
:103CF000102300E00023FB611D4BD3F81821FF21A6
:103D0000FB6901FA03F3DB431A407968FB699940C8
:103D1000FB690433386800FA03F30B431449134377
:103D2000C1F81831124BD3F81021FB685B00DB435C
:103D30001A40FB687B617B6993FAA3F33B613B69A3
:103D4000BB61BB69002B01D1202303E0BB69B3FA3F
:103D500083F3DBB20133B96801FA03F30449134377
:103D6000C1F8103100BF2437BD465DF8047B7047B1
:103D70000004005880B483B000AF7860064BD3F8DD
:103D8000102105497B681343C1F8103100BF0C377F
:103D9000BD465DF8047B70470004005880B485B0D0
:103DA00000AF78607B6803F00703FB600B4BDB68B8
:103DB000BB60BA684FF6FF031340BB60FB681A0292
:103DC000BB681A43064B1343BB60044ABB68D3600D
:103DD00000BF1437BD465DF8047B704700ED00E07E
:103DE0000000FA0580B400AF044BDB681B0A03F047
:103DF00007031846BD465DF8047B704700ED00E000
:103E000080B483B000AF03463960FB80B7F9063059
:103E1000002B0ADB3B68DAB20C49B7F90630120115
:103E2000D2B20B4483F800230AE03B68DAB20849B7
:103E3000FB8803F00F03043B1201D2B20B441A7645
:103E400000BF0C37BD465DF8047B704700E100E021
:103E500000ED00E080B489B000AFF860B9607A602E
:103E6000FB6803F00703FB61FB69C3F10703042B45
:103E700028BF0423BB61FB690433062B02D9FB690D
:103E8000033B00E000237B614FF0FF32BB6902FA85
:103E900003F3DA43BB681A407B699A404FF0FF3165
:103EA0007B6901FA03F3D9437B680B40134318463F
:103EB0002437BD465DF8047B7047000080B582B0B2
:103EC00000AF78607B68013BB3F1807F01D30123B1
:103ED0000FE00A4A7B68013B53600F214FF0FF302F
:103EE000FFF78EFF054B00229A60044B07221A60F1
:103EF000002318460837BD4680BD00BF10E000E033
:103F000080B582B000AF78607868FFF747FF00BFE8
:103F10000837BD4680BD80B586B000AF0346B960A6
:103F20007A60FB81FFF75EFF78617A68B96878692B
:103F3000FFF790FF0246B7F90E3011461846FFF71B
:103F40005FFF00BF1837BD4680BD80B582B000AFAF
:103F500078607868FFF7B2FF034618460837BD4619
:103F600080BD000080B483B000AF7860BFF35F8F86
:103F700000BF0B4A7B6843F001035360094B5B6A47
:103F8000084A43F480335362BFF34F8F00BFBFF33F
:103F90006F8F00BF00BF0C37BD465DF8047B7047D4
:103FA00090ED00E000ED00E080B400AFBFF35F8F64
:103FB00000BF0A4B5B6A094A23F480335362084B03
:103FC00000225A60BFF34F8F00BFBFF36F8F00BF57
:103FD00000BFBD465DF8047B704700BF00ED00E008
:103FE00090ED00E080B483B000AF7860074A7B6852
:103FF0009360064B1B69054A23F00103136100BF60
:104000000C37BD465DF8047B704700BF90ED00E0C3
:1040100080B483B000AF78607B685A781E4B9A609A
:104020001D4B1B691C4A23F0010313611A4B1B69CA
:10403000194A23F001031361174A7B685B68D36058
:104040007B681B7B1A077B68DB7A1B061A437B683D
:104050009B7ADB041A437B685B7B9B041A437B6877
:104060009B7B5B041A437B68DB7B1B041A437B68E6
:104070005B7A1B021A437B681B7A5B0013437A68E6
:1040800012781146044A0B43136100BF0C37BD463A
:104090005DF8047B704700BF90ED00E080B584B010
:1040A00000AF7860FFF7B8FDF8607B68002B01D1A6
:1040B00001236BE07B6893F85430DBB2022B08D00D
:1040C0007B6820229A657B68002283F84C200123BC
:1040D0005CE07B681B685A697B681B6842F00402DD
:1040E0005A617B68052283F8542020E0FFF794FD95
:1040F0000246FB68D31A052B19D97B689B6D43F0E8
:1041000010027B689A657B68032283F854207B68E1
:104110001B6D03F08003002B03D07B685B6F0122D3
:104120001A737B68002283F84C2001232EE07B6801
:104130001B681B6903F40053002BD7D07B681B68F6
:104140005A697B681B6842F002025A617B6804224C
:1041500083F854207B681B684FF4FE42DA607B686A
:10416000012283F854207B681B6D03F08003002B31
:1041700007D07B685B6F01221A737B681B68002283
:104180009A647B68002283F84C200023184610377D
:10419000BD4680BD80B487B000AF78603960002331
:1041A0007B6143E13B681A6801217B6901FA03F3F3
:1041B0001340FB60FB68002B00F035813B685B68B7
:1041C00003F00303012B05D03B685B6803F0030396
:1041D000022B30D17B689B683B617B695B000322CB
:1041E00002FA03F3DB433A6913403B613B68DA6848
:1041F0007B695B0002FA03F33A6913433B617B6816
:104200003A699A607B685B683B6101227B6902FACC
:1042100003F3DB433A6913403B613B685B681B096E
:1042200003F001027B6902FA03F33A6913433B612D
:104230007B683A695A603B685B6803F00303032BB1
:1042400009D13B685B6803F00303032B1BD13B6878
:104250009B68012B17D07B68DB683B617B695B0047
:10426000032202FA03F3DB433A6913403B613B68E4
:104270009A687B695B0002FA03F33A6913433B6176
:104280007B683A69DA603B685B6803F00303022BE2
:1042900023D17B69DA087B68083253F822303B610E
:1042A0007B6903F007039B000F2202FA03F3DB4351
:1042B0003A6913403B613B681A697B6903F0070365
:1042C0009B0002FA03F33A6913433B617B69DA0806
:1042D0007B680832396943F822107B681B683B61B0
:1042E0007B695B00032202FA03F3DB433A69134064
:1042F0003B613B685B6803F003027B695B0002FA89
:1043000003F33A6913433B617B683A691A603B687F
:104310005B6803F44033002B00F085804B4A7B69D7
:104320009B084C3352F823303B617B6903F0030355
:104330009B000F2202FA03F3DB433A6913403B610F
:104340007B689A0A424B13407A6902F0030292009A
:1043500093403A6913433B613C497B699B084C336A
:104360003A6941F823204FF0B0431B683B61FB687A
:10437000DB433A6913403B613B685B6803F480139D
:10438000002B03D03A69FB6813433B614FF0B04206
:104390003B6913604FF0B0435B683B61FB68DB43F4
:1043A0003A6913403B613B685B6803F40013002BE0
:1043B00003D03A69FB6813433B614FF0B0423B695D
:1043C00053604FF0B043D3F884303B61FB68DB436C
:1043D0003A6913403B613B685B6803F40033002B90
:1043E00003D03A69FB6813433B614FF0B0423B692D
:1043F000C2F884304FF0B043D3F880303B61FB68A3
:10440000DB433A6913403B613B685B6803F48033EC
:10441000002B03D03A69FB6813433B614FF0B04275
:104420003B69C2F880307B6901337B613B681A6865
:104430007B6922FA03F3002B7FF4B4AE00BF00BF08
:104440001C37BD465DF8047B704700BF0004005870
:104450007FFF290080B485B000AF78600B467B8079
:104460007B681A697B881340002B02D00123FB7301
:1044700001E00023FB73FB7B18461437BD465DF853
:10448000047B704780B483B000AF78600B467B80BC
:1044900013467B707B78002B03D07A887B689A6107
:1044A00002E07A887B689A6200BF0C37BD465DF8EF
:1044B000047B704780B485B000AF78600B467B808A
:1044C0007B685B69FB607A88FB6813401A04FB68B1
:1044D000D9437B880B401A437B689A6100BF14372D
:1044E000BD465DF8047B704780B584B000AF78604E
:1044F000254BDB6803F00703062B0AD0224BDB6851
:1045000003F01F037A689A4201D0012338E00023A8
:1045100036E01D4BDB6823F01F021B497B68134309
:10452000CB60FFF779FBF86009E0FFF775FB024607
:10453000FB68D31AB3F57A7F01D9012320E0124B2F
:104540005B6803F00203002BEFD07B681E2B02D0C8
:104550007B681D2B13D1FFF75FFBF86009E0FFF7C5
:104560005BFB0246FB68D31AB3F57A7F01D90123BE
:1045700006E0054BDB6803F48033002BEFD000230B
:1045800018461037BD4680BD0048025880B584B03B
:1045900000AF7860104B5B6923F001020E497B6825
:1045A00013434B61FFF738FBF86009E0FFF734FB7A
:1045B0000246FB68D31AB3F57A7F01D9012306E0DE
:1045C000054B5B6903F00203002BEFD00023184674
:1045D0001037BD4680BD00BF0048025880B400AF10
:1045E000054BDB68044A43F40043D36000BFBD467B
:1045F0005DF8047B704700BF0048025880B588B062
:1046000000AF78607B68002B01D1012328E3974B32
:104610001B6903F03803FB61944B9B6A03F00303AF
:10462000BB61924B1B6803F028537B617B681B685E
:1046300003F00103002B00F09C80FB69102B05D0D8
:104640007B69002B09D0BB69022B06D17B685B68B4
:10465000002B40F08E80012302E37B685B68B3F59A
:10466000803F06D1814B1B68804A43F4803313603E
:1046700058E07B685B68002B12D17C4B1B687B4A3F
:1046800023F480331360794B1B68784A23F40023AA
:104690001360764B1B68754A23F48023136041E056
:1046A0007B685B68B3F5A02F12D1704B1B686F4A13
:1046B00043F4802313606D4B1B686C4A23F4002382
:1046C00013606A4B1B68694A43F48033136029E026
:1046D0007B685B68B3F5502F12D1644B1B68634A4B
:1046E00043F480231360614B1B68604A43F400234A
:1046F00013605E4B1B685D4A43F48033136011E026
:104700005A4B1B68594A23F480331360574B1B687C
:10471000564A23F480231360544B1B68534A23F4F6
:1047200000231360FFF778FA38617B685B68002B21
:1047300019D008E0FFF770FA02463B69D31A642BE0
:1047400001D903238CE2494B1B6803F40033002B8F
:10475000F0D00EE0FFF760FA02463B69D31A642BF3
:1047600001D903237CE2414B1B6803F40033002B87
:10477000F0D17B681B6803F00203002B00F09E80E1
:10478000FB69002B05D07B69002B47D0BB69002B50
:1047900044D17B68DB68002B01D1012360E2334BFD
:1047A0001B6803F01803FB60BB69002B09D17B6910
:1047B000002B06D07B681B69FA689A4201D001235E
:1047C0004EE22A4B1B6823F019027B681B691343D6
:1047D000264A43F001031360FB69002B09D1234BE8
:1047E0001B68DB0803F00303214A22FA03F3214A82
:1047F0001360214B1B681846FFF7BEF90346002BD8
:1048000001D001232CE2194B5B6823F0FE427B6848
:104810005B691B06154913434B604FE07B68DB68FF
:10482000002B32D0114B1B6823F019027B68D9682A
:104830007B681B690B430D4913430B600B4B5B6893
:1048400023F0FE427B685B691B06084913434B60FB
:10485000FFF7E2F9386111E0FFF7DEF902463B6944
:10486000D31A012B0AD90323FAE100BF00440258EE
:104870000090D0035C01002460010024954B1B686C
:1048800003F00403002BE7D018E0924B1B68914A19
:1048900023F001031360FFF7BFF9386108E0FFF769
:1048A000BBF902463B69D31A012B01D90323D7E197
:1048B000884B1B6803F00403002BF0D17B681B6856
:1048C00003F01003002B45D0FB69082B05D07B6952
:1048D000002B08D0BB69012B05D17B681B6A002B1C
:1048E00038D10123BCE17B681B6A002B19D0794BBE
:1048F0001B68784A43F080031360FFF78DF9386135
:1049000008E0FFF789F902463B69D31A012B01D968
:104910000323A5E16F4B1B6803F48073002BF0D0D9
:1049200018E06C4B1B686B4A23F080031360FFF7A1
:1049300073F9386108E0FFF76FF902463B69D31A53
:10494000012B01D903238BE1624B1B6803F48073B5
:10495000002BF0D17B681B6803F00803002B36D0D6
:104960007B689B69002B19D05A4B5B6F594A43F007
:1049700001035367FFF750F9386108E0FFF74CF97E
:1049800002463B69D31A012B01D9032368E1514B3D
:104990005B6F03F00203002BF0D018E04D4B5B6F10
:1049A0004C4A23F001035367FFF736F9386108E0FA
:1049B000FFF732F902463B69D31A012B01D90323D1
:1049C0004EE1444B5B6F03F00203002BF0D17B6898
:1049D0001B6803F02003002B36D07B68DB69002BBB
:1049E00019D03C4B1B683B4A43F480531360FFF7DC
:1049F00013F9386108E0FFF70FF902463B69D31A53
:104A0000012B01D903232BE1324B1B6803F4005324
:104A1000002BF0D018E02F4B1B682E4A23F4805354
:104A20001360FFF7F9F8386108E0FFF7F5F8024680
:104A30003B69D31A012B01D9032311E1254B1B68D4
:104A400003F40053002BF0D17B681B6803F00403D0
:104A5000002B00F09B80204B1B681F4A43F480739F
:104A600013607B689B68012B06D11A4B1B6F194A98
:104A700043F0010313675AE07B689B68002B12D157
:104A8000144B1B6F134A23F001031367114B1B6F69
:104A9000104A23F0800313670E4B1B6F0D4A23F05F
:104AA0000403136743E07B689B68052B16D1094B11
:104AB0001B6F084A43F004031367064B1B6F054A3C
:104AC00023F080031367034B1B6F024A43F001037B
:104AD00013672CE000440258004802587B689B682A
:104AE000852B12D1604B1B6F5F4A43F004031367A1
:104AF0005D4B1B6F5C4A43F0800313675A4B1B6F7F
:104B0000594A43F00103136711E0574B1B6F564A94
:104B100023F001031367544B1B6F534A23F0040324
:104B20001367514B1B6F504A23F0800313677B6858
:104B30009B68002B15D0FFF76FF838610AE0FFF78C
:104B40006BF802463B69D31A41F28832934201D98D
:104B5000032385E0444B1B6F03F00203002BEED0D0
:104B600014E0FFF759F838610AE0FFF755F80246FC
:104B70003B69D31A41F28832934201D903236FE093
:104B8000394B1B6F03F00203002BEED17B685B6A8D
:104B9000002B42D0FB69182B31D17B685B6A012B5B
:104BA00001D101235CE0304B5B6BDB08C3F30C03EA
:104BB000FB607B689B6CFA689A422ED02A4BDB6ABA
:104BC000294A23F00103D362FFF726F8386100BFBA
:104BD000FFF722F802463B699342F9D0224B5A6B09
:104BE000224B13407A68926CD2001F4913434B63E7
:104BF0001D4BDB6A1C4A43F00103D3620DE07B6866
:104C000001225A647B6824331946002000F088FC96
:104C10000346002B01D0012322E07B68DB6C002BD4
:104C20000AD07B684C331946012000F079FC03461A
:104C3000002B01D0012313E07B685B6F002B0ED0AB
:104C40007B680122C3F894207B68743319460220E4
:104C500000F066FC0346002B01D0012300E0002396
:104C600018462037BD4680BD004402580700FFFFAC
:104C700080B584B000AF786039607B68002B01D1CB
:104C8000012382E18A4B1B6803F03F033A689A4292
:104C900010D9874B1B6823F03F0285493B681343BB
:104CA0000B60834B1B6803F03F033A689A4201D0C4
:104CB00001236AE17B681B6803F00403002B10D01A
:104CC0007B681A697B4B1B6A03F007039A4208D979
:104CD000784B1B6A23F007027B681B6975491343F5
:104CE0000B627B681B6803F00803002B10D07B6805
:104CF0005A69704B1B6A03F070039A4208D96D4BD6
:104D00001B6A23F070027B685B696A4913430B627C
:104D10007B681B6803F01003002B10D07B689A6936
:104D2000644B1B6A03F4E0639A4208D9614B1B6A27
:104D300023F4E0627B689B695E4913430B627B68E6
:104D40001B6803F02003002B10D07B68DA69594BF5
:104D50001B6A03F4E0439A4208D9564B1B6A23F4BA
:104D6000E0427B68DB69534913430B627B681B6835
:104D700003F00203002B10D07B68DA684D4BDB692F
:104D800003F00F039A4208D94A4BDB6923F00F0264
:104D90007B68DB6847491343CB617B681B6803F082
:104DA0000103002B55D0434B9B6923F00F027B6816
:104DB0009B68404913438B617B685B68022B07D17A
:104DC0003C4B1B6803F40033002B21D10123DCE0B2
:104DD0007B685B68032B07D1364B1B6803F00073BD
:104DE000002B15D10123D0E07B685B68012B07D134
:104DF000304B1B6803F48073002B09D10123C4E0FE
:104E00002C4B1B6803F00403002B01D10123BCE0F1
:104E1000284B1B6923F007027B685B682549134315
:104E20000B61FEF7F9FEF8600AE0FEF7F5FE0246B8
:104E3000FB68D31A41F28832934201D90323A4E0DC
:104E40001C4B1B6903F038027B685B68DB009A42ED
:104E5000EBD17B681B6803F00203002B10D07B684A
:104E6000DA68144BDB6903F00F039A4208D2114B46
:104E7000DB6923F00F027B68DB680E491343CB61CB
:104E80000B4B1B6803F03F033A689A4214D2084B5D
:104E90001B6823F03F0206493B6813430B60044B39
:104EA0001B6803F03F033A689A4205D001236CE087
:104EB00000200052004402587B681B6803F0040382
:104EC000002B10D07B681A69324B1B6A03F0070372
:104ED0009A4208D22F4B1B6A23F007027B681B699A
:104EE0002C4913430B627B681B6803F00803002BFB
:104EF00010D07B685A69274B1B6A03F070039A42F3
:104F000008D2244B1B6A23F070027B685B6921493D
:104F100013430B627B681B6803F01003002B10D057
:104F20007B689A691B4B1B6A03F4E0639A4208D2C0
:104F3000184B1B6A23F4E0627B689B691549134395
:104F40000B627B681B6803F02003002B10D07B688A
:104F5000DA69104B1B6A03F4E0439A4208D20D4B06
:104F60001B6A23F4E0427B68DB690A4913430B6246
:104F700000F016F80346084A1360084B1B681846F1
:104F8000FEF7FAFD0346FB72FB7A18461037BD4662
:104F900080BD00BF004402585C0100246001002471
:104FA00080B48BB000AFAA4B1B6903F03803182BF9
:104FB00000F2368101A252F823F000BF2150000810
:104FC00021520008215200082152000821520008F5
:104FD00021520008215200082152000847500008C1
:104FE00021520008215200082152000821520008D5
:104FF0002152000821520008215200084D5000089B
:1050000021520008215200082152000821520008B4
:105010002152000821520008215200085350000874
:105020008B4B1B6803F02003002B09D0884B1B68B7
:10503000DB0803F00303874A22FA03F33B62F2E042
:1050400000233B62EFE0844B3B62ECE0834B3B622E
:10505000E9E07F4B9B6A03F00303FB617C4B9B6A97
:105060001B0903F03F03BB61794BDB6A03F00103CB
:105070007B61774B5B6BDB08C3F30C037A6902FB44
:1050800003F307EE903AF8EE677AC7ED047ABB694E
:10509000002B00F0C280FB69022B64D0FB69022B5D
:1050A00000F28380FB69002B03D0FB69012B38D011
:1050B0007BE0674B1B6803F02003002B2DD0644B73
:1050C0001B68DB0803F00303624A22FA03F3FB6068
:1050D000FB6807EE903AF8EE676ABB6907EE903A14
:1050E000F8EE677A86EEA77A594B1B6BC3F3080379
:1050F00007EE903AF8EE676A97ED046ADFED585ACA
:10510000C6EE257A76EEA77AF7EE006A77EEA67AF3
:1051100067EE277AC7ED097A69E04FF000037B62FA
:1051200065E0BB6907EE903AF8EE677ADFED4D6A0D
:1051300086EEA77A464B1B6BC3F3080307EE903A43
:10514000F8EE676A97ED046ADFED455AC6EE257AF8
:1051500076EEA77AF7EE006A77EEA67A67EE277A00
:10516000C7ED097A43E0BB6907EE903AF8EE677A3B
:10517000DFED3D6A86EEA77A354B1B6BC3F3080360
:1051800007EE903AF8EE676A97ED046ADFED345A5D
:10519000C6EE257A76EEA77AF7EE006A77EEA67A63
:1051A00067EE277AC7ED097A21E0BB6907EE903AEE
:1051B000F8EE677ADFED2B6A86EEA77A244B1B6B3D
:1051C000C3F3080307EE903AF8EE676A97ED046AB6
:1051D000DFED235AC6EE257A76EEA77AF7EE006A5F
:1051E00077EEA67A67EE277AC7ED097A00BF184BEB
:1051F0001B6B5B0A03F07F030133BB60BB6807EEE8
:10520000903AB8EE677AD7ED096AC6EE877AFCEE77
:10521000E77A17EE903A3B6205E000233B6202E03A
:105220000D4B3B6200BF0A4B9B6903F00F037B6091
:105230007B68072B05D97B68073B3A6A22FA03F3A0
:105240003B623B6A18462C37BD465DF8047B7047CD
:10525000004402580090D00300093D0000366E0162
:10526000000000460024744A001BB74B80B584B090
:1052700000AF104A3B4692E8030083E80300FFF7C3
:105280008FFEF8600C4BDB6903F00F03BB60BB685B
:10529000072B09D9BB68083B10333B4413F8103C7B
:1052A0001A46FB68D340FB60FB6818461037BD46C2
:1052B00080BD00BF1CB700080044025880B582B012
:1052C00000AFFFF7D3FF7860094B1B6A03F00703B9
:1052D0003B603B68032B05D93B68033B7A6822FAA5
:1052E00003F37B607B6818460837BD4680BD00BF6E
:1052F0000044025880B582B000AFFFF7B7FF786076
:10530000094B1B6A1B0903F007033B603B68032B37
:1053100005D93B68033B7A6822FA03F37B607B681C
:1053200018460837BD4680BD0044025880B582B09B
:1053300000AFFFF79BFF7860094B1B6A1B0A03F065
:1053400007033B603B68032B05D93B68033B7A6846
:1053500022FA03F37B607B6818460837BD4680BDA0
:105360000044025880B582B000AF084B1B6B1B0C89
:1053700003F07F0301337B6000F028FA02467B686C
:10538000B2FBF3F318460837BD4680BD004402580F
:1053900080B582B000AF084B9B6B5B0A03F07F03C4
:1053A00001337B6000F098FA02467B68B2FBF3F3AE
:1053B00018460837BD4680BD0044025880B582B00B
:1053C00000AF084B9B6B1B0C03F07F0301337B602A
:1053D00000F082FA02467B68B2FBF3F31846083706
:1053E000BD4680BD0044025880B582B000AF084B76
:1053F0009B6B1B0E03F07F0301337B6000F06CFAA4
:1054000002467B68B2FBF3F318460837BD4680BD01
:105410000044025880B582B000AF084BD3F8C430C6
:1054200003F0070301337B6000F056FA02467B6805
:10543000B2FBF3F318460837BD4680BD004402585E
:1054400080B582B000AF094BD3F8C4301B0A03F01B
:10545000070301337B6000F03FFA02467B68B2FB32
:10546000F3F318460837BD4680BD00BF004402581C
:1054700080B582B000AF084B1B6C5B0A03F07F0362
:1054800001337B6000F0AEFA02467B68B2FBF3F3B7
:1054900018460837BD4680BD0044025880B582B02A
:1054A00000AF084B1B6C1B0C03F07F0301337B60C8
:1054B00000F098FA02467B68B2FBF3F3184608370F
:1054C000BD4680BD0044025880B582B000AF084B95
:1054D0001B6C1B0E03F07F0301337B6000F082FA2C
:1054E00002467B68B2FBF3F318460837BD4680BD21
:1054F0000044025880B582B000AF084BD3F8C830E2
:1055000003F0070301337B6000F06CFA02467B680E
:10551000B2FBF3F318460837BD4680BD004402587D
:1055200080B58AB000AF78603960002387F82330F7
:105530007B68DA009A4B1344FB617B689A00994BB5
:105540001344BB61984BD96A7A6813469B00134495
:105550005B0013444FF4787202FA03F3DB43924A80
:105560000B40D362904B1A687B685B004FF08071F0
:1055700001FA03F3DB438C4913400B60FEF74CFB4D
:10558000786108E0FEF748FB02467B69D31A322BAC
:1055900001D90323FFE0844B1A687B685B004FF05E
:1055A000007101FA03F31340002BEBD13B681B6839
:1055B000022B40F0DD803B685B683B613B69002B60
:1055C00009D1794B1B68DB0803F00303774A22FA01
:1055D00003F37B6207E03B69022B02D1744B7B62D1
:1055E00001E0744B7B623B689B687A6AB2FBF3F321
:1055F0007B627B6A704A934202D318237B620FE07E
:105600007B6A6E4A934202D910237B6208E07B6A70
:105610006B4A934202D908237B6201E002237B623A
:105620007A6813469B0013445B0013447A6A02FABB
:1056300003F37B625C4B9A6A7B68DB004FF47C71FE
:1056400001FA03F343F00303DB431A403B68996814
:105650007B68DB00043399403B690B435249134399
:105660008B62514B9B6A03F003033A699A4201D063
:10567000012390E04C4BD96A7A6813469B0013448F
:105680005B0013441B2202FA03F3DB4301EA03022B
:1056900045497B6A1343CB623B68DB685A1E3B6813
:1056A0001B69013B5B021A433B685B69013B1B04BE
:1056B0001A433B689B69013B1B061A43FB691A604E
:1056C0003B68DB695A1E3B681B6A013B1B021A439D
:1056D000BB691A607B68002B05D1334BDB6A324A09
:1056E00043F02003D3623B685B6A002B1CD07B68CD
:1056F000DA00344B1344FB60FB681A68324B1340EA
:105700003A68526AD2001A43FB681A60264BD96A7B
:105710007A6813469B0013445B001344012202FA8B
:1057200003F3214A0B43D3621F4B1A687B685B006B
:105730004FF0807101FA03F31B4913430B60FEF72E
:105740006BFA786108E0FEF767FA02467B69D31AC4
:10575000322B01D903231EE0134B1A687B685B00D0
:105760004FF0007101FA03F31340002BEBD010E06F
:105770000D4B9A6A7B68DB0004334FF47C7101FAAD
:1057800003F343F00303DB431340074A43F00303EF
:10579000936297F8233018462837BD4680BD00BF76
:1057A00030440258C0440258004402580090D003CC
:1057B00000366E0100093D0000127A00FF083D002E
:1057C0007F841E00344402580700FFFF80B489B074
:1057D00000AF3C4B9B6A7B613A4B1B6B3B617B6927
:1057E0001B0903F03F03FB603B69C3F3080301336C
:1057F000BB60FB68002B01D100235CE0314BDB6A0E
:1058000003F00103002B06D02E4B5B6BDB08C3F3C8
:105810000C03BB6101E00023BB617B6903F0030360
:10582000022B19D0022B1DD8002B02D0012B16D031
:1058300018E0244B1B6803F02003002B09D0214BF8
:105840001B68DB0803F003031F4A22FA03F3FB6122
:105850000BE00023FB6108E01C4BFB6105E01C4BE7
:10586000FB6102E00023FB6100BFFB6907EE903A99
:10587000F8EE676AFB6807EE903AF8EE677A86EE14
:10588000A77ABB6807EE903AF8EE676ABB6907EE45
:10589000903AB8EE676ADFED0F5AC6EE257A76EEDB
:1058A000A77A67EE277AC7ED017AD7ED017AFCEE89
:1058B000E77A17EE903A18462437BD465DF8047B28
:1058C000704700BF004402580090D00300366E01BC
:1058D00000093D000000004680B489B000AF3C4B99
:1058E0009B6A7B613A4B9B6B3B617B691B0B03F0B3
:1058F0003F03FB603B69C3F308030133BB60FB68F4
:10590000002B01D100235CE0314BDB6A03F4006320
:10591000002B06D02E4BDB6BDB08C3F30C03BB6103
:1059200001E00023BB617B6903F00303022B19D064
:10593000022B1DD8002B02D0012B16D018E0244BCF
:105940001B6803F02003002B09D0214B1B68DB08E8
:1059500003F003031F4A22FA03F3FB610BE0002369
:10596000FB6108E01C4BFB6105E01C4BFB6102E0A6
:105970000023FB6100BFFB6907EE903AF8EE676A0F
:10598000FB6807EE903AF8EE677A86EEA77ABB6876
:1059900007EE903AF8EE676ABB6907EE903AB8EE08
:1059A000676ADFED0F5AC6EE257A76EEA77A67EEC4
:1059B000277AC7ED017AD7ED017AFCEEE77A17EE88
:1059C000903A18462437BD465DF8047B704700BF07
:1059D000004402580090D00300366E0100093D00DB
:1059E0000000004680B489B000AF3C4B9B6A7B61ED
:1059F0003A4B1B6C3B617B691B0D03F03F03FB6063
:105A00003B69C3F308030133BB60FB68002B01D182
:105A100000235CE0314BDB6A03F48003002B06D0EB
:105A20002E4B5B6CDB08C3F30C03BB6101E000236E
:105A3000BB617B6903F00303022B19D0022B1DD835
:105A4000002B02D0012B16D018E0244B1B6803F06A
:105A50002003002B09D0214B1B68DB0803F0030354
:105A60001F4A22FA03F3FB610BE00023FB6108E00D
:105A70001C4BFB6105E01C4BFB6102E00023FB615A
:105A800000BFFB6907EE903AF8EE676AFB6807EE25
:105A9000903AF8EE677A86EEA77ABB6807EE903AFE
:105AA000F8EE676ABB6907EE903AB8EE676ADFED19
:105AB0000F5AC6EE257A76EEA77A67EE277AC7EDFB
:105AC000017AD7ED017AFCEEE77A17EE903A1846A4
:105AD0002437BD465DF8047B704700BF0044025880
:105AE0000090D00300366E0100093D000000004622
:105AF0002DE9B04FC2B000AFC7F8F400002387F81B
:105B00000731002387F80631D7F8F430D3E90023B2
:105B100002F48024002554EA050300F09A80AA4B81
:105B20001B6F03F44073C7F80031D7F80031002B26
:105B30002FD0D7F8F430D3F8843003F44072D7F87C
:105B40000031934225D0A14B1B68A04A43F48073D7
:105B500013609E4B1B6803F48073002B03D1012359
:105B600087F8073115E0984B1B6F23F44073C7F893
:105B70000031954B1B6F944A43F480331367924B6B
:105B80001B6F914A23F4803313678F4AD7F8003193
:105B9000136797F80731002B57D1D7F8F430D3F8B3
:105BA0008430B3F5807F18D1FEF736F8C7F8FC00D3
:105BB0000DE0FEF731F80246D7F8FC30D21A41F278
:105BC00088339A4203D9032387F8073105E07E4BD7
:105BD0001B6F03F00203002BEBD097F80731002B6B
:105BE0002ED1D7F8F430D3F8843003F47C33002B73
:105BF0000ED0754B1B6923F47C51D7F8F430D3F8E1
:105C000084301A09724B13406F4A0B43136105E04D
:105C10006D4B1B696C4A23F47C5313616A4B196FFB
:105C2000D7F8F430D3F8843003F44073664A0B435A
:105C30001367654B1B6F644A43F40043136708E026
:105C400097F8073187F8063103E097F8073187F8AE
:105C50000631D7F8F430D3E9002302F001084FF001
:105C6000000958EA090335D0D7F8F4309B68032BB4
:105C700018D801A252F823F0AD5C0008895C000836
:105C8000975C0008AD5C00084F4BDB6A4E4A43F05E
:105C90004003D3620BE04C4BDB6A4B4A43F4802356
:105CA000D36204E0012387F8073100E000BF97F8D2
:105CB0000731002B0AD1444BDB6C23F00301D7F8EA
:105CC000F4309B68404A0B43D36403E097F80731F4
:105CD00087F80631D7F8F430D3E9002302F0020A3E
:105CE0004FF0000B5AEA0B0330D0D7F8F430DB68E2
:105CF000202B0CD0202B11D8002B13D0102B0DD122
:105D0000314BDB6A304A43F40023D3620BE02E4B65
:105D1000DB6A2D4A43F48013D36204E0012387F841
:105D2000073100E000BF97F80731002B0AD1264B5E
:105D3000DB6C23F03001D7F8F430DB68224A0B43E8
:105D4000D36403E097F8073187F80631D7F8F430C9
:105D5000D3E9002302F00403C7F8E8300023C7F8B2
:105D6000EC30D7E93A120B46134337D0D7F8F4306A
:105D70001B69802B0CD0802B11D8002B13D0402B0B
:105D80000DD1114BDB6A104A43F40023D3620BE0C0
:105D90000D4BDB6A0C4A43F48013D36204E0012309
:105DA00087F8073100E000BF97F80731002B11D1C9
:105DB000054BDB6C23F0C001D7F8F4301B69024AB5
:105DC0000B43D3640AE000BF004402580048025865
:105DD000CFFFFF0F97F8073187F80631D7F8F43077
:105DE000D3E9002302F00803C7F8E0300023C7F826
:105DF000E430D7E938120B46134309D0A44BDB6CCF
:105E000023F04051D7F8F4305B69A14A0B43D364C7
:105E1000D7F8F430D3E9002302F40013C7F8D830E0
:105E20000023C7F8DC30D7E936120B4613432CD0D9
:105E3000D7F8F4309B6D002B02D0042B07D00DE077
:105E4000934BDB6A924A43F40023D3620AE0904BFF
:105E5000DB6A8F4A43F48013D36203E0012387F89F
:105E6000073100BF97F80731002B0AD1884BDB6C54
:105E700023F00401D7F8F4309B6D854A0B43D364BB
:105E800003E097F8073187F80631D7F8F430D3E903
:105E9000002302F01003C7F8D0300023C7F8D43035
:105EA000D7E934120B46134334D0D7F8F4309B694A
:105EB000B3F1007F1AD0B3F1007F13D8002B03D0C9
:105EC000B3F1807F07D00DE0714BDB6A704A43F479
:105ED0008033D3620BE06E4BDB6A6D4A43F00053B4
:105EE000D36204E0012387F8073100E000BF97F890
:105EF0000731002B0AD1664BDB6C23F04071D7F8D9
:105F0000F4309B69624A0B43D36403E097F807318E
:105F100087F80631D7F8F430D3E9002302F02003E4
:105F2000C7F8C8300023C7F8CC30D7E932120B4687
:105F3000134345D0D7F8F430DB69B3F5A00F2BD06D
:105F4000B3F5A00F24D8B3F5800F25D0B3F5800F9B
:105F50001ED8B3F5401F1FD0B3F5401F18D8B3F5B6
:105F6000001F0ED0B3F5001F12D8002B14D0B3F5CC
:105F7000801F0DD1464BDB6A454A43F48033D36220
:105F80000BE0434BDB6A424A43F00063D36204E018
:105F9000012387F8073100E000BF97F80731002B95
:105FA0000AD13B4BDB6C23F4E001D7F8F430DB691A
:105FB000374A0B43D36403E097F8073187F806317B
:105FC000D7F8F430D3E9002302F04003C7F8C0301B
:105FD0000023C7F8C430D7E930120B46134309D069
:105FE0002B4B1B6D23F04051D7F8F4301B6A284A25
:105FF0000B431365D7F8F430D3E9002302F0800394
:10600000C7F8B8300023C7F8BC30D7E92E120B46CA
:10601000134309D01E4BDB6C23F44031D7F8F43026
:106020005B6A1B4A0B43D364D7F8F430D3E90023EF
:1060300002F48073C7F8B0300023C7F8B430D7E952
:106040002C120B46134329D0D7F8F4309B6A002B4F
:106050000DD0B3F5802F06D10D4BDB6A0C4A43F00F
:106060008043D36204E0012387F8073100E000BFDA
:1060700097F80731002B0DD1054BDB6C23F4802101
:10608000D7F8F4309B6A024A0B43D36406E000BFA2
:106090000044025897F8073187F80631D7F8F430F2
:1060A000D3E9002302F40073C7F8A8300023C7F82F
:1060B000AC30D7E92A120B46134333D0D7F8F4306B
:1060C000DB6AB3F5000F0ED0B3F5000F12D8002B2A
:1060D00014D0B3F5800F0DD1A74BDB6AA64A43F06D
:1060E0004003D3620BE0A44BDB6AA34A43F4803342
:1060F000D36204E0012387F8073100E000BF97F87E
:106100000731002B0AD19C4B1B6D23F44001D7F8BB
:10611000F430DB6A984A0B43136503E097F80731C4
:1061200087F80631D7F8F430D3E9002302F400638E
:10613000C7F8A0300023C7F8A430D7E928120B46CF
:10614000134332D0D7F8F4301B6BB3F5405F18D04F
:10615000B3F5405F11D8B3F5005F12D0B3F5005F1F
:106160000BD8002B0DD0B3F5805F06D1824BDB6AD4
:10617000814A43F00053D36204E0012387F80731DA
:1061800000E000BF97F80731002B0AD17A4B1B6D56
:1061900023F44051D7F8F4301B6B774A0B43136557
:1061A00003E097F8073187F80631D7F8F430D3E9E0
:1061B000002302F48063C7F898300023C7F89C30AE
:1061C000D7E926120B46134332D0D7F8F4305B6B75
:1061D000B3F5407F18D0B3F5407F11D8B3F5007FF9
:1061E00012D0B3F5007F0BD8002B0DD0B3F5807F14
:1061F00006D1614BDB6A604A43F00053D36204E08E
:10620000012387F8073100E000BF97F80731002B22
:106210000AD1594B1B6D23F44071D7F8F4305B6BF6
:10622000554A0B43136503E097F8073187F80631A9
:10623000D7F8F430D3E9002302F48053C7F8903044
:106240000023C7F89430D7E924120B4613434BD0F0
:10625000D7F8F4309B6BB3F5A02F2BD0B3F5A02F5C
:1062600024D8B3F5802F27D0B3F5802F1ED8B3F5EF
:10627000403F23D0B3F5403F18D8B3F5003F0ED0D0
:10628000B3F5003F12D8002B1AD0B3F5803F0DD1E3
:10629000394BDB6A384A43F48033D36211E0364B22
:1062A000DB6A354A43F00053D3620AE0012387F8E2
:1062B000073106E000BF04E000BF02E000BF00E0DD
:1062C00000BF97F80731002B0AD12B4B1B6D23F42D
:1062D000E021D7F8F4309B6B274A0B43136503E0AA
:1062E00097F8073187F80631D7F8F430D3E900235F
:1062F00002F40053C7F888300023C7F88C30D7E980
:1063000022120B4613434DD0D7F8F430DB6BB3F5B4
:10631000A06F2BD0B3F5A06F24D8B3F5806F27D032
:10632000B3F5806F1ED8B3F5407F23D0B3F5407F1F
:1063300018D8B3F5007F0ED0B3F5007F12D8002B2C
:106340001CD0B3F5807F0DD10B4BDB6A0A4A43F4B6
:106350008033D36213E0084BDB6A074A43F00053F3
:10636000D3620CE0012387F8073108E000BF06E0A4
:1063700000BF04E000BF02E00044025800BF97F8ED
:106380000731002B0AD1A84B9B6D23F4E061D7F8AD
:10639000F430DB6BA44A0B43936503E097F80731B5
:1063A00087F80631D7F8F430D3E9002302F48043AC
:1063B000C7F880300023C7F88430D7E920120B4695
:1063C00013434BD0D7F8F4301B6CB3F5A04F2BD050
:1063D000B3F5A04F24D8B3F5804F27D0B3F5804F45
:1063E0001ED8B3F5405F23D0B3F5405F18D8B3F59E
:1063F000005F0ED0B3F5005F12D8002B1AD0B3F5B2
:10640000805F0DD1884BDB6A874A43F48033D362C7
:1064100011E0854BDB6A844A43F00053D3620AE003
:10642000012387F8073106E000BF04E000BF02E067
:1064300000BF00E000BF97F80731002B0AD17A4B6C
:106440009B6D23F4E041D7F8F4301B6C764A0B4384
:10645000936503E097F8073187F80631D7F8F430F1
:10646000D3E9002302F40043BB670023FB67D7E9AD
:106470001E120B46134339D0D7F8F4305B6C052B52
:106480001CD801A252F823F0C5640008A1640008DA
:10649000AF640008C5640008C5640008C56400084E
:1064A000614BDB6A604A43F40033D3620BE05E4B1E
:1064B000DB6A5D4A43F08053D36204E0012387F82E
:1064C000073100E000BF97F80731002B0AD1564B87
:1064D0009B6D23F00701D7F8F4305B6C524A0B43F5
:1064E000936503E097F8073187F80631D7F8F43061
:1064F000D3E9002302F480333B6700237B67D7E9AD
:106500001C120B46134305D0474BDB6A464A43F047
:106510000053D362D7F8F430D3E9002302F40033F8
:10652000BB660023FB66D7E91A120B46134327D03C
:10653000D7F8F430DB6C002B03D0B3F1006F0BD035
:1065400006E0394BDB6A384A43F00053D36204E07B
:10655000012387F8073100E000BF97F80731002BCF
:106560000AD1314BDB6C23F00061D7F8F430DB6CDF
:106570002D4A0B43D36403E097F8073187F80631BF
:10658000D7F8F430D3E9002302F400233B6600235C
:106590007B66D7E918120B4613434BD0D7F8F4307B
:1065A0001B6DB3F5802F2DD0B3F5802F26D8B3F512
:1065B000403F29D0B3F5403F20D8B3F5003F16D077
:1065C000B3F5003F1AD8002B03D0B3F5803F07D0B6
:1065D00014E0154BDB6A144A43F04003D36214E025
:1065E000114BDB6A104A43F48033D3620DE00E4B4B
:1065F000DB6A0D4A43F00063D36206E0012387F8AB
:10660000073102E000BF00E000BF97F80731002B20
:106610000CD1054B5B6D23F4E021D7F8F4301B6DF2
:10662000014A0B43536505E00044025897F80731CF
:1066300087F80631D7F8F430D3E9002302F4801349
:10664000BB650023FB65D7E916120B46134351D0F7
:10665000D7F8F4305B6DB3F5A00F33D0B3F5A00FCE
:106660002CD8B3F5800F2FD0B3F5800F26D8B3F513
:10667000401F2BD0B3F5401F20D8B3F5001F16D014
:10668000B3F5001F1AD8002B03D0B3F5801F07D035
:1066900014E0934BDB6A924A43F04003D36216E066
:1066A0008F4BDB6A8E4A43F48033D3620FE08C4B0E
:1066B000DB6A8B4A43F00063D36208E0012387F86A
:1066C000073104E000BF02E000BF00E000BF97F820
:1066D0000731002B0AD1824B5B6D23F4E001D7F820
:1066E000F4305B6D7E4A0B43536503E097F8073146
:1066F00087F80631D7F8F430D3E9002302F4800399
:106700003B6500237B65D7E914120B46134341D048
:10671000D7F8F430DB6EB3F1407F27D0B3F1407F80
:1067200020D8B3F1007F16D0B3F1007F1AD8002B28
:1067300003D0B3F1807F07D014E0694BDB6A684A6D
:1067400043F04003D36212E0654BDB6A644A43F4D2
:106750008023D3620BE0624BDB6A614A43F0005353
:10676000D36204E0012387F8073100E000BF97F807
:106770000731002B0AD15A4B1B6D23F04071D7F81B
:10678000F430DB6E564A0B43136503E097F807318C
:1067900087F80631D7F8F430D3E9002302F4000378
:1067A000BB640023FB64D7E912120B46134349D0A4
:1067B000D7F8F430DB6DB3F5806F2DD0B3F5806F73
:1067C00026D8B3F5407F29D0B3F5407F20D8B3F564
:1067D000007F16D0B3F5007F1AD8002B03D0B3F595
:1067E000807F07D014E03E4BDB6A3D4A43F0400314
:1067F000D36214E03A4BDB6A394A43F48033D36204
:106800000DE0374BDB6A364A43F00063D36206E0A3
:10681000012387F8073102E000BF00E000BF97F8CE
:106820000731002B0AD12E4B5B6D23F4E061D7F8C2
:10683000F430DB6D2A4A0B43536503E097F80731C8
:1068400087F80631D7F8F430D3E9002302F08073DB
:106850003B6400237B64D7E910120B46134345D0F9
:10686000D7F8F4301B6E402B27D0402B21D8302B8B
:1068700025D0302B1DD8202B14D0202B19D8002B3D
:1068800002D0102B07D014E0154BDB6A144A43F0FA
:106890004003D36214E0124BDB6A114A43F48033A5
:1068A000D3620DE00E4BDB6A0D4A43F00063D36206
:1068B00006E0012387F8073102E000BF00E000BFD7
:1068C00097F80731002B0DD1054B1B6D23F070019C
:1068D000D7F8F4301B6E024A0B43136506E000BF85
:1068E0000044025897F8073187F80631D7F8F4309A
:1068F000D3E9002302F00073BB630023FB63D7E9F5
:106900000E120B46134342D0D7F8F4305B6E502B77
:1069100023D0502B1DD8402B21D0402B19D8302B01
:106920001FD0302B15D8202B0CD0202B11D8002BAA
:1069300019D0102B0DD1A24BDB6AA14A43F40033CE
:10694000D36211E09E4BDB6A9D4A43F08053D362D1
:106950000AE0012387F8073106E000BF04E000BF2A
:1069600002E000BF00E000BF97F80731002B0AD11A
:10697000934B5B6D23F07001D7F8F4305B6E904A57
:106980000B43536503E097F8073187F80631D7F8D2
:10699000F430D3E9002302F080633B6300237B6380
:1069A000D7E90C120B46134342D0D7F8F4309B6E54
:1069B000502B23D0502B1DD8402B21D0402B19D841
:1069C000302B1FD0302B15D8202B0CD0202B11D8DA
:1069D000002B19D0102B0DD1794BDB6A784A43F488
:1069E0000033D36211E0764BDB6A754A43F0805383
:1069F000D3620AE0012387F8073106E000BF04E014
:106A000000BF02E000BF00E000BF97F80731002B95
:106A10000AD16B4B9B6D23F07001D7F8F4309B6E5D
:106A2000674A0B43936503E097F8073187F806310F
:106A3000D7F8F430D3E9002302F08053BB6200237F
:106A4000FB62D7E90A120B46134339D0D7F8F4306A
:106A50001B6F052B1CD801A252F823F0996A00087D
:106A6000756A0008836A0008996A0008996A000834
:106A7000996A0008524BDB6A514A43F40033D362EF
:106A80000BE04F4BDB6A4E4A43F08053D36204E085
:106A9000012387F8073100E000BF97F80731002B8A
:106AA0000AD1474B5B6D23F00702D7F8F4301B6F18
:106AB000434913434B6503E097F8073187F80631E4
:106AC000D7F8F430D3E9002302F000533B620023EF
:106AD0007B62D7E908120B46134339D0D7F8F4305C
:106AE0005B6F052B1CD801A252F823F0296B00081C
:106AF000056B0008136B0008296B0008296B000860
:106B0000296B00082E4BDB6A2D4A43F40033D36215
:106B10000BE02B4BDB6A2A4A43F08053D36204E03C
:106B2000012387F8073100E000BF97F80731002BF9
:106B30000AD1234B1B6D23F00702D7F8F4305B6FAB
:106B40001F4913430B6503E097F8073187F80631B7
:106B5000D7F8F430D3E9002302F08043BB6100236F
:106B6000FB61D7E906120B4613432FD0D7F8F43058
:106B70009B6FB3F5005F08D0B3F5005F0CD8002B16
:106B80000ED0B3F5805F0BD006E00D4BDB6A0C4AEC
:106B900043F08053D36204E0012387F8073100E01B
:106BA00000BF97F80731002B0CD1054BDB6C23F4A9
:106BB0004052D7F8F4309B6F01491343CB6405E092
:106BC0000044025897F8073187F80631D7F8F430B7
:106BD000D3E9002302F000433B6100237B61D7E946
:106BE00004120B46134334D0D7F8F430D3F8803076
:106BF000B3F5404F18D0B3F5404F11D8B3F5004F5F
:106C000012D0B3F5004F0BD8002B0DD0B3F5804F49
:106C100006D12F4BDB6A2E4A43F08053D36204E047
:106C2000012387F8073100E000BF97F80731002BF8
:106C30000BD1274BDB6C23F44042D7F8F430D3F868
:106C4000803023491343CB6403E097F8073187F87A
:106C50000631D7F8F430D3E9002302F00063BB60BB
:106C60000023FB60D7E902120B4613430AD0184BEE
:106C70001B6923F40042D7F8F430D3F88830144964
:106C800013430B61D7F8F430D3E9002300213960B6
:106C900003F001037B60D7E900120B46134309D0D0
:106CA0000B4BDB6C23F47062D7F8F430DB6F0849D0
:106CB0001343CB6497F80631002B01D1002300E089
:106CC0000123184607F58477BD46BDE8B08F00BFA5
:106CD0000044025880B586B000AF786000237B6125
:106CE0007B68B3F1004F01F0DB827B68B3F1004FAA
:106CF00001F226837B68B3F1804F01F098827B68B4
:106D0000B3F1804F01F21C837B68B3F1005F01F0A7
:106D10002A827B68B3F1005F01F212837B68B3F1D2
:106D2000805F01F0BB817B68B3F1805F01F2088373
:106D30007B68B3F1806F01F039817B68B3F1806FBC
:106D400001F2FE827B68B3F1007F01F0BF807B68B7
:106D5000B3F1007F01F2F4827B68B3F1807F01F030
:106D600069807B68B3F1807F01F2EA827B68B3F5CA
:106D7000000F01F007807B68B3F5000F01F2E0829D
:106D80007B68B3F5800F00F0A2877B68B3F5800FB6
:106D900001F2D6827B68B3F5001F00F07A877B682A
:106DA000B3F5001F01F2CC827B68B3F5801F00F0C1
:106DB00013877B68B3F5801F01F2C2827B68B3F54D
:106DC000002F00F0AD867B68B3F5002F01F2B8828A
:106DD0007B68B3F5802F00F044867B68B3F5802F85
:106DE00001F2AE827B68B3F5003F00F01C867B6841
:106DF000B3F5003F01F2A4827B68B3F5803F00F059
:106E000006867B68B3F5803F01F29A827B68B3F512
:106E1000004F00F092857B68B3F5004F01F290823D
:106E20007B68B3F5804F00F019857B68B3F5804F20
:106E300001F286827B68B3F5005F00F0A3847B6873
:106E4000B3F5005F01F27C827B68B3F5805F00F0F0
:106E50002D847B68B3F5805F01F272827B68B3F5A5
:106E6000006F00F0C5837B68B3F5006F01F26882A4
:106E70007B68B3F5806F00F065837B68B3F5806F46
:106E800001F25E827B68B3F5007F00F01D837B68B2
:106E9000B3F5007F01F254827B68B3F5807F00F088
:106EA000ED827B68B3F5807F01F24A827B68802B9C
:106EB00000F091827B68802B01F242827B68202B5C
:106EC0004CD87B68002B01F03B827B68013B1F2B79
:106ED00001F2368201A252F823F000BF696F000868
:106EE0003770000841830008C7700008418300081C
:106EF00041830008418300085F7100084183000856
:106F00004183000841830008418300084183000851
:106F10004183000841830008017200084183000892
:106F20004183000841830008418300084183000831
:106F30004183000841830008418300084183000821
:106F40004183000841830008418300084183000811
:106F500041830008418300086D7200087B68402B64
:106F600000F0FB8101F0ECB9A14BD3F8003103F440
:106F7000E043B3F5A04F04D09D4BDB6C03F003035B
:106F800001E04FF4A0433B613B69032B0ED83B6902
:106F9000032B44D801A252F823F000BFB76F0008BA
:106FA000BF6F0008D36F0008E76F00083B69B3F5B7
:106FB000A04F2ED033E0FEF759F9786139E08C4BC1
:106FC000DB6A03F04003002B2CD0FEF7CBF978618D
:106FD00028E0874BDB6A03F48023002B25D0FEF7E3
:106FE00003FA786121E0824B1B6803F00403002B55
:106FF0001ED07F4B1B6803F02003002B18D07C4B66
:107000001B68DB0803F003037A4A22FA03F37B616F
:107010000EE0FEF72BF903469B087B6109E000BFF9
:1070200001F093B900BF01F090B900BF01F08DB934
:1070300000BF01F08AB96E4BD3F8003103F0700342
:10704000402B04D06A4BDB6C03F0300300E040239C
:107050003B613B69402B27D03B69402B2AD83B69D9
:10706000202B17D03B69202B24D83B69002B03D061
:107070003B69102B04D01DE0FEF7F8F8786120E0A2
:107080005B4BDB6A03F40023002B16D0FEF7C2F93A
:10709000786112E0564BDB6A03F48013002B0FD0AB
:1070A000FEF7CEF978610BE0FEF7E0F803469B08A7
:1070B0007B6106E000BF01F048B900BF01F045B9AF
:1070C00000BF01F042B94A4BD3F8003103F4E0634A
:1070D000B3F5806F04D0464BDB6C03F0C00301E0D6
:1070E0004FF480633B613B69B3F5806F28D03B6907
:1070F000B3F5806F2AD83B69802B17D03B69802B72
:1071000024D83B69002B03D03B69402B04D01DE001
:10711000FEF7ACF8786120E0354BDB6A03F400231E
:10712000002B16D0FEF776F9786112E0304BDB6A5F
:1071300003F48013002B0FD0FEF782F978610BE087
:10714000FEF794F803469B087B6106E000BF01F060
:10715000FCB800BF01F0F9B800BF01F0F6B8244B4D
:10716000DB6C03F040533B613B69B3F1005F2AD015
:107170003B69B3F1005F2FD83B69002B04D03B691A
:10718000B3F1805F16D027E0194B1B6803F00403AE
:10719000002B24D0164B1B6803F02003002B1ED0BD
:1071A000134B1B68DB0803F00303124A22FA03F3B4
:1071B0007B6114E00E4B1B6803F48073002B11D02D
:1071C0000D4B7B610EE00A4B1B6803F40033002B70
:1071D0000BD00A4B7B6108E000BF01F0B6B800BFDE
:1071E00001F0B3B800BF01F0B0B800BF01F0ADB816
:1071F000004402580090D00300093D0000366E01A3
:107200009A4BDB6C03F040733B613B69B3F1007F49
:107210001FD03B69B3F1007F1FD83B69002B04D01E
:107220003B69B3F1807F0AD017E0904BDB6A03F42F
:107230008033002B14D0FEF7ABF8786110E08B4B55
:10724000DB6A03F00053002B0DD0FEF73DF97861A7
:1072500009E001F093F8786106E000BF01F075B82D
:1072600000BF01F072B800BF01F06FB87F4BDB6C5C
:1072700003F4E0033B613B69B3F5A00F48D03B69E1
:10728000B3F5A00F5AD83B69B3F5800F37D03B69EF
:10729000B3F5800F52D83B69B3F5401F2BD03B6943
:1072A000B3F5401F4AD83B69B3F5001F19D03B69BD
:1072B000B3F5001F42D83B69002B04D03B69B3F5FE
:1072C000801F04D03AE0FDF7D1FF786143E0674BBF
:1072D000DB6A03F48033002B33D0FEF759F8786172
:1072E0002FE0624BDB6A03F00063002B2CD0FEF72B
:1072F000BFF8786128E04BF680337B612BE05B4B75
:107300001B6803F48073002B21D0594B7B611EE076
:10731000564B1B6803F00403002B1BD0534B1B6818
:1073200003F02003002B15D0504B1B68DB0803F043
:107330000303504A22FA03F37B610BE000BF01F024
:1073400004B800BF01F001B800BF00F0FEBF00BFED
:1073500000F0FBBF00BF00F0F8BF444B1B6D03F013
:1073600040533B613B69B3F1005F1FD03B69B3F110
:10737000005F24D83B69002B04D03B69B3F1805FE8
:107380000AD01CE0394B1B6F03F00203002B19D00D
:107390004FF400437B6115E0344B5B6F03F0020355
:1073A000002B12D04FF4FA437B610EE02F4B1B6889
:1073B00003F48073002B0BD02D4B7B6108E000BFE2
:1073C00000F0C3BF00BF00F0C0BF00BF00F0BDBFF2
:1073D00000BF00F0BABF254BDB6C03F440333B61C8
:1073E0003B69B3F5003F14D03B69B3F5003F34D897
:1073F0003B69002B34D03B69B3F5803F00D02CE0D3
:107400001A4B1B6803F40033002B2CD01A4B7B6102
:1074100029E0164BDB6C03F48023BB60BB68002BB8
:1074200004D0BB68B3F5802F09D015E00F4B1B6863
:1074300003F40033002B0CD00F4B7B6109E00B4BA6
:10744000DB6A03F08043002B05D0FEF753F8786128
:1074500001E000BF08E000BF06E000BF00F075BF1C
:1074600000BF00F072BF00BF00F06FBF00440258C1
:1074700000093D000090D00300366E01874BDB6CA5
:1074800003F480233B613B69002B04D03B69B3F5D7
:10749000802F09D016E0814B1B6803F40033002BCA
:1074A0000CD07F4B7B6109E07C4BDB6A03F08043AF
:1074B000002B06D0FEF71EF8786102E000BF00F056
:1074C00044BF00BF00F041BF744B1B6D03F4400389
:1074D0003B613B69B3F5000F1ED03B69B3F5000F6C
:1074E00024D83B69002B04D03B69B3F5800F09D049
:1074F0001CE06A4B1B6803F40033002B19D0684B67
:107500007B6116E0654BDB6A03F04003002B13D070
:10751000FDF728FF78610FE0604BDB6A03F48033EE
:10752000002B0CD0FDF734FF786108E000BF00F0BD
:107530000CBF00BF00F009BF00BF00F006BF00BFD6
:1075400000F003BF554B1B6D03F440733B613B6977
:10755000B3F5407F37D03B69B3F5407F3CD83B69FA
:10756000B3F5007F19D03B69B3F5007F34D83B6990
:10757000002B04D03B69B3F5807F04D02CE0FDF7ED
:107580009DFE786132E0454BDB6A03F00053002B2F
:1075900025D0FDF799FF786121E0404B1B6803F08F
:1075A0000403002B1ED03D4B1B6803F02003002B6F
:1075B00018D03A4B1B68DB0803F00303394A22FA60
:1075C00003F37B610EE0354B1B6803F48073002BE3
:1075D0000BD0354B7B6108E000BF00F0B6BE00BFAA
:1075E00000F0B3BE00BF00F0B0BE00BF00F0ADBE03
:1075F0002A4B1B6D03F440533B613B69B3F5405F7D
:1076000037D03B69B3F5405F3CD83B69B3F5005FC9
:1076100019D03B69B3F5005F34D83B69002B04D027
:107620003B69B3F5805F04D02CE0FDF747FE78613D
:1076300032E01A4BDB6A03F00053002B25D0FDF734
:1076400043FF786121E0154B1B6803F00403002B16
:107650001ED0124B1B6803F02003002B18D00F4BD9
:107660001B68DB0803F003030E4A22FA03F37B6175
:107670000EE00A4B1B6803F48073002B0BD00A4BFF
:107680007B6108E000BF00F060BE00BF00F05DBE9F
:1076900000BF00F05ABE00BF00F057BE00440258C1
:1076A00000366E010090D00300093D00A04B1B6D19
:1076B00003F4E0233B613B69B3F5A02F4FD03B6956
:1076C000B3F5A02F4FD83B69B3F5802F3DD03B6970
:1076D000B3F5802F47D83B69B3F5403F2BD03B69CA
:1076E000B3F5403F3FD83B69B3F5003F19D03B6944
:1076F000B3F5003F37D83B69002B04D03B69B3F5A5
:10770000803F04D02FE0FDF7D9FD786138E0884B49
:10771000DB6A03F48033002B28D0FDF739FE786153
:1077200024E0834BDB6A03F00053002B21D0FDF7EC
:10773000CBFE78611DE07E4B1B6F03F00203002B34
:107740001AD04FF400437B6116E0794B5B6F03F076
:107750000203002B13D04FF4FA437B610FE000F0DB
:107760000DFE78610CE000BF00F0EFBD00BF00F03F
:10777000ECBD00BF00F0E9BD00BF00F0E6BD00BFFA
:1077800000F0E3BD6A4B9B6D03F4E0633B613B6932
:10779000B3F5A06F4FD03B69B3F5A06F4FD83B69ED
:1077A000B3F5806F3DD03B69B3F5806F47D83B6937
:1077B000B3F5407F2BD03B69B3F5407F3FD83B69A1
:1077C000B3F5007F19D03B69B3F5007F37D83B692B
:1077D000002B04D03B69B3F5807F04D02FE0FDF788
:1077E000A5FD786138E0524BDB6A03F48033002B4F
:1077F00028D0FDF7CDFD786124E04D4BDB6A03F026
:107800000053002B21D0FDF75FFE78611DE0484B4F
:107810001B6F03F00203002B1AD04FF400437B616F
:1078200016E0434B5B6F03F00203002B13D04FF4C1
:10783000FA437B610FE000F0A1FD78610CE000BF2E
:1078400000F083BD00BF00F080BD00BF00F07DBD33
:1078500000BF00F07ABD00BF00F077BD344B9B6DD8
:1078600003F4E0433B613B69B3F5A04F4FD03B6964
:10787000B3F5A04F4FD83B69B3F5804F3DD03B697E
:10788000B3F5804F47D83B69B3F5405F2BD03B69D8
:10789000B3F5405F3FD83B69B3F5005F19D03B6952
:1078A000B3F5005F37D83B69002B04D03B69B3F5D3
:1078B000805F04D02FE0FDF739FD78613BE01C4B81
:1078C000DB6A03F48033002B28D0FDF761FD78617B
:1078D00024E0174BDB6A03F00053002B21D0FDF7A7
:1078E000F3FD78611DE0124B1B6F03F00203002BC8
:1078F0001AD04FF400437B6116E00D4B5B6F03F031
:107900000203002B16D04FF4FA437B6112E000F023
:1079100035FD78610FE000BF00F017BD00BF00F03B
:1079200014BD00BF00F011BD00BF00F00EBD00BFD0
:107930000044025800BF00F008BDA34B9B6D03F04C
:1079400007033B613B69052B4FD801A252F823F096
:10795000697900087179000885790008997900082B
:10796000C5790008D7790008FDF7E0FC78614CE0A4
:10797000954BDB6A03F40033002B39D0FDF71EFD75
:10798000786135E0904BDB6A03F08053002B32D0F6
:10799000FDF784FD78612EE08B4B1B6803F0040338
:1079A000002B2BD0884B1B6803F02003002B25D025
:1079B000854B1B68DB0803F00303844A22FA03F3B8
:1079C0007B611BE0804B1B6803F48073002B18D095
:1079D0007F4B7B6115E07C4B1B6F03F00203002B98
:1079E00012D04FF400437B610EE000BF00F0ADBC4D
:1079F00000BF00F0AABC00BF00F0A7BC00BF00F0B1
:107A0000A4BC00BF00F0A1BC00BF00F09EBC6E4B48
:107A1000DB6A03F00053002B00F09484FDF754FD63
:107A2000786100F08FBC684BDB6C03F000633B6156
:107A30003B69002B04D03B69B3F1006F0AD00EE024
:107A4000614BDB6A03F00053002B07D0FDF73CFDD0
:107A5000786103E000F092FC786100E000BF00F084
:107A600074BC594B1B6F03F44073B3F5407F07D1CF
:107A7000554B1B691B0103F47C3343F4407303E053
:107A8000514B1B6F03F440733B613B69B3F5007FBF
:107A900014D03B69B3F5007F1AD83B69002B33D073
:107AA0003B69B3F5807F13D1474B1B6F03F0020393
:107AB000002B2CD04FF400437B6128E0424B5B6FDE
:107AC00003F00203002B25D04FF4FA437B6121E041
:107AD0003D4B1B6F03F44073B3F5407F1DD13A4B10
:107AE0001B6803F40033002B17D0374B1B691B0AAC
:107AF00003F03F03FB60FB68012B0ED9354AFB689E
:107B0000B2FBF3F37B6108E000BF00F01EBC00BFD6
:107B100000F01BBC00BF00F018BC00BF00F015BC9B
:107B2000294B5B6D03F4E0233B613B69B3F5802F88
:107B300039D03B69B3F5802F3DD83B69B3F5403F61
:107B400035D03B69B3F5403F35D83B69B3F5003FCD
:107B50001FD03B69B3F5003F2DD83B69002B04D003
:107B60003B69B3F5803F0AD025E0174BDB6A03F091
:107B70004003002B21D0FDF7F5FB78611DE0124B8F
:107B8000DB6A03F48033002B19D0FDF701FC786128
:107B900015E00D4BDB6A03F00063002B11D0FDF7FD
:107BA00067FC78610DE000F0E9FB78610AE04BF6D4
:107BB00080337B6106E000BFC7E300BFC5E300BFC1
:107BC000C3E300BFC1E300BF004402580090D003EC
:107BD00000093D0000366E01944B5B6D03F4E00339
:107BE0003B613B69B3F5A00F49D03B69B3F5A00FEA
:107BF00047D83B69B3F5800F39D03B69B3F5800FA7
:107C00003FD83B69B3F5401F35D03B69B3F5401F02
:107C100037D83B69B3F5001F1FD03B69B3F5001F90
:107C20002FD83B69002B04D03B69B3F5801F0AD0E5
:107C300027E07E4BDB6A03F04003002B23D0FDF7E7
:107C400091FB78611FE0794BDB6A03F48033002BF2
:107C50001BD0FDF79DFB786117E0744BDB6A03F0E6
:107C60000063002B13D0FDF703FC78610FE000F0F8
:107C700085FB78610CE04BF680337B6108E000BF48
:107C800063E300BF61E300BF5FE300BF5DE300BFEC
:107C90005BE3664BDB6C03F004033B613B69002B49
:107CA0000AD1624BDB6A03F40023002B00F04C8303
:107CB000FDF7B0FB786147E35C4BDB6A03F48013AC
:107CC000002B00F04183FDF7BBFB78613CE3574B91
:107CD0001B6D03F040733B613B69B3F1407F31D0D2
:107CE0003B69B3F1407F43D83B69B3F1007F1FD0BC
:107CF0003B69B3F1007F3BD83B69002B04D03B6963
:107D0000B3F1807F0AD033E0484BDB6A03F04003D5
:107D1000002B2FD0FDF726FB78612BE0434BDB6A6D
:107D200003F48023002B27D0FDF75EFB786123E06E
:107D30003E4BDB6A03F00053002B1FD0FDF7C4FB62
:107D400078611BE0394B1B6803F00403002B17D04C
:107D5000364B1B6803F02003002B11D0334B1B68FC
:107D6000DB0803F00303324A22FA03F37B6107E0E6
:107D700000BFEAE200BFE8E200BFE6E200BFE4E2E3
:107D800000BFE2E2294B5B6D03F4E0633B613B69BA
:107D9000B3F5806F39D03B69B3F5806F3DD83B694F
:107DA000B3F5407F35D03B69B3F5407F35D83B69AB
:107DB000B3F5007F1FD03B69B3F5007F2DD83B6939
:107DC000002B04D03B69B3F5807F0AD025E0174B28
:107DD000DB6A03F04003002B21D0FDF7C3FA786182
:107DE0001DE0124BDB6A03F48033002B19D0FDF742
:107DF000CFFA786115E00D4BDB6A03F00063002BCE
:107E000011D0FDF735FB78610DE000F0B7FA78612D
:107E10000AE04BF680337B6106E000BF95E200BFCD
:107E200093E200BF91E200BF8FE200BF004402581E
:107E30000090D003924B1B6D03F070033B613B69D4
:107E4000402B33D03B69402B38D83B69302B31D0A5
:107E50003B69302B32D83B69202B1DD03B69202B4E
:107E60002CD83B69002B03D03B69102B0AD025E0AE
:107E7000834BDB6A03F04003002B21D0FDF772FA3D
:107E800078611DE07E4BDB6A03F48033002B19D050
:107E9000FDF77EFA786115E0794BDB6A03F0006349
:107EA000002B11D0FDF7E4FA78610DE000F066FADE
:107EB00078610AE04BF680337B6106E000BF44E264
:107EC00000BF42E200BF40E200BF3EE26C4B5B6D90
:107ED00003F070033B613B69502B52D03B69502B40
:107EE00058D83B69402B43D03B69402B52D83B6963
:107EF000302B27D03B69302B4CD83B69202B17D037
:107F00003B69202B46D83B69002B03D03B69102BE3
:107F100004D03FE0FDF7EEF9786146E0584BDB6AAC
:107F200003F40033002B37D0FDF748FA786133E0D3
:107F3000534BDB6A03F08053002B2FD0FDF7AEFAD2
:107F400078612BE04E4B1B6803F00403002B27D015
:107F50004B4B1B6803F02003002B21D0484B1B68C0
:107F6000DB0803F00303474A22FA03F37B6117E0BF
:107F7000434B1B6803F48073002B13D0424B7B618F
:107F800010E03F4B1B6803F40033002B0CD03F4B39
:107F90007B6109E000BFD8E100BFD6E100BFD4E1BA
:107FA00000BFD2E100BFD0E100BFCEE1344B9B6DFA
:107FB00003F070033B613B69502B52D03B69502B5F
:107FC00058D83B69402B43D03B69402B52D83B6982
:107FD000302B27D03B69302B4CD83B69202B17D056
:107FE0003B69202B46D83B69002B03D03B69102B03
:107FF00004D03FE0FDF79AF978614EE0204BDB6A50
:1080000003F40033002B37D0FDF7D8F9786133E063
:108010001B4BDB6A03F08053002B2FD0FDF73EFA99
:1080200078612BE0164B1B6803F00403002B2FD064
:10803000134B1B6803F02003002B29D0104B1B6847
:10804000DB0803F003030F4A22FA03F37B611FE00E
:108050000B4B1B6803F48073002B1BD00A4B7B6116
:1080600018E0074B1B6803F40033002B14D0074BB8
:108070007B6111E000BF68E100BF66E100BF64E121
:10808000004402580090D00300093D0000366E0104
:1080900000BF5AE100BF58E100BF56E19E4B5B6D47
:1080A00003F007033B613B69052B50D801A252F84E
:1080B00023F000BFCD800008D5800008E9800008CB
:1080C000FD800008298100083B810008FDF712F9B6
:1080D000786147E0904BDB6A03F40033002B38D023
:1080E000FDF76CF9786134E08B4BDB6A03F0805369
:1080F000002B30D0FDF7D2F978612CE0864B1B685D
:1081000003F00403002B28D0834B1B6803F02003EB
:10811000002B22D0804B1B68DB0803F003037F4A4F
:1081200022FA03F37B6118E07B4B1B6803F4807336
:10813000002B14D07A4B7B6111E0774B1B6F03F05F
:108140000203002B0DD04FF400437B6109E000BF18
:10815000FBE000BFF9E000BFF7E000BFF5E000BFC3
:10816000F3E000BFF1E06C4B1B6D03F007033B61D4
:108170003B69052B4FD801A252F823F095810008E6
:108180009D810008B1810008C5810008F1810008C7
:1081900003820008FDF792F8786147E05E4BDB6AE6
:1081A00003F40033002B38D0FDF708F9786134E090
:1081B000594BDB6A03F08053002B30D0FDF76EF98A
:1081C00078612CE0544B1B6803F00403002B28D08B
:1081D000514B1B6803F02003002B22D04E4B1B6831
:1081E000DB0803F003034D4A22FA03F37B6118E036
:1081F000494B1B6803F48073002B14D0484B7B6100
:1082000011E0454B1B6F03F00203002B0DD04FF420
:1082100000437B6109E000BF97E000BF95E000BF2D
:1082200093E000BF91E000BF8FE000BF8DE03A4BCC
:10823000DB6C03F440533B613B69B3F5005F1DD039
:108240003B69B3F5005F23D83B69002B04D03B6941
:10825000B3F5805F09D01BE02F4B1B6803F400339C
:10826000002B17D02F4B7B6114E02B4B1B6803F4C2
:108270000033002B10D02C4B7B610DE0264BDB6ACA
:1082800003F08053002B09D0FDF708F9786105E071
:1082900000BF5AE000BF58E000BF56E000BF54E006
:1082A0001D4BDB6C03F440433B613B69B3F5404F2E
:1082B0002FD03B69B3F5404F3AD83B69B3F5004F37
:1082C0001ED03B69B3F5004F32D83B69002B04D078
:1082D0003B69B3F5804F09D02AE00F4B1B6803F4CC
:1082E0000053002B26D0114B7B6123E00A4BDB6A45
:1082F00003F08053002B1FD0FDF7D0F878611BE00E
:10830000054B1B6803F40033002B17D0054B7B6132
:1083100014E000BF19E000BF004402580090D003F1
:1083200000093D0000366E01001BB700006CDC0246
:1083300000BF0AE000BF08E000BF06E000BF04E0A5
:1083400000BF02E000BF00E000BF7B69184618379D
:10835000BD4680BD80B483B000AF7860064BD3F8D3
:10836000002105497B681343C1F8003100BF0C3779
:10837000BD465DF8047B70470044025880B483B06A
:1083800000AF00237B601F4BDB6C03F040533B606E
:108390003B68002B15D11B4B1B6803F00403002B1B
:1083A00028D0184B1B6803F02003002B22D0154B5C
:1083B0001B68DB0803F00303134A22FA03F37B6014
:1083C00018E03B68B3F1805F08D10E4B1B6803F4E3
:1083D0008073002B0ED00D4B7B600BE03B68B3F13C
:1083E000005F07D1074B1B6803F40033002B01D05B
:1083F000074B7B607B6818460C37BD465DF8047BF5
:10840000704700BF004402580090D00300093D00AF
:1084100000366E0180B582B000AF78607B68002BBB
:1084200001D1012342E07B68D3F88830002B06D1CC
:108430007B68002283F88420786800F03BF87B6832
:108440002422C3F888207B681B681A687B681B6835
:1084500022F001021A607B689B6A002B02D07868C8
:1084600000F032FD786800F099F90346012B01D144
:1084700001231BE07B681B685A687B681B6822F439
:1084800090425A607B681B689A687B681B6822F080
:108490002A029A607B681B681A687B681B6842F036
:1084A00001021A60786800F0B1FD034618460837EB
:1084B000BD4680BD80B483B000AF786000BF0C378C
:1084C000BD465DF8047B704780B58AB002AFF860A6
:1084D000B9603B601346FB80FB68D3F88830202BE3
:1084E00040F08680BB68002B02D0FB88002B01D1B6
:1084F00001237EE0FB680022C3F89020FB68212264
:10850000C3F88820FBF788FB7861FB68FA88A3F83A
:108510005420FB68FA88A3F85620FB689B68B3F5E3
:10852000805F08D1FB681B69002B04D10023FB612D
:10853000BB68BB6103E0BB68FB610023BB613AE041
:108540003B6800937B6900228021F86800F008FEF8
:108550000346002B05D0FB682022C3F888200323A4
:1085600047E0FB69002B0BD1BB691B881A46FB68EF
:108570001B68C2F308029A62BB690233BB6107E061
:10858000FB691A78FB681B689A62FB690133FB611F
:10859000FB68D3F8883003F02103212B09D1FB6855
:1085A000B3F856309BB2013B9AB2FB68A3F8562051
:1085B00001E001231DE0FB68B3F856309BB2002BAD
:1085C000BED13B6800937B6900224021F86800F02F
:1085D000C7FD0346002B05D0FB682022C3F8882086
:1085E000032306E0FB682022C3F88820002300E074
:1085F000022318462037BD4680BD80B58AB002AF41
:10860000F860B9603B601346FB80FB68D3F88C30A0
:10861000202B40F0BD80BB68002B02D0FB88002BD4
:1086200001D10123B5E0FB680022C3F89020FB686C
:108630002222C3F88C20FB680022DA66FBF7ECFAF2
:108640007861FB68FA88A3F85C20FB68FA88A3F8D5
:108650005E20FB689B68B3F5805F0ED1FB681B69E9
:10866000002B05D1FB6840F2FF12A3F860202DE03B
:10867000FB68FF22A3F8602028E0FB689B68002BC2
:108680000DD1FB681B69002B04D1FB68FF22A3F806
:1086900060201BE0FB687F22A3F8602016E0FB68E7
:1086A0009B68B3F1805F0DD1FB681B69002B04D17F
:1086B000FB687F22A3F8602008E0FB683F22A3F854
:1086C000602003E0FB680022A3F86020FB68B3F899
:1086D00060307B82FB689B68B3F5805F08D1FB68E4
:1086E0001B69002B04D10023FB61BB68BB6103E065
:1086F000BB68FB610023BB613EE03B6800937B6984
:1087000000222021F86800F02BFD0346002B05D045
:10871000FB682022C3F88C2003233AE0FB69002B7E
:108720000CD1FB681B685B6A9AB27B8A13409AB2D1
:10873000BB691A80BB690233BB610CE0FB681B6834
:108740005B6ADAB27B8ADBB21340DAB2FB691A7079
:10875000FB690133FB61FB68D3F88C30222B09D114
:10876000FB68B3F85E309BB2013B9AB2FB68A3F89A
:108770005E2001E001230CE0FB68B3F85E309BB2A1
:10878000002BBAD1FB682022C3F88C20002300E024
:10879000022318462037BD4680BD00002DE9B04FAA
:1087A0008CB000AF7861002387F82A307B699A6823
:1087B0007B691B691A437B695B691A437B69DB69C7
:1087C0001343FB627B691B681A68B34B13407A69D9
:1087D0001268F96A0B4313607B691B685B6823F4BA
:1087E00040517B69DA687B691B680A435A607B6980
:1087F0009B69FB627B691B68A84A934204D07B6932
:108800001B6AFA6A1343FB627B691B689A68A44B74
:1088100013407A691268F96A0B4393607B691B689D
:10882000DB6A23F00F017B695A6A7B691B680A4384
:10883000DA627B691B689B4A934231D19A4B5B6D2C
:1088400003F00703052B27D801A252F823F000BF3D
:108850006988000871880008798800088188000804
:108860008988000891880008012387F82B30A0E050
:10887000042387F82B309CE0082387F82B3098E0FE
:10888000102387F82B3094E0202387F82B3090E0DA
:10889000402387F82B308CE0802387F82B3088E04A
:1088A0007B691B68814A934218D07B691B68804AA8
:1088B000934213D07B691B687E4A93420ED07B693A
:1088C0001B687D4A934209D07B691B687B4A9342AF
:1088D00004D07B691B687A4A934231D1724B1B6D7D
:1088E00003F00703052B27D801A252F823F000BF9D
:1088F00009890008118900081989000821890008E0
:108900002989000831890008002387F82B3016E0F8
:10891000042387F82B3012E0082387F82B300EE071
:10892000102387F82B300AE0202387F82B3006E04D
:10893000402387F82B3002E0802387F82B3038E083
:108940007B691B68554A934230D1574B9B6D03F0AE
:108950000703052B26D801A252F823F075890008D9
:108960007D890008858900088D890008958900089F
:108970009D890008022387F82B301AE0042387F82A
:108980002B3016E0082387F82B3012E0102387F8ED
:108990002B300EE0202387F82B300AE0402387F8A5
:1089A0002B3006E0802387F82B3002E0802387F805
:1089B0002B307B691B68394A934240F0FE8097F860
:1089C0002B30202B48DC022BC0F28880023B1E2B70
:1089D00000F2848001A252F823F000BF6F8A0008E1
:1089E000DD8A00085F8A0008DD8A0008DD8A000849
:1089F000DD8A0008678A0008DD8A0008DD8A000831
:108A0000DD8A0008DD8A0008DD8A0008DD8A0008AA
:108A1000DD8A0008778A0008DD8A0008DD8A000800
:108A2000DD8A0008DD8A0008DD8A0008DD8A00088A
:108A3000DD8A0008DD8A0008DD8A0008DD8A00087A
:108A4000DD8A0008DD8A0008DD8A0008DD8A00086A
:108A5000DD8A0008CF8A0008402B3BD03EE0FCF7BF
:108A6000ADFC786240E0FCF719FD78623CE0FCF771
:108A70005DFC786238E00C4B1B6803F02003002B90
:108A800022D0094B1B68DB0803F003030D4A22FACE
:108A900003F37B6228E000BFF369FFCF000C0058AE
:108AA000FFF4FF110010004200440258004400404F
:108AB00000480040004C004000500040007800405A
:108AC000007C00400090D003994B7B620CE0994BF6
:108AD0007B6209E04FF400437B6205E000237B6288
:108AE000012387F82A3000BF7B6A002B00F0CE817B
:108AF0007B695B6A904A32F813301A467B6AB3FB93
:108B0000F2F3BB617B695A6813465B001344BA6990
:108B10009A4205D37B695B681B03BA699A4203D901
:108B2000012387F82A30B1E17B6A0022BB60FA603A
:108B30007B695B6A804A32F813309BB200223B604B
:108B40007A60D7E90023D7E90201F7F7B1FB0246C3
:108B50000B46104619464FF000024FF000030B027F
:108B600043EA1063020279694968490800200C460B
:108B7000054612EB040843EB05097B695B6800229C
:108B80009A46934652465B4640464946F7F790FB65
:108B900002460B4613463B623B6AB3F5407F08D35F
:108BA0003B6AB3F5801F04D27B691B683A6ADA60BE
:108BB0006CE1012387F82A3068E17B69DB69B3F552
:108BC000004F40F0BD8097F82B30202B48DC002B65
:108BD00073DB202B71D801A252F823F0678C0008B8
:108BE0006F8C0008BB8C0008BB8C0008778C0008D9
:108BF000BB8C0008BB8C0008BB8C00087F8C000875
:108C0000BB8C0008BB8C0008BB8C0008BB8C000828
:108C1000BB8C0008BB8C0008BB8C0008878C00084C
:108C2000BB8C0008BB8C0008BB8C0008BB8C000808
:108C3000BB8C0008BB8C0008BB8C0008BB8C0008F8
:108C4000BB8C0008BB8C0008BB8C0008BB8C0008E8
:108C5000BB8C0008BB8C0008BB8C0008AD8C0008E6
:108C6000402B26D029E0FCF729FB78622BE0FCF7AB
:108C700041FB786227E0FCF7A1FB786223E0FCF778
:108C80000DFC78621FE02D4B1B6803F02003002BC6
:108C900009D02A4B1B68DB0803F00303244A22FA9D
:108CA00003F37B620FE0224B7B620CE0214B7B6283
:108CB00009E04FF400437B6205E000237B6201235F
:108CC00087F82A3000BF7B6A002B00F0DF807B69C9
:108CD0005B6A194A32F813301A467B6AB3FBF2F327
:108CE0005A007B695B685B081A447B695B68B2FB6E
:108CF000F3F33B623B6A0F2B16D93B6AB3F5803F17
:108D000012D23B6A9BB223F00F03FB833B6A5B08E2
:108D10009BB203F007039AB2FB8B1343FB837B697F
:108D20001B68FA8BDA60B1E0012387F82A30ADE0E6
:108D30000090D00300093D00ACB700080044025881
:108D400097F82B30202B49DC002B74DB202B72D8BA
:108D500001A252F823F000BFE38D0008EB8D00085C
:108D6000378E0008378E0008F38D0008378E000814
:108D7000378E0008378E0008FB8D0008378E0008FC
:108D8000378E0008378E0008378E0008378E0008AF
:108D9000378E0008378E0008038E0008378E0008D3
:108DA000378E0008378E0008378E0008378E00088F
:108DB000378E0008378E0008378E0008378E00087F
:108DC000378E0008378E0008378E0008378E00086F
:108DD000378E0008378E0008298E0008402B26D0D9
:108DE00029E0FCF76BFA78622BE0FCF783FA7862F3
:108DF00027E0FCF7E3FA786223E0FCF74FFB7862A8
:108E00001FE02D4B1B6803F02003002B09D02A4BD9
:108E10001B68DB0803F00303284A22FA03F37B6292
:108E20000FE0264B7B620CE0254B7B6209E04FF4A0
:108E300000437B6205E000237B62012387F82A3030
:108E400000BF7B6A002B21D07B695B6A1D4A32F828
:108E500013301A467B6AB3FBF2F27B695B685B08EE
:108E60001A447B695B68B2FBF3F33B623B6A0F2BEE
:108E700009D93B6AB3F5803F05D23B6A9AB27B6958
:108E80001B68DA6002E0012387F82A307B6901223F
:108E9000A3F86A207B690122A3F868207B6900227D
:108EA0005A677B6900229A6797F82A30184630374C
:108EB000BD46BDE8B08F00BF004402580090D0030B
:108EC00000093D00ACB7000880B483B000AF786003
:108ED0007B689B6A03F00803002B0AD07B681B6841
:108EE0005B6823F400417B689A6B7B681B680A43CC
:108EF0005A607B689B6A03F00103002B0AD07B68F1
:108F00001B685B6823F400317B68DA6A7B681B6846
:108F10000A435A607B689B6A03F00203002B0AD065
:108F20007B681B685B6823F480317B681A6B7B6805
:108F30001B680A435A607B689B6A03F00403002B9A
:108F40000AD07B681B685B6823F480217B685A6BBE
:108F50007B681B680A435A607B689B6A03F01003B6
:108F6000002B0AD07B681B689B6823F480517B68C8
:108F7000DA6B7B681B680A439A607B689B6A03F024
:108F80002003002B0AD07B681B689B6823F40051E8
:108F90007B681A6C7B681B680A439A607B689B6AD3
:108FA00003F04003002B1AD07B681B685B6823F436
:108FB00080117B685A6C7B681B680A435A607B6827
:108FC0005B6CB3F5801F0AD17B681B685B6823F478
:108FD000C0017B689A6C7B681B680A435A607B6897
:108FE0009B6A03F08003002B0AD07B681B685B68D8
:108FF00023F400217B68DA6C7B681B680A435A60A3
:1090000000BF0C37BD465DF8047B704780B598B053
:1090100002AF78607B680022C3F89020FAF7FCFD6D
:1090200078657B681B681B6803F00803082B2FD149
:109030006FF07E4300937B6D00224FF4001178683F
:1090400000F08EF80346002B22D07B681B68BB63C0
:10905000BB6B53E8003F7B637B6B23F080033B6576
:109060007B681B681A463B6D7B643A64396C7A6C8A
:1090700041E80023FB63FB6B002BE6D17B682022D9
:10908000C3F888207B68002283F88420032363E0F0
:109090007B681B681B6803F00403042B49D16FF045
:1090A0007E4300937B6D00224FF48001786800F0CE
:1090B00057F80346002B3CD07B681B687B627B6AB9
:1090C00053E8003F3B623B6A23F49073FB647B6888
:1090D0001B681A46FB6C3B63FA62F96A3A6B41E81B
:1090E0000023BB62BB6A002BE6D17B681B68083398
:1090F0003B613B6953E8003FFB60FB6823F00103E1
:10910000BB647B681B680833BA6CFA61BB61B969E0
:10911000FA6941E800237B617B69002BE5D17B681C
:109120002022C3F88C207B68002283F8842003234C
:1091300012E07B682022C3F888207B682022C3F8D5
:109140008C207B680022DA667B6800221A677B68C5
:10915000002283F88420002318465837BD4680BD7E
:1091600080B584B000AFF860B9603B601346FB7116
:109170004FE0BB69B3F1FF3F4BD0FAF74DFD02461C
:109180003B68D31ABA699A4202D3BB69002B01D15A
:1091900003234EE0FB681B681B6803F00403002BED
:1091A00037D0BB68802B34D0BB68402B31D0FB68F4
:1091B0001B68DB6903F00803082B10D1FB681B68F0
:1091C00008221A62F86800F039F8FB680822C3F830
:1091D0009020FB68002283F88420012329E0FB68AB
:1091E0001B68DB6903F40063B3F5006F11D1FB6802
:1091F0001B684FF400621A62F86800F01FF8FB6801
:109200002022C3F89020FB68002283F884200323E7
:109210000FE0FB681B68DA69BB681340BA689A42C2
:109220000CBF01230023DBB21A46FB799A42A0D07F
:10923000002318461037BD4680BD000080B495B0AD
:1092400000AF78607B681B687B637B6B53E8003FF3
:109250003B633B6B23F49073FB647B681B681A468B
:10926000FB6C3B64FA63F96B3A6C41E80023BB6327
:10927000BB6B002BE6D17B681B6808333B623B6A03
:1092800053E8003FFB61FA691E4B1340BB647B68E7
:109290001B680833BA6CFA62BB62B96AFA6A41E8C1
:1092A00000237B627B6A002BE5D17B68DB6E012BA0
:1092B00018D17B681B68FB60FB6853E8003FBB600C
:1092C000BB6823F010037B647B681B681A467B6CC9
:1092D000BB617A617969BA6941E800233B613B6906
:1092E000002BE6D17B682022C3F88C207B6800220B
:1092F000DA667B6800225A6700BF5437BD465DF8C6
:10930000047B7047FEFFFFEF80B586B002AF786048
:109310000023FB73FAF780FCB8607B68002B02D156
:109320000123FB73C8E07B6800229A657B685B6D54
:10933000002B40F0C1807868FAF788F841F2883154
:10934000786800F0CCFB7B681B689A685D4B134023
:109350007A68D1687A681269120411437A6852698E
:10936000013A120211437A68D26911437A6812688D
:109370000B4393607B681B68DB6823F4E0217B6808
:109380001A6A7B681B680A43DA607B681B681B6982
:1093900023F4F8117B681B6B1A047B681B680A4373
:1093A0001A617B681B681B6923F0FF017B685A6B9D
:1093B0007B681B680A431A617B681B687A68926B3A
:1093C0005A617B681B681B6823F4F8517B685B68F3
:1093D000013B1A027B681B680A431A607B68DB6DDD
:1093E0000093BB6800222021786800F0C1FC03468E
:1093F000FB73FB7B002B5FD17B681B68DB6823F072
:10940000FF017B685A6A7B681B680A43DA607B68E5
:109410001B682D4A934204D07B681B682B4A9342F9
:109420000FD17B68DB6D0093BB6800222021786838
:1094300000F09EFC0346FB73FB7B002B01D0FB7B03
:109440003BE07B681B681A68214B13407A6891687F
:109450007A68D26B11437A6812680B4313607B6899
:109460001B68D3F8083123F080417B689A6A7B68D7
:109470001B680A43C3F808217B681B681A687B686D
:109480001B6842F001021A607B689B69022B07D1BE
:109490007B681B689A687B681B6842F002029A60CE
:1094A0007B68DB68B3F1806F03D17B6801225A656A
:1094B00002E07B6802225A65FB7B18461037BD46E6
:1094C00080BD00BFFCC0E0F80050005200A0005278
:1094D000BFFFFFFE80B58AB002AFF860B9607A6066
:1094E000FAF79AFBB861BB689B6B002BFB685B6D5E
:1094F0007B617B69022B04D1FB68DB68B3F1806F71
:1095000015D17B69142B07D1BB681B68022B0ED0C9
:10951000BB681B68032B0AD07B69242B5ED1BB6818
:109520001B68012B03D0BB681B68032B56D17B68DB
:109530000093BB6900222021F86800F019FC034663
:10954000FB77FB7F002B46D1FB6800229A65B96848
:10955000F86800F043FC0346FB77FB7F002B43D108
:10956000BB689B6B002B0ED17B680093BB6900220C
:109570002021F86800F0FCFB0346FB77FB681B68C2
:1095800002225A6230E0BB681B68002B03D1FB68E3
:1095900004225A6528E0BB681B68012B0BD1FB68CD
:1095A0005B6D242B03D1FB6804225A651CE0FB6829
:1095B00014225A6518E0BB681B68022B14D1FB68A3
:1095C0005B6D142B03D1FB6804225A650CE0FB6829
:1095D00024225A6508E00223FB7705E00123FB778C
:1095E000FB6810229A6500E000BFFB7F1846203719
:1095F000BD4680BD80B58AB002AFF860B9607A60C0
:10960000FAF70AFBB861FB681B6850337B61BB68E3
:10961000002B05D10123FB77FB6808229A6557E0F0
:10962000FB685B6D042B4ED1FB681B681B6C5A1CDE
:10963000FB689A64FB689A6CFB685A64FB68BA68BA
:109640001A64FB681B681A68FB681B6822F04052AA
:109650001A607B680093BB6901220421F86800F05E
:1096600087FB0346FB77FB7F002B13D1FB681B6C4A
:109670001A787B691A70FB681B6C5A1CFB681A64A9
:10968000FB689B6C5A1EFB689A64FB689B6C002B02
:10969000DFD100E000BFFB7F002B19D17B68009376
:1096A000BB6901220221F86800F062FB0346FB77E8
:1096B000FB7F002B0CD1FB681B6802225A62FB68FF
:1096C00002225A6504E00123FB77FB6810229A65A9
:1096D000FB7F18462037BD4680BD80B58CB002AFF9
:1096E000F860B9607A60FAF797FA3862FB681B682D
:1096F0005033FB61FB681B689B6CBB61FB681B689C
:10970000D3F810317B61BB68002B06D1012387F8A9
:109710002730FB6808229A657CE0FB685B6D042BB0
:1097200072D1FB681B681B6C5A1CFB689A64FB684F
:109730009A6CFB685A64FB68BA681A64FB681B6819
:109740001B6823F04052FB681B6842F080521A608D
:10975000FB68DB68B3F1806F04D1FB681B68BA69F2
:109760009A6411E0FB681B68D3F8003103F4E063EE
:10977000002B04D0FB681B68BA699A6404E0FB689C
:109780001B687A69C3F810217B6800933B6A012249
:109790000621F86800F0ECFA034687F8273097F8BE
:1097A0002730002B14D1FB681B6CFA691278D2B2F7
:1097B0001A70FB681B6C5A1CFB681A64FB689B6C74
:1097C0005A1EFB689A64FB689B6C002BDCD100E09E
:1097D00000BF97F82730002B1CD17B6800933B6AB1
:1097E00001220221F86800F0C3FA034687F8273007
:1097F00097F82730002B0DD1FB681B6802225A62B4
:10980000FB6802225A6505E0012387F82730FB68D0
:1098100010229A6597F8273018462837BD4680BD34
:1098200080B58AB002AFF860B9607A60FAF7F4F9EF
:10983000B861FB681B689B6C7B61FB681B68D3F895
:1098400010313B61FB685B6D042B67D1BB68DB6843
:10985000B3F5800F62D17B680093BB6900222021A1
:10986000F86800F085FA0346FB77FB7F002B52D1A6
:10987000FB681B68BA681268C3F88820FB681B681D
:10988000BA685268C3F88020FB681B68BA6812691E
:10989000C3F89020FB681B681B6823F04352BB6829
:1098A0009968BB68DB680B431A43FB681B6842F08E
:1098B00000521A60FB68DB68B3F1806F04D1FB686B
:1098C0001B687A699A6411E0FB681B68D3F8003161
:1098D00003F4E063002B04D0FB681B687A699A6488
:1098E00004E0FB681B683A69C3F810217B680093A9
:1098F000BB6901220821F86800F03AFA0346FB77B9
:10990000FB7F002B10D1FB681B6808225A62FB68A2
:1099100002225A6508E00223FB7705E00123FB776A
:10992000FB6810229A6500E000BFFB7F18462037D5
:10993000BD4680BD80B586B002AF78603960FAF769
:109940006BF9B8607B685B6D042B34D17B68DB6D91
:109950000093BB6800222021786800F009FA0346D2
:10996000FB73FB7B002B2BD17B6888225A653B68FD
:109970001B68082B11D17B681B683A685268C3F8D2
:1099800030217B681B6810225A627B681B681A684A
:109990007B681B6842F480121A607B681B681A6837
:1099A0000A4B13403A6812681A437B681B6842F0FE
:1099B00040521A6004E00123FB737B6810229A6511
:1099C000FB7B18461037BD4680BD00BFF7FFFFCFB9
:1099D00080B586B002AF78600023FB73FAF71CF9FC
:1099E000B8607B685B6D002B6FD07B681B681B6861
:1099F00003F00403002B21D07B681B681A687B6886
:109A00001B6822F004021A607B68DB6C1846FAF7C8
:109A100045FB0346FB73FB7B002B02D07B680422D3
:109A20009A657B681B6D1846FAF738FB0346FB7393
:109A3000FB7B002B02D07B6804229A657B681B6845
:109A40001B6A03F02003002B33D07B681B681A6865
:109A50007B681B6842F002021A607B68DB6D009332
:109A6000BB6801220221786800F082F90346FB738B
:109A7000FB7B002B2ED17B681B6802225A627B681D
:109A8000DB6D0093BB6800222021786800F070F93C
:109A90000346FB73FB7B002B1CD17B681B681A6899
:109AA0007B681B6822F040521A607B6802225A656C
:109AB00010E07B681B681A687B681B6822F04052C4
:109AC0001A607B6802225A6504E00123FB737B68FD
:109AD00010229A65FB7B18461037BD4680BD80B4C6
:109AE00083B000AF786039607B683A68DA6500233C
:109AF00018460C37BD465DF8047B704780B590B0C2
:109B000000AFF860B9607A60002387F82B3000233B
:109B100087F83E3007F1100300221A605A609A60FD
:109B2000DA601A615A61002387F83F3014E097F831
:109B30003F300133D8B297F83F2007F110011346A8
:109B40005B0013449B000B44194600F0D1FA97F8D0
:109B50003F30013387F83F3097F83F30012BE6D98B
:109B6000804B1B6803F00103002B0BD07D4B1B685F
:109B70007C4A23F00103136097F83E3043F0010361
:109B800087F83E30784B1B6803F00103002B0BD0A5
:109B9000754B1B68744A23F00103136097F83E303D
:109BA00043F0020387F83E30FB681B686D4A93421E
:109BB00003D1BB685B687B6110E0FB681B686A4A85
:109BC000934203D1BB685B683B6207E0FB689B6D17
:109BD00043F00802FB689A650123BEE0634B1B68F3
:109BE000BB63BB6B03F01003002B14D0BB6B03F003
:109BF0002003002B02D070237B6301E010237B63E2
:109C0000BB6B03F04003002B02D070233B6306E0E4
:109C100010233B6303E000237B6300233B63534B30
:109C200000221A60514B1B6823F47F02BB689B68BB
:109C3000013B1B044D4913430B60FB681B68494AF9
:109C4000934203D1BB681B687B6307E0FB681B681A
:109C5000454A934202D1BB681B683B630023FB6209
:109C60007B6B002B02D13B6B002B02D01023FB62DD
:109C700003E010237B6310233B63BB6B23F0700373
:109C8000BB63FB6A102B03D1BB6B43F01003BB63B8
:109C90007B6B702B03D1BB6B43F02003BB633B6B2F
:109CA000702B03D1BB6B43F04003BB632F4B1B688E
:109CB00023F07002BB6B03F070032C4913430B605D
:109CC000002387F83F302AE097F83F2013465B00D7
:109CD00013449B0040333B442C3B196897F83F30BA
:109CE0005A1C13465B0013449B0040333B442C3BFF
:109CF0001B68994205D11D4B1B681C4A43F00103A8
:109D000013607B69012B05D1184B1B68174A43F080
:109D10000203136097F83F30013387F83F3097F81C
:109D20003F30002BD0D097F83E3003F00103002BDA
:109D300005D00C4B1B680B4A43F00103136097F8E6
:109D40003E3003F00203002B05D0074B1B68064A88
:109D500043F00103136097F82B3018464037BD4697
:109D600080BD00BF0050005200A0005200B400525D
:109D700080B584B000AFF860B9603B601346FB71FA
:109D800019E0BB69B3F1FF3F15D0F9F745FF024673
:109D90003B68D31ABA699A4202D3BB69002B0AD135
:109DA000FB6802225A65FB689B6D43F00102FB6869
:109DB0009A6503230EE0FB681B681A6ABB681340B0
:109DC000002B14BF01230023DBB21A46FB799A4211
:109DD000D7D1002318461037BD4680BD80B489B066
:109DE00000AF786039600023FB777B681B681A68D6
:109DF0007B681B6822F040521A607B689B68002BCE
:109E00000AD17B681B681B6823F040413B685A6895
:109E10007B681B680A431A603B681B68022B14D1DD
:109E20007B681B6803F5C073BB617B681B6803F527
:109E3000C4737B617B681B6803F5C8733B617B68F7
:109E40001B6803F5D073FB602CE03B681B68032B99
:109E500014D17B681B6803F5A073BB617B681B682A
:109E600003F5A4737B617B681B6803F5A8733B61F2
:109E70007B681B6803F5B073FB6013E07B681B68AD
:109E800003F58073BB617B681B6803F584737B619A
:109E90007B681B6803F588733B617B681B6803F56F
:109EA0009073FB603B689A6CBB691A603B68DB6A25
:109EB000002B12D03B689A6AFB681A60BB691B686A
:109EC00023F47C123B68D96A3B685B6B19433B689F
:109ED0001B6B0B431A43BB691A607B691B6823F039
:109EE0001F023B685B6C1A437B691A603B689B6B83
:109EF000002B09D03B681B68002B05D13B68DA6B4F
:109F00007B681B68013A1A643B689B6B002B1ED070
:109F10003B681B6CB3F1006F0AD17B681B68D3F8F8
:109F200008217B681B6822F08042C3F808210EE0FC
:109F30007B689B6AB3F1804F09D17B681B68D3F8BB
:109F400008217B681B6842F08042C3F808213B6807
:109F5000DB68002B76D03B68DB69002B44D03B6884
:109F60009B6B002B1ED0BB691A685D4B13403A688F
:109F7000D1683A68526911433A68126911433A68E4
:109F8000D26911433A68526A11433A68126A11431E
:109F90003A68926B11433A68126C0A431A43BB69E0
:109FA0001A6017E0BB691A684E4B13403A68D168D3
:109FB0003A68526911433A68126911433A68D269A2
:109FC00011433A68526A11433A68126A0A431A43C3
:109FD000BB691A603B689A683B691A607B681B68BA
:109FE0003A6892699A6465E03B689B6B002B15D0D8
:109FF000BB691A683C4B13403A68D1683A685269A9
:10A0000011433A68126911433A68926B11433A68F6
:10A01000126C0A431A43BB691A600EE0BB691B68E5
:10A0200023F03F023B68D9683B685B6919433B6892
:10A030001B690B431A43BB691A603B689A683B690A
:10A040001A6037E03B68DB69002B2ED03B689B6BC6
:10A05000002B15D0BB691A68244B13403A68D169AC
:10A060003A68526A11433A68126A11433A68926B2D
:10A0700011433A68126C0A431A43BB691A600EE036
:10A08000BB691B6823F47C523B68D9693B685B6AF7
:10A0900019433B681B6A0B431A43BB691A607B6810
:10A0A0001B683A6892699A6404E00123FB777B6835
:10A0B00008229A653B689B6B002B09D03B681B68A4
:10A0C000002B05D13B68DA6B7B681B68013A1A6488
:10A0D000FB7F18462437BD465DF8047B704700BF00
:10A0E000C0C0FFF0C0C0FFFFC0FFFFF0FFC0FFF027
:10A0F00080B485B000AF03463960FB71FB79012B5A
:10A1000024D12C4B1B6803F00203002B03D13B68C6
:10A1100000225A6002E03B6801225A60254B1B680E
:10A1200003F01003102B03D03B6800221A603AE0C2
:10A13000204B1B6803F02003202B03D13B687022C7
:10A140001A6030E03B6810221A602CE0194B1B6843
:10A1500003F00103FB60174B1B685B0803F001036E
:10A16000BB60FA68BB689A4203D03B6800225A6021
:10A1700002E03B6801225A600E4B1B6803F010039B
:10A18000102B03D03B6800221A600CE0094B1B68BF
:10A1900003F04003402B03D13B6870221A6002E0B9
:10A1A0003B6810221A6000BF1437BD465DF8047B7F
:10A1B000704700BF00B400520B460146184600F03D
:10A1C00019BA00F000B800F05FB900002DE9F047BF
:10A1D000089D0E4604460F46002B4AD194468C45F6
:10A1E000B2FA82F260D942B1C2F12003974020FA5C
:10A1F00003F30CFA02FC1F4394404FEA1C4E1FFA73
:10A200008CF6B7FBFEF1230C0EFB117743EA0743F4
:10A2100001FB06F098420AD91CEB030301F1FF375A
:10A2200080F01581984240F21281023963441B1A72
:10A23000A4B2B3FBFEF00EFB103344EA034400FB70
:10A2400006F6A6420AD91CEB040400F1FF3380F0A5
:10A250000081A64240F2FD806444023840EA014099
:10A26000A41B00211DB1D4400023C5E90043BDE873
:10A27000F0878B4205D90DB1C5E9000100210846E0
:10A28000F5E7B3FA83F1002946D1B34202D3824203
:10A2900000F2F580841A66EB030201201746002DB8
:10A2A000E5D0C5E90047E2E7002A40F09380A1EB42
:10A2B0000C034FEA1C471FFA8CFE0121B3FBF7F693
:10A2C00007FB1630230C43EA00430EFB06F09842CE
:10A2D00008D91CEB030306F1FF3802D2984200F2C2
:10A2E000D08046461B1AA4B2B3FBF7F007FB10332D
:10A2F00044EA03440EFB00FEA64508D91CEB040407
:10A3000000F1FF3302D2A64500F2B6801846A4EB56
:10A310000E0440EA0640A5E7C1F120078B4022FA6F
:10A3200007FC4CEA030C06FA01FE20FA07F426FAB1
:10A3300007F344EA0E0400FA01F84FEA1C404FEA22
:10A340001449B3FBF0FE1FFA8CF600FB1E3349EAFA
:10A3500003430EFB06F9994502FA01F20BD91CEBF7
:10A3600003030EF1FF3A80F08580994540F2828028
:10A37000AEF1020E6344A3EB0909A4B2B9FBF0F3FA
:10A3800000FB139944EA094403FB06F6A64208D9E8
:10A390001CEB040403F1FF3068D2A64266D9023BED
:10A3A000644443EA0E40A41BA0FB02E6B442734699
:10A3B000B14652D34FD05DB1B8EB030264EB090450
:10A3C00004FA07F722FA01F31F43CC40C5E90074F1
:10A3D00000214CE7C2F1200120FA01F30CFA02FC43
:10A3E00026FA01F1964033434FEA1C471FFA8CFED0
:10A3F000B1FBF7F007FB1016190C41EA064100FB10
:10A400000EF68E4204FA02F408D91CEB010100F1A9
:10A41000FF382DD28E422BD902386144891B9BB262
:10A42000B1FBF7F607FB161143EA014306FB0EF1F9
:10A43000994208D91CEB030306F1FF3814D2994264
:10A4400012D9023E63445B1A46EA004136E73946B8
:10A45000EDE6184602E7F045ADD2BEEB020366EB2F
:10A460000C060138B146A6E74646ECE7034698E7F6
:10A470004046D3E7D6467EE76444023847E70846BD
:10A480000DE7023E63442DE7024B0146186800F0D9
:10A490005DBB00BF7401002470B50F4E0C463168DF
:10A4A000054611B900F0FAFA30602146284600F05E
:10A4B000F5FA431C03D14FF0FF34204670BDC41C95
:10A4C00024F00304A042F8D0211A284600F0E6FA4E
:10A4D0000130F2D1EFE700BF740400242DE9F84306
:10A4E000CD1C25F0030508350C2D38BF0C25002D9B
:10A4F000064601DBA94204D90C2333600020BDE8E5
:10A50000F883DFF8D48000F069F8D8F800301C46F2
:10A5100044BB29463046FFF7BFFF431C044658D1D1
:10A52000D8F800402746002F43D1002C4BD0236899
:10A530003946304604EB030900F0B0FA814542D1B8
:10A5400021686D1A29463046FFF7A6FF01303AD040
:10A5500023682B442360D8F800305A6862BBC8F8DF
:10A5600000700FE02268521B20D40B2A17D9611902
:10A57000A342256018BF5960636808BFC8F800107F
:10A5800062514B60304600F02FF804F10B00231DA0
:10A5900020F00700C21A1CBF1B1AA350AFE7626865
:10A5A000A3420CBFC8F800205A60EBE7234664685A
:10A5B000AEE73C467F68B6E71A465B68A342FBD12C
:10A5C00000235360DEE70C233360304600F00CF8C4
:10A5D00094E70560D6E700BF78040024014800F046
:10A5E000A4BA00BFBC050024014800F09FBA00BF18
:10A5F000BC05002410B504460448134620B10A46A1
:10A6000002202146AFF3008010BD00BF0000000013
:10A61000002310B50446C0E90033C0E90433836069
:10A6200081814366C2818361194608225C3000F053
:10A63000F9F90D4B63620D4BA3620D4BE3620D4BB9
:10A6400023630D4B24629C4206D003F168029442BE
:10A6500002D0D0339C4205D104F15800BDE810402F
:10A6600000F062BA10BD00BF75A8000897A80008E6
:10A67000CFA80008F3A800087C040024024A03497C
:10A68000034800F069B800BF6801002485B20008E3
:10A690007801002441680C4B994210B5044601D062
:10A6A00000F0F0FDA168094B994202D0204600F06D
:10A6B000E9FDE168064B994204D02046BDE8104010
:10A6C00000F0E0BD10BD00BF7C040024E4040024C1
:10A6D0004C05002410B50B4B0B4C0C4A1A6020465D
:10A6E00000220421FFF794FF04F1680001220921F0
:10A6F000FFF78EFF04F1D0000222BDE810401221C6
:10A70000FFF786BFB40500247C0400247DA6000862
:10A71000014800F00ABA00BFBD050024014800F05E
:10A7200005BA00BFBD05002410B50446FFF7F0FFD1
:10A73000236A1BB1BDE81040FFF7F0BF044B236252
:10A74000044B1B68002BF5D1FFF7C4FFF2E700BFF5
:10A7500095A60008B40500242DE9F843074688466D
:10A7600014460026D4E90195B9F1010905D52468FC
:10A77000002CF7D13046BDE8F883AB89012B07D90F
:10A78000B5F90E30013303D029463846C047064399
:10A790006835E9E70FB407B5064904AB086853F814
:10A7A000042B8168019300F045FA03B05DF804EBD7
:10A7B00004B0704774010024036A70B584680546CC
:10A7C0000E460BB9FFF7B0FF636EDB0705D4A38914
:10A7D000980502D4A06D00F0A8F9A389190702D545
:10A7E0002369002B35D12146284600F0C5F880B3F7
:10A7F0004FF0FF35636EDA0705D4A3899B0502D4B9
:10A80000A06D00F093F9284670BD002B04DAA26910
:10A810009A4217DC0A2915D023685A1C2260197045
:10A82000A36816F8011F013BA3600029EDD1002B9E
:10A8300011DA22460A21284600F05FF80130D7D00D
:10A840000A25D7E72246284600F057F80130E7D11D
:10A85000CEE7013EE4E723685A1C22600A221A7000
:10A86000EEE70000024B01461868FFF7A5BF00BFE6
:10A870007401002410B50C46B1F90E1000F0FCF87C
:10A880000028ABBF636DA3891B1823F48053ACBFB2
:10A890006365A38110BD2DE9F0411F468B89DB055F
:10A8A00005460C46164605D5B1F90E1002230022C6
:10A8B00000F0D0F8A389B4F90E1023F48053A381DB
:10A8C00032463B462846BDE8F04100F0F7B810B5E7
:10A8D0000C46B1F90E1000F0BDF8431CA38915BF5A
:10A8E000606523F4805343F48053A38118BFA38190
:10A8F00010BDB1F90E1000F09DB8F8B50E46144623
:10A90000054618B1036A0BB9FFF70EFFA369A360F0
:10A91000A3891A0701D5236943B92146284600F0C7
:10A920002BF818B14FF0FF373846F8BD236822697D
:10A93000981A6369F6B28342374605DC21462846F9
:10A9400000F0A0FC0028EDD1A368013BA3602368C0
:10A950005A1C22601E706269431C9A4204D0A3896B
:10A96000DB07E1D50A2EDFD12146284600F08AFC1C
:10A970000028D9D0D6E7000038B5294B054618681D
:10A980000C4618B1036A0BB9FFF7CEFEB4F90C30D0
:10A99000190722D4DA0607D409222A6043F04003BB
:10A9A000A3814FF0FF3033E0580712D5616B41B1FE
:10A9B00004F14403994202D0284600F0C7F800236E
:10A9C0006363A38923F02403A381002363602369C5
:10A9D0002360A38943F00803A38123694BB9A389AA
:10A9E00003F42073B3F5007F03D02146284600F01E
:10A9F00097FCB4F90C3013F001020AD00022A260D7
:10AA000062695242A261226942B913F08000C5D145
:10AA100038BD990758BF6269A260F4E70020F7E7E4
:10AA20007401002402440346934200D1704703F8A6
:10AA3000011BF9E738B5064D0023044608462B6094
:10AA400000F0CCFC431C02D12B6803B1236038BD5D
:10AA5000B805002438B5074D0446084611460022C3
:10AA60002A601A4600F0D2FC431C02D12B6803B1C5
:10AA7000236038BDB805002438B5074D04460846A4
:10AA8000114600222A601A4600F0C8FC431C02D17D
:10AA90002B6803B1236038BDB805002438B5064DD6
:10AAA0000023044608462B6000F0C0FC431C02D182
:10AAB0002B6803B1236038BDB805002438B5074DB5
:10AAC00004460846114600222A601A4600F0BCFCE3
:10AAD000431C02D12B6803B1236038BDB8050024A4
:10AAE00070B50D4D0D4C641BA4100026A64209D173
:10AAF0000B4D0C4C00F0B0FC641BA4100026A642C9
:10AB000005D170BD55F8043B98470136EEE755F87E
:10AB1000043B98470136F2E700B8000800B8000887
:10AB200000B8000808B800087047704770470A442A
:10AB3000914200F1FF3300D1704710B511F8014B7D
:10AB400003F8014F9142F9D110BD000038B5054618
:10AB5000002941D051F8043C0C1F002BB8BFE41869
:10AB6000FFF73CFD1D4A136833B963601460284643
:10AB7000BDE83840FFF738BDA34208D92068211846
:10AB80008B4201BF19685B6809182160EDE71A461E
:10AB90005B680BB1A342FAD911685018A0420BD1DF
:10ABA00020680144501883421160E0D118685B6846
:10ABB000536008441060DAE702D90C232B60D6E713
:10ABC000206821188B4204BF19685B68636004BF6A
:10ABD000091821605460CAE738BD00BF780400241A
:10ABE0009368013B002B10B4936008DA9469A34288
:10ABF00001DB0A2903D15DF8044BFFF77EBE136821
:10AC0000581C1060197008465DF8044B7047F8B581
:10AC100006460F461446D518AC4201D1002007E085
:10AC200014F8011B3A463046FFF7DAFF431CF3D114
:10AC3000F8BD00002DE9F04F0D469DB01446984632
:10AC4000064618B1036A0BB9FFF76EFD6B6ED907A4
:10AC500005D4AB899A0502D4A86DFFF766FFAB89CE
:10AC60001B0701D52B699BB929463046FFF784FEA7
:10AC700070B16B6EDC0704D54FF0FF301DB0BDE83E
:10AC8000F08FAB899805F7D4A86DFFF74FFFF3E776
:10AC90000023099320238DF82930CDF80C80302330
:10ACA000DFF8AC818DF82A304FF0010923469A462F
:10ACB00013F8012B0AB1252AF9D1BAEB040B0BD0FA
:10ACC0005B46224629463046FFF7A1FF013000F0DF
:10ACD000A780099A5A4409929AF80030002B00F094
:10ACE0009F8000234FF0FF32CDE905230AF1010ACE
:10ACF000049307938DF853301A935446052214F8A1
:10AD0000011B5348F5F7F4FA049AD8B9D10644BFA9
:10AD100020238DF85330130744BF2B238DF8533075
:10AD20009AF800302A2B15D0079A544600204FF08D
:10AD30000A0C214611F8013B303B092B4BD9B0B12D
:10AD4000079214E0A0EB080309FA03F313430493FA
:10AD5000A246D2E7039B191D1B680391002BBBBFC2
:10AD60005B4242F0020207930793B8BF0492237834
:10AD70002E2B0AD163782A2B32D1039B1A1D1B6814
:10AD8000039243EAE37302340593DFF8D4A02178F9
:10AD900003225046F5F7ACFA38B1049BA0EB0A0049
:10ADA0004022824013430134049314F8011B2948C4
:10ADB0008DF828100622F5F79BFA00283FD0264B85
:10ADC0001BBB039B073323F0070308330393099B43
:10ADD0003B4409936AE70CFB02320C460120A8E7CA
:10ADE00000230134059319464FF00A0C204610F851
:10ADF000012B303A092A03D9002BC6D00591C4E7AC
:10AE00000CFB012104460123F0E703AB00932A4623
:10AE1000124B04A93046AFF300800746781CD6D108
:10AE20006B6ED90705D4AB899A0502D4A86DFFF7DC
:10AE30007DFEAB895B063FF51FAF09981EE703ABAC
:10AE400000932A46054B04A9304600F079F8E4E760
:10AE5000C4B70008CEB70008000000000FAC00081F
:10AE6000CAB700082DE9F047164698468A680B696C
:10AE7000DDF820909342B8BF1346336091F8432029
:10AE800007460C460AB1013333602368990642BF76
:10AE9000336802333360256815F0060506D104F1E6
:10AEA000190AE36832689B1AAB4226DC94F84330F7
:10AEB0002268003B18BF012392062BD404F1430201
:10AEC00041463846C84701301ED02368226903F046
:10AED0000603042B02BFE5683368ED1AA3680CBFB4
:10AEE00025EAE57500259342C4BF9B1AED1800269C
:10AEF0001A34B5421AD1002008E0012352464146D7
:10AF00003846C847013003D14FF0FF30BDE8F08725
:10AF10000135C6E7E1185A1C302081F8430022446D
:10AF200094F8451082F843100233C7E70123224604
:10AF300041463846C8470130E6D00136D9E700001F
:10AF40002DE9FF470F7E0C9E782F914680460C46D8
:10AF50009A4601F1430207D8622F0AD8002F00F069
:10AF6000D180582F00F0B88004F1420684F8427076
:10AF70003AE0A7F16303152BF6D801A151F823F0AD
:10AF8000D9AF0008EDAF000869AF000869AF00084D
:10AF900069AF000869AF0008EDAF000869AF0008AD
:10AFA00069AF000869AF000869AF0008EBB000089E
:10AFB00017B00008A5B0000869AF000869AF000825
:10AFC0000DB1000869AF000817B0000869AF0008AC
:10AFD00069AF0008ADB0000833681A1D1B68326005
:10AFE00004F1420684F8423001239CE03368206873
:10AFF000191D3160060601D51D6803E04506FBD525
:10B00000B3F90050002D03DA2D236D4284F843304C
:10B0100058480A2311E021683368080653F8045B96
:10B0200002D4490648BFADB26F2F5248336014BFF7
:10B030000A230823002184F843106668A660002EC6
:10B0400005DB21682E4321F0040121604BD0164618
:10B05000B5FBF3F103FB1157C75D06F8017D2F46E1
:10B06000BB420D46F4D9082B0BD12368DF0708D566
:10B07000236961689942DEBF302306F8013C06F17E
:10B08000FF36921B2261CDF800A04B4603AA214651
:10B090004046FFF7E7FE01304AD14FF0FF3004B0E1
:10B0A000BDE8F087236843F0200323603248782707
:10B0B00084F84570236831681F0651F8045B02D498
:10B0C0005F0648BFADB23160D90744BF43F02003EB
:10B0D00023601DB11023ADE72648E9E7236823F07C
:10B0E00020032360F6E71646BDE7336825686169EB
:10B0F000181D30602E061B6801D5196002E0680635
:10B10000FBD51980002323611646BCE733681A1D5E
:10B1100032601E68626800213046F5F7E9F808B130
:10B12000801B606063682361002384F84330AAE7D2
:10B130002369324649464046D0470130ADD02368A6
:10B140009B0713D4E068039B9842B8BF1846A6E754
:10B150000123324649464046D04701309DD0013553
:10B16000E36803995B1AAB42F2DCEBE7002504F1DC
:10B170001906F5E7D5B70008E6B70008B1F90C20C5
:10B180002DE9F041160705460C4654D44B68002BB8
:10B1900002DC0B6C002B48DDE66A002E45D0002354
:10B1A00012F480522F68216A2B6030D0626DA3891F
:10B1B000590705D56368D21A636B0BB1236CD21A99
:10B1C0000023E66A216A2846B047431CA38906D1BA
:10B1D00029681D292BD82A4ACA40D60727D500221C
:10B1E0006260D9042269226004D5421C01D12B6817
:10B1F00003B96065616B2F60B9B104F144039942F2
:10B2000002D02846FFF7A2FC002363630DE0012370
:10B210002846B0470246501CC9D12B68002BC6D027
:10B220001D2B01D0162B1ED12F60002022E043F0F1
:10B2300040031BB21BE00F69002FF6D093070E6886
:10B2400008BF4B690F6018BF0023A6EB07088B608F
:10B25000B8F1000FE9DD216AA66A43463A4628465E
:10B26000B047002808DCB4F90C3043F04003A38158
:10B270004FF0FF30BDE8F0810744A8EB0008E7E796
:10B280000100402038B50B6905460C4613B900256E
:10B29000284638BD18B1036A0BB9FFF745FAB4F96F
:10B2A0000C30002BF3D0626ED00704D4990502D481
:10B2B000A06DFFF73AFC28462146FFF75FFF636E5B
:10B2C000DA070546E4D4A3899B05E1D4A06DFFF716
:10B2D0002DFCDDE770B50C46B1F90E10002996B0D3
:10B2E00015461E460DDAA38913F0800F4FF00001BA
:10B2F00014BF40234FF48063002031602B6016B0F0
:10B3000070BD6A4600F048F80028ECDB019901F4B2
:10B310007041A1F50053594259414FF48063EBE766
:10B320008B89F7B59D0706460C4607D504F1470300
:10B33000236023610123636103B0F0BD01AB6A4662
:10B34000FFF7C8FF009F054639463046FFF7C6F8AD
:10B3500048B9B4F90C309A05EED423F0030343F056
:10B360000203A381E2E7A389206043F08003A38165
:10B37000019BC4E904075BB1B4F90E10304600F03C
:10B380001DF828B1A38923F0030343F00103A3812F
:10B39000A3891D43A581CFE738B5074D0023044697
:10B3A000084611462B6000F021F8431C02D12B689F
:10B3B00003B1236038BD00BFB805002438B5064D81
:10B3C0000023044608462B6000F018F8431C02D105
:10B3D0002B6803B1236038BDB8050024024B582206
:10B3E0001A604FF0FF307047B8050024024B582216
:10B3F0001A604FF0FF307047B8050024024B582206
:10B400001A600020704700BFB8050024024B582284
:10B410001A604FF0FF307047B8050024024B5822E5
:10B420001A604FF0FF307047B8050024044A054900
:10B430001368002B08BF0B4618441060184670476D
:10B44000C005002400000020024B58221A604FF073
:10B45000FF307047B8050024F8B500BFF8BC08BC41
:10B460009E467047F8B500BFF8BC08BC9E467047C2
:10B470000D0A0D0A3D3D3D20426F6F746C6F616493
:10B4800065722053746172746564203D3D3D0D000A
:10B49000585350493220496E697469616C697A6504
:10B4A000642E0D004558544D454D5F496E6974201A
:10B4B0007374617475733A20256C640D0A00000082
:10B4C0004661696C656420746F206D6170206578D9
:10B4D0007465726E616C20666C61736821204861CE
:10B4E0006C74696E672E0D0045787465726E616CC0
:10B4F00020466C617368206D617070656420746FA4
:10B50000203078253038582E0D0A00004A756D70AD
:10B51000696E6720746F204170706C696361746933
:10B520006F6E2E2E2E0D00004170706C6963617479
:10B53000696F6E204D53503A2030782530386C5862
:10B540000D0A00004170706C69636174696F6E2050
:10B5500052657365742048616E646C65723A203080
:10B56000782530386C580D0A0000000000080402ED
:10B570000408040609080914090A0910000021003A
:10B5800032004200500064008500A600C800FA00A6
:10B590000A014D01900100000D0A3D3D3D3D3D3D3C
:10B5A0003D3D3D3D3D3D3D3D3D3D3D3D3D3D3D3DCB
:10B5B0003D3D3D3D3D3D3D3D3D3D3D3D3D3D3D3DBB
:10B5C0003D3D0D0021212120484152444641554C2A
:10B5D00054204445544543544544202121210D0025
:10B5E000504320203D2030782530386C580D0A001B
:10B5F0004C5220203D2030782530386C580D0A0000
:10B60000523020203D2030782530386C5820205290
:10B610003120203D2030782530386C580D0A00004C
:10B62000523220203D2030782530386C582020526E
:10B630003320203D2030782530386C580D0A00002A
:10B64000523132203D2030782530386C582020503F
:10B650005352203D2030782530386C580D0A0000B8
:10B660005343422D3E43465352203D2030782530EF
:10B67000386C580D0A0000005343422D3E48465393
:10B6800052203D2030782530386C580D0A000000DB
:10B690005343422D3E4D4D4641523D20307825309A
:10B6A000386C580D0A0000005343422D3E4246417B
:10B6B00052203D2030782530386C580D0A000000AB
:10B6C0003D3D3D3D3D3D3D3D3D3D3D3D3D3D3D3DAA
:10B6D0003D3D3D3D3D3D3D3D3D3D3D3D3D3D3D3D9A
:10B6E0003D3D3D3D3D3D3D3D0D0000000D0A21210C
:10B6F0002120535441434B204F564552464C4F57FF
:10B7000020444554454354454420696E2074617378
:10B710006B3A202573202121210D0A000102030428
:10B720000607080910000001A00F00FA1000000031
:10B7300000010000A00F000000FA0000000000005F
:10B7400000000000000000000000000000000000F9
:10B7500000000000000000000000000000000000E9
:10B7600000000000000000000000000000000000D9
:10B770000000000000000000000000001D33000871
:10B780004133000899390008B9390008D93900084F
:10B79000F93900080000000000000000993200089C
:10B7A000BD320008E33A0008153B00080100020022
:10B7B0000400060008000A000C00100020004000F1
:10B7C00080000001232D302B2000686C4C00656642
:10B7D00067454647003031323334353637383941E2
:10B7E00042434445460030313233343536373839F8
:08B7F0006162636465660000FC
:08B7F800F84AFF7F0100000088
:08B80000F9030008B133000850
:04B80800D103000860
:10B80C000000000000000000E40100240300000020
:10B81C0080F0FA02000000000000000000000000B0
:10B82C00000000000000000000000000000000000C
:10B83C0000000000000000000000000000000000FC
:10B84C0000000000000000000000000000000000EC
:10B85C0000000000000000000000000000000000DC
:10B86C0000000000000000000000000000000000CC
:10B87C0000000000000000000000000000000000BC
:10B88C0000000000000000000000000000000000AC
:10B89C00000000000000000000000000000000009C
:10B8AC00000000000000000000000000000000008C
:10B8BC00000000000000000000000000000000007C
:10B8CC00000000000000000000000000000000006C
:10B8DC00000000000000000000000000000000005C
:10B8EC00000000000000000000000000000000004C
:10B8FC00000000000000000000000000000000003C
:10B90C00000000000000000000000000000000002B
:10B91C00000000000000000000000000000000001B
:10B92C00000000000000000000000000000000000B
:10B93C0000000000000000000000000000000000FB
:10B94C0000000000000000000000000000000000EB
:10B95C000000000000000000000000000090D00378
:10B96C0010000000010000000000000003000000B7
:10B97C007C04002478010024000000007C040024D6
:10B98C00E40400244C05002400000000000000002A
:10B99C00000000000000000000000000000000009B
:10B9AC00000000000000000000000000000000008B
:10B9BC00000000000000000000000000000000007B
:04B9CC000000000077
:040000050800353189
:00000001FF
