:0200000470008A
:1000000000000120F50C0070450D0070450D0070DA
:10001000450D0070450D0070450D0070000000009A
:100020000000000000000000000000009D9500702E
:10003000450D007000000000C9960070E50F0070CB
:10004000450D007000000000450D0070450D00706A
:10005000450D0070450D007000000000000000001C
:10006000450D0070450D0070450D0070000000004A
:1000700000000000450D00700000000000000000BE
:10008000450D0070450D0070450D0070450D007068
:10009000450D0070450D0070450D0070450D007058
:1000A000450D0070450D0070450D0070450D007048
:1000B000450D0070450D0070450D0070450D007038
:1000C000450D0070450D0070450D0070450D007028
:1000D000450D0070450D0070450D0070450D007018
:1000E000450D0070450D0070450D0070450D007008
:1000F000450D0070450D0070450D0070450D0070F8
:10010000450D0070450D0070450D0070450D0070E7
:10011000450D0070450D0070450D0070450D0070D7
:10012000450D0070450D0070450D0070450D0070C7
:10013000450D0070450D0070450D0070450D0070B7
:10014000450D0070450D0070450D0070450D0070A7
:10015000450D0070450D0070450D0070450D007097
:10016000450D0070450D0070450D0070450D007087
:10017000450D0070450D0070450D0070450D007077
:10018000450D0070450D0070450D0070450D007067
:10019000450D0070450D0070450D0070450D007057
:1001A000450D0070450D0070450D0070450D007047
:1001B000ED100070450D0070450D0070450D00708C
:1001C0000000000000000000450D0070450D0070AB
:1001D000450D0070450D0070450D0070450D007017
:1001E000450D0070450D0070450D0070450D007007
:1001F000450D0070450D007000000000000000007B
:10020000450D0070450D0070450D0070450D0070E6
:10021000450D0070450D0070450D0070450D0070D6
:10022000450D0070450D0070450D0070450D0070C6
:10023000450D0070450D0070450D0070450D0070B6
:10024000450D0070450D0070450D0070450D0070A6
:10025000450D0070450D0070450D0070450D007096
:10026000450D0070450D0070450D0070450D007086
:10027000450D0070450D0070450D0070450D007076
:10028000450D0070450D0070450D0070450D007066
:10029000450D00700000000000000000000000009C
:1002A000450D0070450D0070450D0070450D007046
:1002B00053B94AB9002908BF00281CBF4FF0FF31CD
:1002C0004FF0FF3000F00CB8ADF1080C6DE904CE32
:1002D0000FF05AFFDDF804E0DDE9022304B07047B7
:1002E000704700BF00000000000000000000000098
:1002F00001F0FF01102A2BDB10F0070F08D010F8D7
:10030000013B013A8B422DD010F0070F42B3F6D1DA
:10031000F0B441EA012141EA014122F007047FF0F3
:1003200000070023F0E80256083C85EA010586EA4A
:10033000010685FA47F5A3FA87F586FA47F6A5FA86
:1003400087F68EB9EED1F0BC01F0FF0102F0070292
:1003500032B110F8013B013A83EA010313B1F8D13D
:100360000020704701387047002D06BF354603381E
:10037000073815F0010F07D1013015F4807F02BF57
:10038000013015F4C03F0130F0BC0138704700BFA8
:100390000348044B834202D0034B03B11847704714
:1003A0007800002478000024000000000548064B77
:1003B0001B1AD90F01EBA301491002D0034B03B163
:1003C00018477047780000247800002400000000DF
:1003D00010B5064C237843B9FFF7DAFF044B13B18D
:1003E0000448AFF300800123237010BD780000247F
:1003F000000000004416017008B5054B1BB105490B
:100400000548AFF30080BDE80840FFF7CFBF00BF4D
:10041000000000007C0000244416017080B588B004
:1004200000AF07F10C0300221A605A609A60DA608C
:100430001A612A4BD3F84831284A43F48023C2F882
:100440004831264BD3F84831BB60BB68234BD3F807
:100450004031224A43F00803C2F840311F4BD3F821
:1004600040317B607B684FF44073FB6002233B614B
:1004700000237B610023BB610723FB6107F10C03B1
:100480001946174803F074FE164B174A1A60154BAD
:100490004FF4E1325A60134B00229A60114B002254
:1004A000DA60104B00221A610E4B0C225A610D4B80
:1004B00000229A610B4B0022DA610A4B00221A6279
:1004C000084B00225A62074B00229A62054806F048
:1004D00059F900BF2037BD4680BD00BF0044025817
:1004E000000C0258940000240048004080B584B0FD
:1004F00000AFF860B9607A607B689AB24FF0FF3362
:10050000B968044806F098F97B6818461037BD466C
:1005100080BD00BF9400002480B483B000AF786039
:10052000044A7B681A607B6818460C37BD465DF844
:10053000047B70477019017080B582B000AF78609D
:100540007868FFF7E9FF042178680FF00AFE7B68FE
:1005500018460837BD4680BD80B582B000AF7860D0
:10056000054A7B681A607B681846FFF7D5FF7B68F1
:1005700018460837BD4680BDB819017080B582B0F5
:1005800000AF78607868FFF7E7FF0C2178680FF01C
:10059000E8FD7B6818460837BD4680BD80B483B04F
:1005A00000AF7860044A7B681A607B6818460C3795
:1005B000BD465DF8047B70475C19017080B582B060
:1005C00000AF78607868FFF7E9FF042178680FF0E2
:1005D000C8FD7B6818460837BD4680BD80B582B02F
:1005E00000AF7860054A7B681A607B681846FFF7A1
:1005F000D5FF7B6818460837BD4680BDA419017039
:1006000080B582B000AF78607868FFF7E7FF0C2113
:1006100078680FF0A6FD7B6818460837BD4680BD98
:1006200080B582B000AF7860054A7B681A607B684D
:100630001846FFF7B3FF7B6818460837BD4680BDF4
:100640009019017080B582B000AF78607868FFF7CC
:10065000E7FF082178680FF084FD7B6818460837AB
:10066000BD4680BD80B588B002AF00F0B3FAFFF799
:10067000D5FE8D4810F022F98C4BD3F840318B4ACF
:1006800043F00803C2F84031884BD3F840313B6057
:100690003B683B1D00221A605A609A60DA601A615A
:1006A0004FF480637B600123BB600023FB60002369
:1006B0003B613B1D19467E4803F05AFD7D4B1B688C
:1006C000BFF35B8F03F00103002B0CBF012300235A
:1006D000DBB2002B18D077480FF045FD0346002B06
:1006E00014BF01230023DBB2002B0DD04FF4806236
:1006F0006F49714800F098FC704A71496E480FF0DC
:100700002BFD6C480FF03BFD6E4B1B68BFF35B8FFE
:1007100003F00103002B0CBF01230023DBB2002BED
:1007200018D068480FF01FFD0346002B14BF0123AB
:100730000023DBB2002B0DD04FF4FA725E49624801
:1007400000F09CF95D4A61495F480FF005FD5D4886
:100750000FF015FD5E4B1B68BFF35B8F03F00103C9
:10076000002B0CBF01230023DBB2002B1BD0584809
:100770000FF0F9FC0346002B14BF01230023DBB26A
:10078000002B10D0032300934FF48073514A4E493D
:10079000514801F093FB494A50494F480FF0DCFCA7
:1007A0004B480FF0ECFC4E4B1B68BFF35B8F03F024
:1007B0000103002B0CBF01230023DBB2002B15D05B
:1007C00047480FF0D0FC0346002B14BF0123002341
:1007D000DBB2002B0AD0434800F062FE374A4249A0
:1007E00040480FF0B9FC3E480FF0C9FC3F4B3D4A72
:1007F0001A603F4B1B68BFF35B8F03F00103002BB4
:100800000CBF01230023DBB2002B16D038480FF0B9
:10081000AAFC0346002B14BF01230023DBB2002BEC
:100820000BD03049334800F0B5F8244A32493148FA
:100830000FF092FC2E480FF0A2FC304B1B68BFF368
:100840005B8F03F00103002B0CBF01230023DBB2FD
:10085000002B1BD029480FF086FC0346002B14BF49
:1008600001230023DBB2002B10D0042300934FF4AC
:100870008063234A1F49234801F020FB0F4A174990
:1008800020480FF069FC1D480FF079FC124801F078
:1008900065FB1C4801F062FB07F092F90023184643
:1008A0001837BD4680BD00BF5C1601700044025879
:1008B000000C025834010024280100240000002408
:1008C000590500704401002438010024DD05007042
:1008D000600100248816017048010024051F007083
:1008E0001C02002464010024CD140070DC89002463
:1008F0002802002420020024210600704402002463
:10090000941601702C02002480B58AB004AF786080
:1009100012480FF0D3FF124B7B616FF07F433B61B6
:10092000104BFB6007F10C0307F1100207F11401F3
:100930000D4802900D480190002000900C480CF0EA
:1009400087FD0B480CF006FE09480CF016FE08481F
:100950000CF006FE00BF1837BD4680BDA016017022
:10096000C0A8016FC0A80101BDF5007075F7007047
:100970004802002480B483B000AF7860044A7B68EA
:100980001A607B6818460C37BD465DF8047B7047DB
:100990005C19017080B582B000AF786039607B6807
:1009A0001846FFF7E7FF054A7B681A607B683A68DC
:1009B0005A607B6818460837BD4680BD90190170A3
:1009C00080B584B000AF786025480FF077FF7B6872
:1009D0005B681B6808331B687A6852681046984742
:1009E000034683F00103DBB2002B04D01D480FF057
:1009F00065FF00BFFDE77B685B681B681C331B68F5
:100A00007A68526810469847F860F96816480FF0FF
:100A1000E5FE16480FF052FF02E02E200FF0F0FE28
:100A20007B685B681B6820331B687A6852684FF4E8
:100A30007A7110469847034683F00103DBB2002B1E
:100A4000EBD10B480FF03AFF00210A480EF0F0FD01
:100A500009480EF0BFFE0A2006F012FF00BFF7E7BC
:100A6000BC160170D8160170F816017018170170C5
:100A70003C170170090900704802002480B584B059
:100A800000AFF860B9607A60FB681846FFF772FF44
:100A9000064AFB681A60FB68BA685A60FB687A68A5
:100AA0009A60FB6818461037BD4680BDA4190170D6
:100AB00080B584B000AF78600023FB737B685B680F
:100AC0001B6810331B687A68526810469847FB7B96
:100AD00083F00103FB73FB7B002B04D04FF47A708F
:100AE00001F09AFAEAE74FF47A6001F095FAE5E747
:100AF00080B400AF00BFBD465DF8047B704780B591
:100B000086B000AF3B1D00221A605A609A60DA601E
:100B100001F0DCFC0023FB7506E0FB7D184601F0CC
:100B2000F3FCFB7D0133FB75FB7D0F2BF5D9012316
:100B30003B7100237B710023BB601F233B73872322
:100B40007B730023BB730023FB7301233B740023DF
:100B50007B740023BB740023FB743B1D184601F01B
:100B6000E9FC01237B714FF0E043BB601A233B7328
:100B700000237B730123BB730323FB7300233B74AC
:100B800000237B740123BB740123FB743B1D1846B7
:100B900001F0D0FC02237B714FF04053BB600E2369
:100BA0003B7300237B730023BB730323FB7301237D
:100BB0003B7400237B740023BB740023FB743B1D38
:100BC000184601F0B7FC042001F05EFC00BF1837A6
:100BD000BD4680BD80B584B000AFFFF790FF404BAD
:100BE0005B6903F40033002B14BF01230023DBB245
:100BF000002B1BD1BFF34F8F00BFBFF36F8F00BF20
:100C0000374B0022C3F85022BFF34F8F00BFBFF312
:100C10006F8F00BF324B5B69314A43F4003353613D
:100C2000BFF34F8F00BFBFF36F8F00E000BF2C4BAF
:100C30005B6903F48033002B14BF01230023DBB274
:100C4000002B42D1264B0022C3F88420BFF34F8FE4
:100C500000BF234BD3F88030FB60FB685B0BC3F312
:100C60000E03BB60FB68DB08C3F309037B60BB6852
:100C70005A0143F6E07313407A6892071849134308
:100C8000C1F860327B685A1E7A60002B14BF0123C2
:100C90000023DBB2002BEAD1BB685A1EBA60002BDE
:100CA00014BF01230023DBB2002BDBD1BFF34F8F36
:100CB00000BF0B4B5B690A4A43F480335361BFF3B7
:100CC0004F8F00BFBFF36F8F00E000BF01F0EBF963
:100CD000FFF70EFF00F04EF800BF1037BD4680BD95
:100CE00000ED00E080B400AF00BFBD465DF8047BBE
:100CF000704700000D48854600F026F80C480D4965
:100D00000D4A002302E0D458C4500433C4188C4266
:100D1000F9D30A4A0A4C002301E013600432A242CC
:100D2000FBD30FF019FFFFF79DFCFEE70000012049
:100D30000000002478000024EC33017078000024C7
:100D4000E8340124FEE7000080B400AF074B084AF6
:100D50009A60064BD3F88830044A43F47003C2F813
:100D6000883000BFBD465DF8047B704700ED00E0B1
:100D70000000007080B489B000AF924B1B6903F093
:100D80003803182B00F2FB8001A252F823F000BFB9
:100D9000F50D00707F0F00707F0F00707F0F0070E7
:100DA0007F0F00707F0F00707F0F00707F0F00704B
:100DB000090E00707F0F00707F0F00707F0F0070B2
:100DC0007F0F00707F0F00707F0F00707F0F00702B
:100DD0000F0E00707F0F00707F0F00707F0F00708C
:100DE0007F0F00707F0F00707F0F00707F0F00700B
:100DF000150E0070734B1B68DB0803F00303724A87
:100E000022FA03F3FB61C4E0704BFB61C1E0704B5D
:100E1000FB61BEE06B4B9B6A03F003033B61694BD4
:100E20009B6A1B0903F03F03FB60664BDB6A03F020
:100E30000103002B0BD0634B5B6BDB08C3F30C038C
:100E400007EE903AF8EE677AC7ED067A02E04FF0C7
:100E50000003BB61FB68002B00F08E803B69012B17
:100E600024D03B69022B43D1FB6807EE903AF8EEA1
:100E7000677ADFED586A86EEA77A524B1B6BC3F395
:100E8000080307EE903AF8EE676A97ED066ADFED21
:100E9000525AC6EE257A76EEA77AF7EE006A77EE1A
:100EA000A67A67EE277AC7ED057A4FE0FB6807EE72
:100EB000903AF8EE677ADFED496A86EEA77A414B01
:100EC0001B6BC3F3080307EE903AF8EE676A97EDE1
:100ED000066ADFED415AC6EE257A76EEA77AF7EE7E
:100EE000006A77EEA67A67EE277AC7ED057A2DE0DD
:100EF000344B1B68DB0803F00303334A22FA03F385
:100F0000BB60BB6807EE903AF8EE676AFB6807EED5
:100F1000903AF8EE677A86EEA77A2A4B1B6BC3F3FA
:100F2000080307EE903AF8EE676A97ED066ADFED80
:100F30002A5AC6EE257A76EEA77AF7EE006A77EEA1
:100F4000A67A67EE277AC7ED057A00BF1D4B1B6BAB
:100F50005B0A03F07F0301337B607B6807EE903A06
:100F6000B8EE677AD7ED056AC6EE877AFCEEE77AC7
:100F700017EE903AFB610CE00023FB6109E0114B96
:100F80001B68DB0803F003030F4A22FA03F3FB613B
:100F900000BF0C4B9B6903F00F033B603B68072BC2
:100FA00007D93B68073BFA6922FA03F30C4A13603E
:100FB00002E00B4AFB69136000BF2437BD465DF8B1
:100FC000047B7047004402580090D00300093D00A4
:100FD00000366E01001BB74B000000460024744A27
:100FE0000400002480B500AF01F0B2F807F0BAFAAF
:100FF0000346012B14BF01230023DBB2002B01D0D9
:1010000008F096FB00BF80BD80B483B000AF78606D
:10101000044A7B681A607B6818460C37BD465DF849
:10102000047B70477019017080B584B000AFF86020
:10103000B9601346FB80FB681846FFF7E5FF074AD7
:10104000FB681A60FB68BA685A60FB68FA881A8104
:10105000FB6818461037BD4680BD00BFB819017047
:1010600080B582B000AF78607B6858687B681B8968
:101070000122194603F0B8FA00BF0837BD4680BD0B
:1010800080B582B000AF78607B6858687B681B8948
:101090000022194603F0A8FA00BF0837BD4680BDFC
:1010A00080B582B000AF78607B685A687B681B8926
:1010B0001946104603F0B0FA00BF0837BD4680BDA0
:1010C00080B582B000AF78607B685A687B681B8906
:1010D0001946104603F070FA0346012B0CBF01239A
:1010E0000023DBB218460837BD4680BD80B500AF8F
:1010F000054B1B68002B04D0034B1B68184601F0FE
:10110000BBFD00BF80BD00BF7C02002480B5DAB00B
:1011100000AF07F5B473A3F5B273186007F5B473A5
:10112000A3F5B2731B681B689C4A934240F0308160
:1011300007F5AA7300221A605A609A60DA601A6191
:1011400007F5B473A3F5B073184690231A4600212F
:101150000FF0A4FC07F198039C22002118460FF021
:101160009DFC0023C7F898300223C7F80C310023F8
:10117000C7F810310423C7F814311923C7F8183100
:101180000223C7F81C310223C7F820310223C7F815
:1011900024310823C7F828310223C7F82C31002353
:1011A000C7F8303107F19803184603F04FFA07F5F6
:1011B000B473A3F5B0714FF4C0724FF00003C1E9EE
:1011C000002307F5B473A3F5B07300225A6207F544
:1011D000B473A3F5B0734FF480229A6207F1080349
:1011E000184604F0DDF96E4BD3F838316C4A43F4FD
:1011F0000043C2F838316A4BD3F83831C7F8503160
:10120000D7F85031664BD3F83831654A43F4803310
:10121000C2F83831624BD3F83831C7F84C31D7F8BF
:101220004C315F4BD3F838315D4A43F40033C2F898
:1012300038315B4BD3F83831C7F84831D7F84831EB
:10124000574BD3F84031564A43F00103C2F84031BE
:10125000534BD3F84031C7F84431D7F84431504BA1
:10126000D3F840314E4A43F00203C2F840314C4BB0
:10127000D3F84031C7F84031D7F84031484BD3F864
:101280004031474A43F04003C2F84031444BD3F861
:101290004031C7F83C31D7F83C31414BD3F84031AD
:1012A0003F4A43F00803C2F840313D4BD3F8403188
:1012B000C7F83831D7F83831394BD3F85431384A78
:1012C00043F00203C2F85431354BD3F85431C7F818
:1012D0003431D7F834311023C7F854310223C7F81A
:1012E00058310023C7F85C310223C7F860310B2363
:1012F000C7F8643107F5AA7319462A4802F038FF87
:101300004023C7F854310223C7F858310023C7F8E7
:101310005C310223C7F860310B23C7F8643107F54D
:10132000AA731946204802F023FF43F67003C7F85A
:1013300054310223C7F858310023C7F85C31022327
:10134000C7F860310B23C7F8643107F5AA73194653
:10135000164802F00DFF8423C7F854310223C7F862
:1013600058310023C7F85C310223C7F860310B23E2
:10137000C7F8643107F5AA7319460D4802F0F8FE64
:10138000002205215C2001F03CF85C2001F053F8BC
:1013900000BF07F5B477BD4680BD00BF00800240A6
:1013A00000440258000C0258000402580018025869
:1013B0000000025880B582B000AF78607B681B687F
:1013C000194A93422BD1194BD3F83831174A23F4D9
:1013D0000043C2F83831154BD3F83831134A23F49F
:1013E0008033C2F83831114BD3F838310F4A23F427
:1013F0000033C2F8383110210D4803F019F84021AC
:101400000C4803F015F843F670010B4803F010F890
:1014100084210A4803F00CF85C2001F01AF800BFA0
:101420000837BD4680BD00BF00800240004402581E
:10143000000C02580004025800180258000002581C
:1014400080B483B000AF7860044A7B681A607B6820
:1014500018460C37BD465DF8047B7047081A0170CA
:1014600080B483B000AF7860044A7B681A607B6800
:1014700018460C37BD465DF8047B7047081A0170AA
:1014800080B582B000AF78607868FFF7E9FF04218B
:1014900078680EF066FE7B6818460837BD4680BD4A
:1014A00080B582B000AF78607B681846FFF7C8FF50
:1014B000054A7B681A607B68002283F8B4207B6849
:1014C00018460837BD4680BDD819017080B582B076
:1014D00000AF7860084A7B681A607B68043318465E
:1014E00001F06AF97B681846FFF7BAFF7B68184677
:1014F0000837BD4680BD00BFD819017080B582B0E5
:1015000000AF78607868FFF7E1FFB82178680EF0E7
:1015100028FE7B6818460837BD4680BD80B5AEB052
:1015200000AF7860B04BD3F83C31AF4A43F0005382
:10153000C2F83C31AC4BD3F83C31FB60FB6807F19F
:10154000900300221A605A609A60DA6000F0BEFFD1
:10155000012387F89030072387F891304FF04053EC
:10156000C7F894300E2387F89830002387F8993015
:10157000012387F89A30032387F89B30012387F8EB
:101580009C30012387F89D30002387F89E3000238C
:1015900087F89F3007F19003184600F0CBFF042036
:1015A00000F072FF914B0022C3F88420BFF34F8FED
:1015B00000BF8E4BD3F88030C7F8A830D7F8A830DA
:1015C0005B0BC3F30E03C7F8A430D7F8A830DB08D1
:1015D000C3F30903C7F8A030D7F8A4305A0143F683
:1015E000E0731340D7F8A020920780491343C1F855
:1015F0007432D7F8A0305A1EC7F8A020002B14BFB1
:1016000001230023DBB2002BE6D1D7F8A4305A1E09
:10161000C7F8A420002B14BF01230023DBB2002B4A
:10162000D3D1BFF34F8F00BFBFF36F8F00BF00BF99
:10163000BFF34F8F00BFBFF36F8F00BF6C4A07F13E
:10164000880392E803001860043319807B68694AB4
:101650005A607B6807F188029A607B6801221A73DE
:101660007B68654A1A617B68644A5A617B684FF4FB
:10167000C0629A617B680433614A13605B4B00224D
:10168000C3F88420BFF34F8F00BF584BD3F880308E
:10169000C7F8B430D7F8B4305B0BC3F30E03C7F808
:1016A000B030D7F8B430DB08C3F30903C7F8AC3067
:1016B000D7F8B0305A0143F6E0731340D7F8AC20A6
:1016C00092074A491343C1F87432D7F8AC305A1E16
:1016D000C7F8AC20002B14BF01230023DBB2002B82
:1016E000E6D1D7F8B0305A1EC7F8B020002B14BF8F
:1016F00001230023DBB2002BD3D1BFF34F8F00BFF8
:10170000BFF36F8F00BF00BF7B680433184600F043
:1017100057FF0346002B14BF01230023DBB2002B2D
:1017200001D000235CE00023C7F884307B68181DDB
:1017300007F184030022002101F0CFFB0346002BB8
:101740000CBF01230023DBB2002B10D0D7F884306C
:1017500043F40043C7F884307B68181DD7F8843001
:101760000022002101F00EFC322000F011FD7B6808
:10177000043307F120021146184601F057FC0346D6
:10178000002B0CBF01230023DBB2002B0DD04FF444
:101790000053BB634FF480437B637B68043307F1E2
:1017A00020021146184601F015FE7B68043307F14C
:1017B00010021146184601F0C3FE0346002B0CBF71
:1017C00001230023DBB2002B09D001233B747B688B
:1017D000043307F110021146184601F065FE01239B
:1017E0001846B837BD4680BD0044025800ED00E001
:1017F0005417017000800240601800300000003073
:101800007C02002480B483B000AF78600B4B1A6870
:1018100013465B0013445B02094A1A447B681A6052
:10182000064B1B68013303F00303044A136000BF37
:101830000C37BD465DF8047B704700BF8002002472
:101840006000003080B59EB000AF786039603B68C2
:101850001B89B3F5C06F01D90023A1E03B681A8949
:1018600000235149386808F009FC4F4B23F01F034F
:101870007B673B681B891A467B6FD21A4A4B1F3322
:10188000134423F01F033B677A6F3B6FFA65BB6518
:10189000BB6D002B1DDDFB6D03F01F02BB6D134400
:1018A0007B65FB6D3B65BFF34F8F00BF3F4A3B6DD0
:1018B000C2F868323B6D20333B657B6D203B7B6516
:1018C0007B6D002BF2DCBFF34F8F00BFBFF36F8F38
:1018D00000BF00BF344B7B643B681B89BB640023A3
:1018E000FB6407F10C033822002118460FF0D6F8EC
:1018F0002023FB600023FB613B681B893B6107F1F0
:1019000044037B612A4BFB666023BB66BB6E002BE6
:101910001DDDFB6E03F01F02BB6E13447B66FB6E86
:101920003B66BFF34F8F00BF204A3B6EC2F8683260
:101930003B6E20333B667B6E203B7B667B6E002BD1
:10194000F2DCBFF34F8F00BFBFF36F8F00BF00BF4C
:101950003B681B89194617480EF040FF7B6804332B
:1019600007F10C016422184600F09CFF0346002B8F
:1019700014BF01230023DBB2002B0DD07B68D3F80A
:101980008C107B68D3F890207B68D3F888300A48A5
:101990000EF024FF002303E008480EF08FFF012320
:1019A00018467837BD4680BDC018003000ED00E015
:1019B000601800305C17017070170170A817017073
:1019C00080B58CB000AFF860B9607A607B807B88AE
:1019D0007A68FA61BB61BB69002B1DDDFB6903F00E
:1019E0001F02BB6913447B61FB693B61BFF34F8FEF
:1019F00000BF284A3B69C2F85C323B6920333B6137
:101A00007B69203B7B617B69002BF2DCBFF34F8F4E
:101A100000BFBFF36F8F00BF00BF7B884FF4C17260
:101A20001946002008F066F9B862BB6A002B05D0A1
:101A30007B881A467968B86A08F04EFBFB687B62BF
:101A4000BB683B62BB6A002B20D07B6A1B68002B03
:101A500003D17B6ABA6A1A6003E03B6A1B68BA6A00
:101A60001A603B6ABA6A1A607B6A1B68FB6209E00B
:101A7000FB6A1A897B8813449AB2FB6A1A81FB6A53
:101A80001B68FB62FB6A002BF2D100E000BF30371D
:101A9000BD4680BD00ED00E080B58CB000AF786041
:101AA0000023FB603E4BFB626023BB62BB6A002BE2
:101AB0001DDDFB6A03F01F02BB6A13447B62FB6AF5
:101AC0003B62BFF34F8F00BF364A3B6AC2F85C32BD
:101AD0003B6A20333B627B6A203B7B627B6A002B44
:101AE000F2DCBFF34F8F00BFBFF36F8F00BF00BFAB
:101AF00040E0FB68002B17D0FB681B8919462A4879
:101B00000EF06CFE294B1B69FA682849104698476D
:101B10000346002B14BF01230023DBB2002B03D0AC
:101B2000FB68184608F09AF81D4BFB616023BB6107
:101B3000BB69002B1DDDFB6903F01F02BB69134469
:101B40007B61FB693B61BFF34F8F00BF154A3B6967
:101B5000C2F868323B6920333B617B69203B7B6183
:101B60007B69002BF2DCBFF34F8F00BFBFF36F8F99
:101B700000BF00BF7B68043307F10C021146184612
:101B800000F027FF0346002B0CBF01230023DBB22C
:101B9000002BAED100BF00BF3037BD4680BD00BFB7
:101BA0000000003000ED00E0B8170170480200248A
:101BB00080B584B000AF78600023FB607B68181D9F
:101BC00007F10C030122002101F087F90346002BE5
:101BD0000CBF01230023DBB2002B08D0FB6803F00D
:101BE0000403002B14BF01230023DBB200E0002319
:101BF00018461037BD4680BD80B584B000AF786010
:101C00000023FB600023BB607B68181D07F10C03F9
:101C10000222002101F061F90346002B14BF0123C9
:101C20000023DBB2002B02D04FF0FF3316E07B68BD
:101C3000181D07F108030322002101F04EF90346A5
:101C4000002B14BF01230023DBB2002B02D04FF086
:101C5000FF3303E0FB681A04BB68134318461037D0
:101C6000BD4680BD80B586B000AF7860396000F0B9
:101C700083FA38610023FB604AE07B68181D07F196
:101C80000C030122002101F028F90346002B0CBFB0
:101C900001230023DBB2002B37D0FB6803F00403E1
:101CA000002B32D0FB6803F02003002B2DD02148FD
:101CB0000EF004FE00237B611AE00023BB607B680A
:101CC000181D7A6907F10803002101F006F903469F
:101CD000002B0CBF01230023DBB2002B05D0BB6817
:101CE0001A46796914480EF079FD7B6901337B61EE
:101CF0007B691F2BE1DD11480EF0E0FD7B680433AA
:101D0000184600F06DFD012310E00A2000F040FAB3
:101D100000F032FA02463B69D31A3A689A428CBF05
:101D200001230023DBB2002BA7D10023184618376C
:101D3000BD4680BDCC170170EC1701700018017012
:101D400080B483B000AF786039603B6800221A70BD
:101D50003B68013380221A703B680233E1221A701B
:101D60003B68033311221A703B68043322221A7035
:101D70003B68053333221A7000BF0C37BD465DF84F
:101D8000047B704780B582B000AF786026480EF0C3
:101D900095FD264BDB68194625480EF01FFD254AA8
:101DA000224925480EF01AFD7B685B681B681946BE
:101DB00022480EF013FD7B685B6803F58053D3F86F
:101DC000603119461E480EF009FD7B685B68D3F848
:101DD000003719461B480EF001FD7B685B68D3F89D
:101DE0009437194618480EF0F9FC7B685B68D3F805
:101DF0009837194615480EF0F1FC7B685B68D3F8FC
:101E0000C437194612480EF0E9FC7B685B68D3F8CA
:101E1000F83719460F480EF0E1FC0F480EF04EFD62
:101E200000BF0837BD4680BD1C180170000000309F
:101E3000381801706000003050180170701801707F
:101E40008418017098180170AC180170C0180170E6
:101E5000DC180170F41801701819017080B483B097
:101E600000AF7860044A7B681A607B6818460C37BC
:101E7000BD465DF8047B7047541A017080B483B08E
:101E800000AF7860044A7B681A607B6818460C379C
:101E9000BD465DF8047B7047541A017080B582B06E
:101EA00000AF78607868FFF7E9FF042178680EF0EA
:101EB00058F97B6818460837BD4680BD80B584B0A8
:101EC00000AFF860B9607A607B80FB681846FFF766
:101ED000C5FF0B4AFB681A60FB68BA685A60FB686A
:101EE00000229A60FB687A68DA60FB687A881A8256
:101EF000FB68BA695A61FB6818461037BD4680BD59
:101F0000381A017080B582B000AF78600A4A7B68E9
:101F10001A607B689B68002B04D07B689B6818461E
:101F200005F03AFC7B681846FFF7A8FF7B68184667
:101F30000837BD4680BD00BF381A017080B582B039
:101F400000AF78607868FFF7DDFF182178680EF041
:101F500008F97B6818460837BD4680BD80B586B055
:101F600002AF78607B689B68002B01D0002315E0EE
:101F70007B68D9687B68188A7B685B697A680832F5
:101F8000019200937B680246064805F0E2FAF86089
:101F9000FB68012B0CBF01230023DBB2184610376E
:101FA000BD4680BDED1F007080B582B000AF786087
:101FB0007B689B68002B04D07B689B68184605F003
:101FC00083FC00BF0837BD4680BD80B582B000AF3E
:101FD00078607B689B68002B04D07B689B68184600
:101FE00005F01EFD00BF0837BD4680BD80B584B03A
:101FF00000AF78607B68FB60FB685B681B68083338
:102000001B68FA68526810469847002005F0C4FB28
:1020100000BF1037BD4680BD2DE9B04F82B000AF84
:102020007860796800200C460546204629464FF026
:10203000000A4FF0000B4FEA411B4BEAD06B4FEA0E
:10204000401A50465946021B61EB05034FF0000051
:102050004FF00001990041EA9271900002460B4650
:1020600012EB040843EB05094FF000024FF00003A8
:102070004FEAC90343EA58734FEAC80290469946AB
:10208000404649464FF47A724FF00003FEF710F9CC
:1020900002460B461346184605F0F2FB00BF083710
:1020A000BD46BDE8B08F80B582B000AF0023FB71A4
:1020B000032000F09BF90F2000F00EF80346002BE0
:1020C00002D00123FB7101E0FEF70CFEFB791846FC
:1020D0000837BD4680BD000080B584B000AF786091
:1020E0000023FB73174B1B78002B23D0164B1A6869
:1020F000144B1B7819464FF47A73B3FBF1F3B2FB20
:10210000F3F3184600F0B3F90346002B0FD17B68B8
:102110000F2B09D8002279684FF0FF3000F071F9D9
:102120000A4A7B68136007E00123FB7304E0012384
:10213000FB7301E00123FB73FB7B18461037BD46A0
:1021400080BD00BF0C00002404000024080000240F
:1021500080B400AF064B1B781A46064B1B6813442D
:10216000044A136000BFBD465DF8047B704700BFA2
:102170000C0000248402002480B400AF034B1B68D1
:102180001846BD465DF8047B704700BF84020024FA
:1021900080B584B000AF7860FFF7EEFFB8607B6871
:1021A000FB60FB68B3F1FF3F05D00A4B1B781A4672
:1021B000FB681344FB6000BFFFF7DEFF0246BB680D
:1021C000D31AFA689A42F7D800BF00BF1037BD464D
:1021D00080BD00BF0C00002480B483B000AF7860E5
:1021E000074BD3F8003123F4600205497B681343A1
:1021F000C1F8003100BF0C37BD465DF8047B704765
:102200000004005880B485B000AF78607B6803F0AC
:102210000703FB600B4BDB68BB60BA684FF6FF033C
:102220001340BB60FB681A02BB681A43064B13439A
:10223000BB60044ABB68D36000BF1437BD465DF87D
:10224000047B704700ED00E00000FA0580B400AFA9
:10225000044BDB681B0A03F007031846BD465DF814
:10226000047B704700ED00E080B483B000AF03460C
:10227000FB80B7F90630002B0BDBFB8803F01F0255
:102280000749B7F906305B09012000FA02F241F86C
:10229000232000BF0C37BD465DF8047B704700BFAC
:1022A00000E100E080B483B000AF0346FB80B7F9E3
:1022B0000630002B12DBFB8803F01F020A49B7F936
:1022C00006305B09012000FA02F2203341F8232096
:1022D000BFF34F8F00BFBFF36F8F00BF00BF0C373E
:1022E000BD465DF8047B704700E100E080B483B038
:1022F00000AF03463960FB80B7F90630002B0ADBDC
:102300003B68DAB20C49B7F906301201D2B20B447D
:1023100083F800230AE03B68DAB20849FB8803F03F
:102320000F03043B1201D2B20B441A7600BF0C37E4
:10233000BD465DF8047B704700E100E000ED00E081
:1023400080B489B000AFF860B9607A60FB6803F0D0
:102350000703FB61FB69C3F10703042B28BF0423B8
:10236000BB61FB690433062B02D9FB69033B00E028
:1023700000237B614FF0FF32BB6902FA03F3DA43BB
:10238000BB681A407B699A404FF0FF317B6901FAC4
:1023900003F3D9437B680B40134318462437BD46EB
:1023A0005DF8047B7047000080B582B000AF7860B4
:1023B0007B68013BB3F1807F01D301230FE00A4A20
:1023C0007B68013B53600F214FF0FF30FFF78EFF1A
:1023D000054B00229A60044B07221A60002318461E
:1023E0000837BD4680BD00BF10E000E080B582B078
:1023F00000AF78607868FFF705FF00BF0837BD467B
:1024000080BD80B586B000AF0346B9607A60FB81BD
:10241000FFF71CFF78617A68B9687869FFF790FF69
:102420000246B7F90E3011461846FFF75FFF00BFAE
:102430001837BD4680BD80B582B000AF0346FB8033
:10244000B7F906301846FFF70FFF00BF0837BD4643
:1024500080BD80B582B000AF0346FB80B7F906307F
:102460001846FFF71FFF00BF0837BD4680BD80B587
:1024700082B000AF78607868FFF796FF0346184691
:102480000837BD4680BD000080B483B000AF7860DF
:10249000BFF35F8F00BF0B4A7B6843F001035360BB
:1024A000094B5B6A084A43F480335362BFF34F8F92
:1024B00000BFBFF36F8F00BF00BF0C37BD465DF894
:1024C000047B704790ED00E000ED00E080B400AFC9
:1024D000BFF35F8F00BF0A4B5B6A094A23F4803366
:1024E0005362084B00225A60BFF34F8F00BFBFF307
:1024F0006F8F00BF00BFBD465DF8047B704700BF13
:1025000000ED00E090ED00E080B483B000AF7860B3
:10251000074A7B689360064B1B69054A23F0010359
:10252000136100BF0C37BD465DF8047B704700BFE8
:1025300090ED00E080B483B000AF78607B685A789B
:102540001E4B9A601D4B1B691C4A23F0010313614B
:102550001A4B1B69194A23F001031361174A7B6860
:102560005B68D3607B681B7B1A077B68DB7A1B0682
:102570001A437B689B7ADB041A437B685B7B9B0472
:102580001A437B689B7B5B041A437B68DB7B1B04E1
:102590001A437B685B7A1B021A437B681B7A5B00D9
:1025A00013437A6812781146044A0B43136100BF43
:1025B0000C37BD465DF8047B704700BF90ED00E02E
:1025C00080B584B000AF78607B68002B01D1012317
:1025D000E2E07B68D3F88430002B06D17B682022B0
:1025E000C3F884207868FEF791FD6D4BD3F8543121
:1025F0006B4A43F00203C2F85431694BD3F85431AB
:10260000BB60BB687B681B7A002B03D10020FFF7FF
:10261000E3FD03E04FF40000FFF7DEFD614BD3F86C
:1026200000317B681B6803F580531B687A68126869
:1026300043F0010302F580521360FFF79DFDF8603F
:1026400011E0FFF799FD0246FB68D31AB3F5FA7F54
:1026500009D97B680422C3F888207B68E022C3F88C
:102660008420012398E07B681B6803F580531B6876
:1026700003F00103002BE4D1786800F0C5FE02F0FE
:1026800085FC0346484AA2FB03239A0C7B681B681F
:10269000013AC3F8DC20786801F08AF97B681B688E
:1026A00003F58053D3F8003123F4E0137A681268FD
:1026B00043F4002302F58052C2F800317B685B6965
:1026C00003F00303002B09D07B680122C3F88820A4
:1026D0007B68E022C3F8842001235DE07B681B68EF
:1026E00003F58053D3F80821304B13407A685269C0
:1026F00051007A6812680B4302F58052C2F8083123
:10270000786801F0F2F9786801F038FA7B685B6864
:1027100005331B781A027B685B6804331B78194603
:102720007B681B680A43C3F800237B685B6803333C
:102730001B781A067B685B6802331B781B041A43FC
:102740007B685B6801331B781B021A437B685B68FC
:102750001B7819467B681B680A43C3F804237B680F
:102760001B68D3F80C177B681A68114B0B43C2F82F
:102770000C377B681B68D3F810177B681A680D4B01
:102780000B43C2F810377B680022C3F888207B68AF
:102790001022C3F88420002318461037BD4680BDA0
:1027A000004402580004005883DE1B430180FFFFF1
:1027B0006000020C00C0200C80B582B000AF7860D1
:1027C0007B682022C3F884207868FEF7F3FD7B68DD
:1027D0000022C3F88420002318460837BD4680BD78
:1027E00080B582B000AF78607B68D3F88430102B5E
:1027F00053D17B682022C3F884207B680422DA66E8
:10280000786800F0BBF97B681B681A687B681B68F6
:1028100042F002021A607B681B681A687B681B68BA
:1028200042F001021A607B681B68D3F8002D7B68B8
:102830001B6842F00102C3F8002D7B681B6803F59A
:102840008053D3F804317A68126843F0010302F52B
:102850008052C2F804317B681B6803F58053D3F8BB
:1028600008317A68126843F0010302F58052C2F819
:1028700008317B681B6803F58053D3F860317A68B0
:10288000126843F4817302F58052C2F860317B68AC
:102890004022C3F88420002300E0012318460837B3
:1028A000BD4680BD80B586B000AFF860B9607A6083
:1028B000BB68002B09D1FB68D3F8883043F00102D4
:1028C000FB68C3F8882001237FE0FB68D3F88430DD
:1028D000402B79D10022B968F86801F0ADF90346C0
:1028E000002B09D0FB68D3F8883043F00202FB6864
:1028F000C3F88820012368E0BFF34F8F00BFFB6857
:102900009A6AFB68063253F822307B61FB689B6A47
:102910005A1CFB689A62FB689B6A032B04D9FB680C
:102920009B6A1A1FFB689A62FB68996AFB681A68BF
:10293000FB68063153F8213002F58052C2F820318D
:10294000FFF71AFC386139E0FB681B6803F5805318
:10295000D3F8603103F48053002B12D0FB68D3F816
:10296000883043F00802FB68C3F88820FB681B68C6
:1029700003F58053D3F86021FB68C3F88C20012352
:1029800023E07B68B3F1FF3F18D0FFF7F5FB024669
:102990003B69D31A7A689A4202D37B68002B0DD127
:1029A000FB68D3F8883043F00402FB68C3F8882042
:1029B0007B694FF04052DA60012306E07B69DB68F7
:1029C000002BC1DB002300E0012318461837BD4669
:1029D00080BD80B58AB000AF786039600023BB61EC
:1029E0000023FB753B68002B09D17B68D3F8883046
:1029F00043F001027B68C3F888200123BAE07B68BA
:102A0000D3F88430402B01D00123B3E07B68DB6D29
:102A10007B627B687A6A123253F82230FB617B68F2
:102A2000DB6EC3F104033B617BE0FB69DB6803F011
:102A30000053002B03D17B68DB6F002B5FD0FB6959
:102A4000DB6803F00053002B05D07B6800221A6678
:102A50007B6800225A66FB69DB68C3F30E027B6861
:102A60005B6ED31AFB60FB69DB6803F08053002BBD
:102A70002AD0FB69DA687B681A670123FB75FB695A
:102A80005B6803F48043002B1ED07B6A3B623B6A89
:102A900001333B623B6A032B02D93B6A043B3B6236
:102AA0007B683A6A123253F82230BB60BB68DB683D
:102AB00003F08043002B07D0BB685A687B689A6795
:102AC000BB681A687B685A677B6803F17C007B6887
:102AD00003F18001FB691B691A46FB689BB2FEF794
:102AE0006FFF7B681B6E5A1C7B681A667B685A6E88
:102AF000FB681A447B685A66FB6900221A617B6A8C
:102B000001337B627B6A032B02D97B6A043B7B62C5
:102B10007B687A6A123253F82230FB61BB69013359
:102B2000BB61FB69DB68002B07DBBA693B699A4232
:102B300003D2FB7D002B3FF478AF7B68DA6EBB6974
:102B40001A447B68DA667B68DB6E002B02D07868FB
:102B500000F014F87B687A6ADA65FB7D012B08D1F6
:102B60007B68DA6F3B681A607B680022DA670023B3
:102B700000E0012318462837BD4680BD80B588B0E7
:102B800000AF78600023BB600123FB747B689B6E01
:102B9000FB617B68FA69123253F822307B617B68F3
:102BA000DB6EBB613DE07B691B69002B13D107F134
:102BB00008031846FEF726FEBB68002B02D100234F
:102BC000FB740CE0BB681A467B691A61BB681A4645
:102BD0007B691A6003E07B691A697B691A60FB7C78
:102BE000002B1ED07B689B6D002B04D07B694FF0BF
:102BF0004142DA6003E07B694FF00142DA60FB6931
:102C00000133FB61FB69032B02D9FB69043BFB61C8
:102C10007B68FA69123253F822307B61BB69013B51
:102C2000BB61BB69002B02D0FB7C002BBBD17B6856
:102C3000DB6EBA699A421BD0FB69033303F00303CE
:102C4000FB60BFF35F8F00BF7B681969FA681346AA
:102C50005B001344DB00CA187B681B6803F58053D4
:102C6000C3F828217B68FA699A667B68BA69DA66D4
:102C700000BF2037BD4680BD80B586B000AF78600C
:102C80007B681B68D3F8B0307B617B681B6803F5F9
:102C90008053D3F860313B617B681B6803F5805338
:102CA000D3F83431FB604FF0B043D3F89830BB60B9
:102CB0003B6903F04003002B10D0FB6803F0400396
:102CC000002B0BD07B681B6803F580531A4648F233
:102CD0004003C2F86031786800F0CDF83B6903F03A
:102CE0000103002B10D0FB6803F00103002B0BD075
:102CF0007B681B6803F580531A4648F20103C2F84B
:102D00006031786800F0ADF83B6903F48043002B34
:102D100047D0FB6803F48043002B42D07B68D3F894
:102D2000883043F008027B68C3F888203B6903F4CD
:102D30008053002B1ED07B681B6803F58053D3F8AB
:102D4000602141F2021313407A68C2F88C307B682C
:102D50001B6803F58053D3F834317A68126823F482
:102D6000404302F58052C2F834317B68E022C3F858
:102D7000842013E07B681B6803F58053D3F860312F
:102D800003F4CD427B68C3F88C207B681B6803F595
:102D900080531A464FF4CD43C2F86031786800F092
:102DA00074F87B6903F48043002B04D17B6903F43E
:102DB0000053002B19D07B68D3F8883043F0100201
:102DC0007B68C3F888207B681B68D3F8B8207B68D1
:102DD000C3F890207B68E022C3F88420786800F074
:102DE00054F87B680022C3F890207B6903F010033D
:102DF000002B0FD07B681B68D3F8C03003F0600253
:102E00007B68C3F89420786800F049F87B6800225A
:102E1000C3F894207B6903F02003002B0FD07B685C
:102E20001B68D3F8D03003F00F027B68C3F89820FA
:102E3000786800F03EF87B680022C3F89820BB68F1
:102E400003F48043002B08D04FF0B0434FF480428E
:102E5000C3F89820786800F036F800BF1837BD46F0
:102E600080BD80B483B000AF786000BF0C37BD4632
:102E70005DF8047B704780B483B000AF786000BF1A
:102E80000C37BD465DF8047B704780B483B000AF5B
:102E9000786000BF0C37BD465DF8047B704780B496
:102EA00083B000AF786000BF0C37BD465DF8047B8F
:102EB000704780B483B000AF786000BF0C37BD4668
:102EC0005DF8047B704780B483B000AF786000BFCA
:102ED0000C37BD465DF8047B704780B586B000AF07
:102EE000F860B9607A603B60FB681B68D3F8003219
:102EF00003F00103002B01D001233EE0FB681B68B7
:102F0000D3F800327B617B6923F07872BB685B0584
:102F100013437B617B6923F4F8127B681B04134322
:102F20007B617B6943F00C037B617B6943F00103A8
:102F30007B61FB681B687A69C3F80022FFF71CF904
:102F4000386109E0FFF718F902463B69D31AB3F577
:102F50007A7F01D9012310E0FB681B68D3F80032A7
:102F600003F00103002BEDD1FB681B68D3F804329A
:102F70009BB21A463B681A60002318461837BD46B4
:102F800080BD000080B586B000AFF860B9607A609F
:102F90003B60FB681B68D3F8003203F00103002B91
:102FA00001D001233CE0FB681B68D3F800327B6151
:102FB0007B6923F07872BB685B0513437B617B6997
:102FC00023F4F8127B681B0413437B617B6923F0B5
:102FD0000C0343F004037B617B6943F001037B61D5
:102FE0003B689AB2104BC3F804220F4A7B69C2F8BF
:102FF0000032FFF7C1F8386109E0FFF7BDF802467B
:103000003B69D31AB3F57A7F01D9012308E0FB6845
:103010001B68D3F8003203F00103002BEDD100232D
:1030200018461837BD4680BD0080024080B483B08A
:1030300000AF786039603B68002B01D10123C3E108
:103040007B681B681B6803F00C023B68DA627B68D4
:103050001B681B6803F01003002B14BF012300231F
:10306000DBB21A463B6883F828207B681B681B6824
:1030700003F060023B685A627B681B681B6803F4BC
:103080008073002B0CBF01230023DBB21A463B6880
:1030900083F820207B681B681B6803F40073002BF7
:1030A00014BF01230023DBB21A463B68DA777B6842
:1030B0001B681B6803F48063002B0CBF01230023F3
:1030C000DBB21A463B689A777B681B681B6803F47F
:1030D0000063002B14BF01230023DBB21A463B68B8
:1030E0005A777B681B681B6803F48053002B14BF5E
:1030F00001230023DBB21A463B681A777B681B6802
:103100001B6803F400523B689A617B681B681B686C
:1031100003F480423B685A617B681B681B6803F4B8
:103120008033002B14BF01230023DBB21A463B6817
:103130009A747B681B681B6803F40033002B0CBF78
:1031400001230023DBB21A463B685A747B681B6874
:103150001B6803F40023002B0CBF01230023DBB208
:103160001A463B681A747B681B681B6803F480135B
:10317000002B14BF01230023DBB21A463B68DA732D
:103180007B681B681B6803F40013002B14BF01232A
:103190000023DBB21A463B689A737B681B681B6886
:1031A00003F48003002B14BF01230023DBB21A4673
:1031B0003B685A737B681B681B6803F40003002B91
:1031C00014BF01230023DBB21A463B681A737B68E5
:1031D0001B681B6803F0E0623B689A607B681B68B1
:1031E0001B6803F00063002B14BF01230023DBB234
:1031F0001A463B681A717B681B681B6803F0E04243
:103200003B681A607B681B685B68C3F30D023B6810
:103210005A637B681B685B6803F48033002B0CBF28
:1032200001230023DBB21A463B6883F832207B6817
:103230001B685B6803F40033002B14BF01230023D9
:10324000DBB21A463B6883F831207B681B685B68F9
:1032500003F48023002B14BF01230023DBB21A46A2
:103260003B6883F830207B681B685B6803F08073E1
:10327000002B14BF01230023DBB21A463B6883F8FE
:1032800038207B681B685B685B0E03F01F023B689D
:10329000DA637B681B68DB6803F48073002B14BF60
:1032A00001230023DBB21A463B6883F840207B6889
:1032B0001B68DB6803F00F023B685A647B681B687D
:1032C0001B6F03F00203002B14BF01230023DBB2AA
:1032D0001A463B6883F854207B681B681B6F03F019
:1032E0008003002B0CBF01230023DBB21A463B688E
:1032F00083F84C207B681B681B6F03F070023B68EF
:103300001A657B681B681B6F1B0C9AB23B689A643A
:103310007B681B68D3F8903003F00103002B14BFC7
:1033200001230023DBB21A463B6883F856207B68F2
:103330001B68D3F8903003F00203002B14BF012365
:103340000023DBB21A463B6883F855207B681B6874
:10335000D3F8003D03F072023B689A657B681B68F6
:10336000D3F8303D03F023023B68DA657B681B68C5
:10337000D3F8303D03F00803002B14BF01230023D2
:10338000DBB21A463B6883F862207B681B68D3F87F
:10339000303D03F01003002B14BF01230023DBB2E8
:1033A0001A463B6883F861207B681B68D3F8303D80
:1033B00003F04003002B0CBF01230023DBB21A46AD
:1033C0003B6883F86020002318460C37BD465DF843
:1033D000047B704780B582B000AF786039603B688D
:1033E000002B01D101230BE07B68D3F88430102B34
:1033F00005D13968786800F039F9002300E001232D
:1034000018460837BD4680BD80B584B000AF7860EF
:103410007B681B68D3F80032FB60FB6823F47063A1
:10342000FB6001F0B3FDB860BB681A4A934204D850
:10343000FB6843F40073FB6022E0BB68164A9342CA
:1034400004D2FB6843F44073FB6019E0BB68134A85
:10345000934215D9BB68124A934204D8FB6843F4DF
:103460008073FB600CE0BB680E4A934204D8FB6893
:1034700043F48063FB6003E0FB6843F4A063FB60FC
:103480007B681B68FA68C3F8002200BF1037BD468E
:1034900080BD00BFBF0E160200879303FFE0F50555
:1034A0007FD1F0087FB2E60E80B485B000AF7860BF
:1034B00039603B68002B01D1012339E03B681B7860
:1034C0001A463B68DB785B001A433B681B799B001C
:1034D0001A433B681B7ADB001A433B685B791B018C
:1034E00013433A68527A012A01D1202200E00022D7
:1034F0001A433B68DB791B021A433B689B795B02EA
:103500001A433B689B789B021A433B685B78DB0756
:103510001A433B68DB681343FB607B681B689A684F
:10352000064B13407A681268F9680B4393600023D6
:1035300018461437BD465DF8047B704700F8FF7FDE
:1035400080B483B000AF786039603B68002B01D154
:10355000012384E07B681B689B6803F00103002B58
:1035600014BF01230023DBB21A463B681A707B6844
:103570001B689B6803F00203002B14BF0123002388
:10358000DBB21A463B68DA707B681B689B6803F005
:103590000403002B14BF01230023DBB21A463B684F
:1035A0001A717B681B689B6803F00803002B14BF2B
:1035B00001230023DBB21A463B681A727B681B6842
:1035C0009B6803F01003002B14BF01230023DBB220
:1035D0001A463B685A717B681B689B6803F020039E
:1035E000002B14BF01230023DBB21A463B685A723A
:1035F0007B681B689B6803F0C0023B68DA607B68ED
:103600001B689B6803F48073002B14BF0123002305
:10361000DBB21A463B68DA717B681B689B6803F46F
:103620000073002B14BF01230023DBB21A463B6852
:103630009A717B681B689B6803F48063002B14BF3E
:1036400001230023DBB21A463B689A707B681B6833
:103650009B68DB0FDBB21A463B685A7000231846A2
:103660000C37BD465DF8047B7047000080B485B020
:1036700000AF786039603B689A683B681B681A4302
:103680003B681B79DB061A433B681B7BDB051A434F
:103690003B685B7B9B051A433B689B7B5B051A433E
:1036A0003B68DB7B1B0513433A68127C002A02D17E
:1036B0004FF4002200E0002213433A68527C002AB3
:1036C00002D14FF4003200E000221A433B689B7C99
:1036D0001B041A433B685B691A433B689B691A43A6
:1036E0003B681B7F1B031A433B685B7FDB02134372
:1036F0003A68927F002A02D14FF4806200E00022F3
:103700001A433B68DB7F5B0213433A6892F8202040
:10371000002A02D14FF4807200E000221A433B6875
:103720005B6A1A433B6893F828301B011A433B68D5
:10373000DB6A1343FB607B681B681A68564B1340B7
:103740007A681268F9680B4313603B68DB6B5A06B2
:103750003B6893F838301B061A433B6893F83030C7
:103760009B041A433B6893F831305B0413433A6877
:1037700092F83220002A02D14FF4803200E0002279
:103780001A433B685B6B1343FB607B681B685A689A
:10379000424B13407A681268F9680B4353603B68E8
:1037A00093F840301A023B685B6C1343FB607B6804
:1037B0001B68DA683A4B13407A681268F9680B4361
:1037C000D3603B6893F854305A003B681B6D134339
:1037D0003A6892F84C20002A01D1802200E00022B1
:1037E0001A433B689B6C1B041343FB607B681B689C
:1037F0001A6F4FF60D7313407A681268F9680B431D
:1038000013673B6893F856301A463B6893F8553077
:103810005B001343FB607B681B68D3F8903023F098
:1038200003017B681B68FA680A43C3F890207B6831
:103830001B68D3F8003D23F072013B689A6D7B68EA
:103840001B680A43C3F8002D3B68DB6D3A6892F8A9
:103850006020002A01D1402200E000221A433B6888
:1038600093F861301B011A433B6893F86230DB0028
:103870001343FB607B681B68D3F8303D23F07B016A
:103880007B681B68FA680A43C3F8302D00BF143701
:10389000BD465DF8047B7047838004000080F8C05B
:1038A000F0FEFFFF80B485B000AF786039607B68C0
:1038B0001B6803F580531A68384B13403A68116847
:1038C0007A6812680B4302F5805213603B681B79DB
:1038D0001A033B689B681A433B681B7BDB0313435B
:1038E000FB607B681B6803F580535A682C4B1340C0
:1038F0007A681268F9680B4302F5805253603B689E
:103900005B7B1A043B681B6A1343FB607B681B6884
:1039100003F58053D3F80021224B13407A681268D4
:10392000F9680B4302F58052C2F800313B681A690E
:103930003B681B7D1B011A433B685B7F1B031343E2
:10394000FB607B681B6803F58053D3F80421164B9A
:1039500013407A681268F9680B4302F58052C2F886
:1039600004313B681B7FDA073B689B691343FB60AC
:103970007B681B6803F58053D3F808210B4B134079
:103980007A681268F9680B4302F58052C2F8083170
:1039900000BF1437BD465DF8047B7047FD87FFFF0D
:1039A000FE2FFFFF00C0FEFFEFEFC0FFFFFFC07F55
:1039B00080B5A4B000AF7860012387F83B300023C6
:1039C0003B65002387F84930002387F84B300123FB
:1039D00087F83030012387F85E30012387F83A30CA
:1039E000002387F85430012387F88C304FF40053BC
:1039F0007B64002387F864300023BB66002387F8CC
:103A00008D30002387F88E304FF4C3633B6600236C
:103A100087F8383000237B63012387F83D3000238B
:103A200087F83E30002387F848300023FB670023E7
:103A30007B670023BB65002387F86C30002387F881
:103A40008230012387F84A302023C7F888300123C9
:103A500087F84C30002387F85D304FF04053FB620D
:103A60004FF480433B64002387F839300223C7F8C2
:103A70008430002387F88030002387F881300023CA
:103A800087F85C30012387F83C3000233B67012333
:103A900087F8783007F12C0319467868FFF7E6FDC0
:103AA00001233B7301233B610023BB60002387F8A4
:103AB000243000237B7500233B754FF400133B62D9
:103AC00000233B774FF40013BB61002387F82530B8
:103AD0004FF40673BB6207F1080319467868FFF7D5
:103AE000E1FE00BF9037BD4680BD80B485B000AF19
:103AF00078600023FB601DE07B68D968FA68134694
:103B00005B001344DB000B44BB60BB6800221A60FF
:103B1000BB6800225A60BB6800229A60BB68002222
:103B2000DA60B9687B68FA68063243F82210FB68ED
:103B30000133FB60FB68032BDED97B6800229A62AD
:103B40007B681B6803F580531A460323C2F82C31A7
:103B50007B68DA687B681B6803F58053C3F814211F
:103B60007B68DA687B681B6803F58053C3F8202103
:103B700000BF1437BD465DF8047B704780B485B044
:103B800000AF78600023FB6023E07B681969FA6866
:103B900013465B001344DB000B44BB60BB68002290
:103BA0001A60BB6800225A60BB6800229A60BB683A
:103BB0000022DA60BB6800221A61BB6800225A61E9
:103BC000B9687B68FA68123243F82210FB68013347
:103BD000FB60FB68032BD8D97B680022DA657B6821
:103BE00000221A667B6800229A667B680022DA66E9
:103BF0007B6800229A657B681B6803F580531A4630
:103C00000323C2F830317B681A697B681B6803F5AF
:103C10008053C3F81C217B681B6903F148027B6851
:103C20001B6803F58053C3F8282100BF1437BD4635
:103C30005DF8047B7047000080B491B000AFF8607D
:103C4000B9607A60FB6818337B627B6A1B69FB632F
:103C50007B6A1B693B6200237B637B6AFA6B53F8C8
:103C600022303B63BB689B68FB620023BB623B6BFB
:103C7000DB6803F00043B3F1004F07D07A6AFB6BB7
:103C800004339B0013445B68002B01D0022366E2DF
:103C9000BB681B6803F00403002B44D03B6BDA685D
:103CA000754B1340BA68526A1A433B6BDA603B6B40
:103CB000DB6843F480323B6BDA60FB681B681A6E8A
:103CC000FB681B6842F480121A66BB681B6803F02D
:103CD0000803002B27D03B6B9B689AB2BB68DB6A5A
:103CE0001B041A433B6B9A603B6BDB6843F4003266
:103CF0003B6BDA603B6BDB6823F44022BB681B6BD9
:103D00001A433B6BDA60FB681B685A6EFB681B68E2
:103D100042F480125A66FB681B681A6DFB681B68C8
:103D200042F080621A65BB681B6803F01003002B29
:103D30000ED03B6B9A68514B1340BA6892691A4394
:103D40003B6B9A603B6BDB6843F080623B6BDA60F5
:103D5000BB681B6803F00403002B05D1BB681B681C
:103D600003F01003002B36D03B6BDB6843F080423E
:103D70003B6BDA60BFF35F8F00BF3B6BDB6843F0E8
:103D800000423B6BDA60FB6B0133FB63FB6B032B85
:103D900002D9FB6B043BFB637B6AFA6B53F822305E
:103DA0003B637B6B01337B633B6BDB6803F000435E
:103DB000B3F1004F0FD17B6A3A6A53F822303B636C
:103DC000BFF35F8F00BF3B6BDB6823F000423B6BB0
:103DD000DA600223C3E17B6B01337B63FB6A1B6800
:103DE0001A463B6B1A603B6B9A68244B1340FA6A85
:103DF00052681A433B6B9A60FB6A9B68002B12D097
:103E0000FB6A9B68FB62FB6A1B681A463B6B5A6045
:103E10003B6B9A681A4B1340FA6A526812041A43B1
:103E20003B6B9A6008E03B6B00225A603B6B9A68E0
:103E3000134B13403A6B9360BB681B6803F010038D
:103E4000002B21D03B6BDB6823F4F002BB681B6ABC
:103E5000DB041A433B6BDA603B6BDA68094B1340B7
:103E6000BA68D2691A433B6BDA603B6BDB6843F498
:103E700080223B6BDA602EE00000FFFF00C0FFFFF6
:103E8000FFFF00C00000FCFF3B6BDA687B4B134078
:103E9000BA6852681A433B6BDA60BB681B6803F070
:103EA0000103002B08D03B6BDB6823F44032BB6876
:103EB0005B691A433B6BDA60BB681B6803F0200345
:103EC000002B08D03B6BDB6823F04062BB681B69AA
:103ED0001A433B6BDA60BB681B6803F00403002BDA
:103EE00008D03B6B9B6823F44042BB689B6A1A4333
:103EF0003B6B9A603B6BDB6843F000523B6BDA60D4
:103F00003B6BDB6823F080423B6BDA60BFF35F8F73
:103F100000BF3B6BDB6843F000423B6BDA60BB6881
:103F20001B6803F00203002B00F0DA803B6BDB68B8
:103F300023F06072BB68DB681A433B6BDA60CFE04A
:103F40003B6BDB6823F080523B6BDA60FB6B013329
:103F5000FB63FB6B032B02D9FB6B043BFB637B6AAC
:103F6000FA6B53F822303B633B6BDB6823F0005263
:103F70003B6BDA603B6BDB6803F00043B3F1004F4F
:103F800007D07A6AFB6B04339B0013445B68002BF9
:103F900029D03B6AFB637B6AFA6B53F822303B63A0
:103FA0000023BB6319E0BFF35F8F00BF3B6BDB688F
:103FB00023F000423B6BDA60FB6B0133FB63FB6B6E
:103FC000032B02D9FB6B043BFB637B6AFA6B53F850
:103FD00022303B63BB6B0133BB63BA6B7B6B9A4292
:103FE000E1D30223BBE07B6B01337B63FB6A9B68FD
:103FF000FB62FB6A1B681A463B6B1A603B6B9A6854
:104000001F4B1340FA6A52681A433B6B9A60FB6A73
:104010009B68002B12D0FB6A9B68FB62FB6A1B68E3
:104020001A463B6B5A603B6B9A68164B1340FA6A10
:10403000526812041A433B6B9A6008E03B6B002203
:104040005A603B6B9A680F4B13403A6B9360BB68A6
:104050001B6803F01003002B18D03B6BDA680A4B87
:104060001340BA68D2691A433B6BDA603B6BDB687A
:1040700043F480223B6BDA6020E000BF0080FFFF4A
:1040800000C0FFFFFFFF00C00000FCFF3B6BDA68D1
:10409000364B1340BA6852681A433B6BDA60BB6810
:1040A0001B6803F00103002B08D03B6BDB6823F493
:1040B0004032BB685B691A433B6BDA60BB6A013311
:1040C000BB62BFF35F8F00BF3B6BDB6843F0004216
:1040D0003B6BDA603B6BDB6823F080423B6BDA6062
:1040E000FB6A9B68002B7FF42BAF7B68002B06D00C
:1040F0003B6B9B6843F000423B6B9A6005E03B6B77
:104100009B6823F000423B6B9A603B6BDB6843F09B
:1041100080523B6BDA607B6A5A6A796AFB6B0433C4
:104120009B000B445A607B6AFA6B1A61EFF31083B1
:10413000BB61BB69FB6101237B617B6983F31088F1
:1041400000BF7B6A9A6ABB6A13445A1C7B6A9A62F4
:10415000FB693B613B6983F3108800BF002318466D
:104160004437BD465DF8047B704700BF0080FFFF09
:1041700080B487B000AF7860396000237B6143E191
:104180003B681A6801217B6901FA03F31340FB6065
:10419000FB68002B00F035813B685B6803F003038C
:1041A000012B05D03B685B6803F00303022B30D181
:1041B0007B689B683B617B695B00032202FA03F327
:1041C000DB433A6913403B613B68DA687B695B001B
:1041D00002FA03F33A6913433B617B683A699A60D8
:1041E0007B685B683B6101227B6902FA03F3DB4376
:1041F0003A6913403B613B685B681B0903F00102AD
:104200007B6902FA03F33A6913433B617B683A69BD
:104210005A603B685B6803F00303032B09D13B68DA
:104220005B6803F00303032B1BD13B689B68012BE6
:1042300017D07B68DB683B617B695B00032202FA75
:1042400003F3DB433A6913403B613B689A687B693F
:104250005B0002FA03F33A6913433B617B683A69F6
:10426000DA603B685B6803F00303022B23D17B69B0
:10427000DA087B68083253F822303B617B6903F02F
:1042800007039B000F2202FA03F3DB433A69134052
:104290003B613B681A697B6903F007039B0002FAE4
:1042A00003F33A6913433B617B69DA087B680832A0
:1042B000396943F822107B681B683B617B695B00AE
:1042C000032202FA03F3DB433A6913403B613B6884
:1042D0005B6803F003027B695B0002FA03F33A694F
:1042E00013433B617B683A691A603B685B6803F47F
:1042F0004033002B00F085804B4A7B699B084C3390
:1043000052F823303B617B6903F003039B000F22CB
:1043100002FA03F3DB433A6913403B617B689A0A74
:10432000424B13407A6902F00302920093403A69CB
:1043300013433B613C497B699B084C333A6941F824
:1043400023204FF0B0431B683B61FB68DB433A69B5
:1043500013403B613B685B6803F48013002B03D080
:104360003A69FB6813433B614FF0B0423B6913600D
:104370004FF0B0435B683B61FB68DB433A69134035
:104380003B613B685B6803F40013002B03D03A6980
:10439000FB6813433B614FF0B0423B6953604FF001
:1043A000B043D3F884303B61FB68DB433A69134088
:1043B0003B613B685B6803F40033002B03D03A6930
:1043C000FB6813433B614FF0B0423B69C2F8843055
:1043D0004FF0B043D3F880303B61FB68DB433A6970
:1043E00013403B613B685B6803F48033002B03D0D0
:1043F0003A69FB6813433B614FF0B0423B69C2F836
:1044000080307B6901337B613B681A687B6922FAE3
:1044100003F3002B7FF4B4AE00BF00BF1C37BD46D2
:104420005DF8047B704700BF000400587FFF29003F
:1044300080B487B000AF7860396000237B61A8E06A
:1044400001227B6902FA03F33A6813403B613B693E
:10445000002B00F09B80564A7B699B084C3352F836
:104460002330FB607B6903F003039B000F2202FAF9
:1044700003F3FA681340FB607B689A0A4D4B1340C4
:104480007A6902F0030292009340FA689A423ED1A0
:104490004FF0B043D3F880203B69DB434FF0B0418D
:1044A0001340C1F880304FF0B043D3F884203B690B
:1044B000DB434FF0B0411340C1F884304FF0B043BC
:1044C0005A683B69DB434FF0B04113404B604FF0FB
:1044D000B0431A683B69DB434FF0B04113400B60B7
:1044E0007B6903F003039B000F2202FA03F3FB60D6
:1044F0002F4A7B699B084C3352F82310FB68DA4340
:104500002B487B699B080A404C3340F823207B688A
:104510001A687B695B00032101FA03F31A437B6885
:104520001A607B69DA087B68083253F822107B69CD
:1045300003F007039B000F2202FA03F3DB437A69BF
:10454000D20819407B68083243F822107B689A68C9
:104550007B695B00032101FA03F3DB431A407B68AC
:104560009A607B685A6801217B6901FA03F3DB4397
:104570001A407B685A607B68DA687B695B000321BC
:1045800001FA03F3DB431A407B68DA607B6901338D
:104590007B613A687B6922FA03F3002B7FF450AF0A
:1045A00000BF00BF1C37BD465DF8047B704700BFED
:1045B000000400587FFF290080B485B000AF786008
:1045C0000B467B807B681A697B881340002B02D0E6
:1045D0000123FB7301E00023FB73FB7B18461437B8
:1045E000BD465DF8047B704780B483B000AF78604F
:1045F0000B467B8013467B707B78002B03D07A8838
:104600007B689A6102E07A887B689A6200BF0C3707
:10461000BD465DF8047B704780B485B000AF78601C
:104620000B467B807B685B69FB607A88FB68134084
:104630001A04FB68D9437B880B401A437B689A6154
:1046400000BF1437BD465DF8047B704780B588B065
:1046500000AF78607B68002B01D1012328E3974BE2
:104660001B6903F03803FB61944B9B6A03F003035F
:10467000BB61924B1B6803F028537B617B681B680E
:1046800003F00103002B00F09C80FB69102B05D088
:104690007B69002B09D0BB69022B06D17B685B6864
:1046A000002B40F08E80012302E37B685B68B3F54A
:1046B000803F06D1814B1B68804A43F480331360EE
:1046C00058E07B685B68002B12D17C4B1B687B4AEF
:1046D00023F480331360794B1B68784A23F400235A
:1046E0001360764B1B68754A23F48023136041E006
:1046F0007B685B68B3F5A02F12D1704B1B686F4AC3
:1047000043F4802313606D4B1B686C4A23F4002331
:1047100013606A4B1B68694A43F48033136029E0D5
:104720007B685B68B3F5502F12D1644B1B68634AFA
:1047300043F480231360614B1B68604A43F40023F9
:1047400013605E4B1B685D4A43F48033136011E0D5
:104750005A4B1B68594A23F480331360574B1B682C
:10476000564A23F480231360544B1B68534A23F4A6
:1047700000231360FDF700FD38617B685B68002B48
:1047800019D008E0FDF7F8FC02463B69D31A642B08
:1047900001D903238CE2494B1B6803F40033002B3F
:1047A000F0D00EE0FDF7E8FC02463B69D31A642B1B
:1047B00001D903237CE2414B1B6803F40033002B37
:1047C000F0D17B681B6803F00203002B00F09E8091
:1047D000FB69002B05D07B69002B47D0BB69002B00
:1047E00044D17B68DB68002B01D1012360E2334BAD
:1047F0001B6803F01803FB60BB69002B09D17B69C0
:10480000002B06D07B681B69FA689A4201D001230D
:104810004EE22A4B1B6823F019027B681B69134385
:10482000264A43F001031360FB69002B09D1234B97
:104830001B68DB0803F00303214A22FA03F3214A31
:104840001360214B1B681846FDF746FC0346002BFE
:1048500001D001232CE2194B5B6823F0FE427B68F8
:104860005B691B06154913434B604FE07B68DB68AF
:10487000002B32D0114B1B6823F019027B68D968DA
:104880007B681B690B430D4913430B600B4B5B6843
:1048900023F0FE427B685B691B06084913434B60AB
:1048A000FDF76AFC386111E0FDF766FC02463B69E2
:1048B000D31A012B0AD90323FAE100BF004402589E
:1048C0000090D0030400002408000024954B1B68CE
:1048D00003F00403002BE7D018E0924B1B68914AC9
:1048E00023F001031360FDF747FC386108E0FDF792
:1048F00043FC02463B69D31A012B01D90323D7E1BC
:10490000884B1B6803F00403002BF0D17B681B6805
:1049100003F01003002B45D0FB69082B05D07B6901
:10492000002B08D0BB69012B05D17B681B6A002BCB
:1049300038D10123BCE17B681B6A002B19D0794B6D
:104940001B68784A43F080031360FDF715FC38615B
:1049500008E0FDF711FC02463B69D31A012B01D98F
:104960000323A5E16F4B1B6803F48073002BF0D089
:1049700018E06C4B1B686B4A23F080031360FDF753
:10498000FBFB386108E0FDF7F7FB02463B69D31AF1
:10499000012B01D903238BE1624B1B6803F4807365
:1049A000002BF0D17B681B6803F00803002B36D086
:1049B0007B689B69002B19D05A4B5B6F594A43F0B7
:1049C00001035367FDF7D8FB386108E0FDF7D4FB1E
:1049D00002463B69D31A012B01D9032368E1514BED
:1049E0005B6F03F00203002BF0D018E04D4B5B6FC0
:1049F0004C4A23F001035367FDF7BEFB386108E022
:104A0000FDF7BAFB02463B69D31A012B01D90323F8
:104A10004EE1444B5B6F03F00203002BF0D17B6847
:104A20001B6803F02003002B36D07B68DB69002B6A
:104A300019D03C4B1B683B4A43F480531360FDF78D
:104A40009BFB386108E0FDF797FB02463B69D31AF0
:104A5000012B01D903232BE1324B1B6803F40053D4
:104A6000002BF0D018E02F4B1B682E4A23F4805304
:104A70001360FDF781FB386108E0FDF77DFB02461E
:104A80003B69D31A012B01D9032311E1254B1B6884
:104A900003F40053002BF0D17B681B6803F0040380
:104AA000002B00F09B80204B1B681F4A43F480734F
:104AB00013607B689B68012B06D11A4B1B6F194A48
:104AC00043F0010313675AE07B689B68002B12D107
:104AD000144B1B6F134A23F001031367114B1B6F19
:104AE000104A23F0800313670E4B1B6F0D4A23F00F
:104AF0000403136743E07B689B68052B16D1094BC1
:104B00001B6F084A43F004031367064B1B6F054AEB
:104B100023F080031367034B1B6F024A43F001032A
:104B200013672CE000440258004802587B689B68D9
:104B3000852B12D1604B1B6F5F4A43F00403136750
:104B40005D4B1B6F5C4A43F0800313675A4B1B6F2E
:104B5000594A43F00103136711E0574B1B6F564A44
:104B600023F001031367544B1B6F534A23F00403D4
:104B70001367514B1B6F504A23F0800313677B6808
:104B80009B68002B15D0FDF7F7FA38610AE0FDF7B6
:104B9000F3FA02463B69D31A41F28832934201D9B3
:104BA000032385E0444B1B6F03F00203002BEED080
:104BB00014E0FDF7E1FA38610AE0FDF7DDFA02469C
:104BC0003B69D31A41F28832934201D903236FE043
:104BD000394B1B6F03F00203002BEED17B685B6A3D
:104BE000002B42D0FB69182B31D17B685B6A012B0B
:104BF00001D101235CE0304B5B6BDB08C3F30C039A
:104C0000FB607B689B6CFA689A422ED02A4BDB6A69
:104C1000294A23F00103D362FDF7AEFA386100BFE1
:104C2000FDF7AAFA02463B699342F9D0224B5A6B30
:104C3000224B13407A68926CD2001F4913434B6396
:104C40001D4BDB6A1C4A43F00103D3620DE07B6815
:104C500001225A647B6824331946002000F03EFA92
:104C60000346002B01D0012322E07B68DB6C002B84
:104C70000AD07B684C331946012000F02FFA034616
:104C8000002B01D0012313E07B685B6F002B0ED05B
:104C90007B680122C3F894207B6874331946022094
:104CA00000F01CFA0346002B01D0012300E0002392
:104CB00018462037BD4680BD004402580700FFFF5C
:104CC00080B48BB000AFAA4B1B6903F03803182BDC
:104CD00000F2368101A252F823F000BF414D00706E
:104CE000414F0070414F0070414F0070414F0070C4
:104CF000414F0070414F0070414F0070674D007090
:104D0000414F0070414F0070414F0070414F0070A3
:104D1000414F0070414F0070414F00706D4D007069
:104D2000414F0070414F0070414F0070414F007083
:104D3000414F0070414F0070414F0070734D007043
:104D40008B4B1B6803F02003002B09D0884B1B689A
:104D5000DB0803F00303874A22FA03F33B62F2E025
:104D600000233B62EFE0844B3B62ECE0834B3B6211
:104D7000E9E07F4B9B6A03F00303FB617C4B9B6A7A
:104D80001B0903F03F03BB61794BDB6A03F00103AE
:104D90007B61774B5B6BDB08C3F30C037A6902FB27
:104DA00003F307EE903AF8EE677AC7ED047ABB6931
:104DB000002B00F0C280FB69022B64D0FB69022B40
:104DC00000F28380FB69002B03D0FB69012B38D0F4
:104DD0007BE0674B1B6803F02003002B2DD0644B56
:104DE0001B68DB0803F00303624A22FA03F3FB604B
:104DF000FB6807EE903AF8EE676ABB6907EE903AF7
:104E0000F8EE677A86EEA77A594B1B6BC3F308035B
:104E100007EE903AF8EE676A97ED046ADFED585AAC
:104E2000C6EE257A76EEA77AF7EE006A77EEA67AD6
:104E300067EE277AC7ED097A69E04FF000037B62DD
:104E400065E0BB6907EE903AF8EE677ADFED4D6AF0
:104E500086EEA77A464B1B6BC3F3080307EE903A26
:104E6000F8EE676A97ED046ADFED455AC6EE257ADB
:104E700076EEA77AF7EE006A77EEA67A67EE277AE3
:104E8000C7ED097A43E0BB6907EE903AF8EE677A1E
:104E9000DFED3D6A86EEA77A354B1B6BC3F3080343
:104EA00007EE903AF8EE676A97ED046ADFED345A40
:104EB000C6EE257A76EEA77AF7EE006A77EEA67A46
:104EC00067EE277AC7ED097A21E0BB6907EE903AD1
:104ED000F8EE677ADFED2B6A86EEA77A244B1B6B20
:104EE000C3F3080307EE903AF8EE676A97ED046A99
:104EF000DFED235AC6EE257A76EEA77AF7EE006A42
:104F000077EEA67A67EE277AC7ED097A00BF184BCD
:104F10001B6B5B0A03F07F030133BB60BB6807EECA
:104F2000903AB8EE677AD7ED096AC6EE877AFCEE5A
:104F3000E77A17EE903A3B6205E000233B6202E01D
:104F40000D4B3B6200BF0A4B9B6903F00F037B6074
:104F50007B68072B05D97B68073B3A6A22FA03F383
:104F60003B623B6A18462C37BD465DF8047B7047B0
:104F7000004402580090D00300093D0000366E0145
:104F8000000000460024744A001BB74B80B584B073
:104F900000AF104A3B4692E8030083E80300FFF7A6
:104FA0008FFEF8600C4BDB6903F00F03BB60BB683E
:104FB000072B09D9BB68083B10333B4413F8103C5E
:104FC0001A46FB68D340FB60FB6818461037BD46A5
:104FD00080BD00BF341901700044025880B582B012
:104FE00000AFFFF7D3FF7860094B1B6A03F007039C
:104FF0003B603B68032B05D93B68033B7A6822FA88
:1050000003F37B607B6818460837BD4680BD00BF50
:105010000044025880B582B000AFFFF7B7FF786058
:10502000094B1B6A1B0903F007033B603B68032B1A
:1050300005D93B68033B7A6822FA03F37B607B68FF
:1050400018460837BD4680BD0044025880B582B07E
:1050500000AFFFF79BFF7860094B1B6A1B0A03F048
:1050600007033B603B68032B05D93B68033B7A6829
:1050700022FA03F37B607B6818460837BD4680BD83
:105080000044025880B582B000AF084B9B6B1B0CEC
:1050900003F07F0301337B6000F076F902467B6802
:1050A000B2FBF3F318460837BD4680BD00440258F2
:1050B00080B582B000AF084B1B6C1B0C03F07F0364
:1050C00001337B6000F0E6F902467B68B2FBF3F344
:1050D00018460837BD4680BD0044025880B58AB0E6
:1050E00000AF78603960002387F823307B68DA00EE
:1050F0009A4B1344FB617B689A00994B1344BB6144
:10510000984BD96A7A6813469B0013445B0013449A
:105110004FF4787202FA03F3DB43924A0B40D362F6
:10512000904B1A687B685B004FF0807101FA03F3C3
:10513000DB438C4913400B60FDF71EF8786108E0F3
:10514000FDF71AF802467B69D31A322B01D90323E3
:10515000FFE0844B1A687B685B004FF0007101FA36
:1051600003F31340002BEBD13B681B68022B40F08C
:10517000DD803B685B683B613B69002B09D1794B63
:105180001B68DB0803F00303774A22FA03F37B6210
:1051900007E03B69022B02D1744B7B6201E0744B48
:1051A0007B623B689B687A6AB2FBF3F37B627B6A43
:1051B000704A934202D318237B620FE07B6A6E4AE7
:1051C000934202D910237B6208E07B6A6B4A9342C8
:1051D00002D908237B6201E002237B627A681346CE
:1051E0009B0013445B0013447A6A02FA03F37B6268
:1051F0005C4B9A6A7B68DB004FF47C7101FA03F325
:1052000043F00303DB431A403B6899687B68DB008B
:10521000043399403B690B43524913438B62514B12
:105220009B6A03F003033A699A4201D0012390E09C
:105230004C4BD96A7A6813469B0013445B001344B5
:105240001B2202FA03F3DB4301EA030245497B6AAE
:105250001343CB623B68DB685A1E3B681B69013B0A
:105260005B021A433B685B69013B1B041A433B68C2
:105270009B69013B1B061A43FB691A603B68DB69AB
:105280005A1E3B681B6A013B1B021A43BB691A602A
:105290007B68002B05D1334BDB6A324A43F0200395
:1052A000D3623B685B6A002B1CD07B68DA00344B0E
:1052B0001344FB60FB681A68324B13403A68526A29
:1052C000D2001A43FB681A60264BD96A7A681346E3
:1052D0009B0013445B001344012202FA03F3214AAA
:1052E0000B43D3621F4B1A687B685B004FF08071E1
:1052F00001FA03F31B4913430B60FCF73DFF786190
:1053000008E0FCF739FF02467B69D31A322B01D93A
:1053100003231EE0134B1A687B685B004FF000719B
:1053200001FA03F31340002BEBD010E00D4B9A6A07
:105330007B68DB0004334FF47C7101FA03F343F024
:105340000303DB431340074A43F00303936297F8D8
:10535000233018462837BD4680BD00BF3044025870
:10536000C0440258004402580090D00300366E0139
:1053700000093D0000127A00FF083D007F841E00F6
:10538000344402580700FFFF80B489B000AF3C4BA3
:105390009B6A7B613A4B9B6B3B617B691B0B03F008
:1053A0003F03FB603B69C3F308030133BB60FB6849
:1053B000002B01D100235CE0314BDB6A03F4006376
:1053C000002B06D02E4BDB6BDB08C3F30C03BB6159
:1053D00001E00023BB617B6903F00303022B19D0BA
:1053E000022B1DD8002B02D0012B16D018E0244B25
:1053F0001B6803F02003002B09D0214B1B68DB083E
:1054000003F003031F4A22FA03F3FB610BE00023BE
:10541000FB6108E01C4BFB6105E01C4BFB6102E0FB
:105420000023FB6100BFFB6907EE903AF8EE676A64
:10543000FB6807EE903AF8EE677A86EEA77ABB68CB
:1054400007EE903AF8EE676ABB6907EE903AB8EE5D
:10545000676ADFED0F5AC6EE257A76EEA77A67EE19
:10546000277AC7ED017AD7ED017AFCEEE77A17EEDD
:10547000903A18462437BD465DF8047B704700BF5C
:10548000004402580090D00300366E0100093D0030
:105490000000004680B489B000AF3C4B9B6A7B6142
:1054A0003A4B1B6C3B617B691B0D03F03F03FB60B8
:1054B0003B69C3F308030133BB60FB68002B01D1D8
:1054C00000235CE0314BDB6A03F48003002B06D041
:1054D0002E4B5B6CDB08C3F30C03BB6101E00023C4
:1054E000BB617B6903F00303022B19D0022B1DD88B
:1054F000002B02D0012B16D018E0244B1B6803F0C0
:105500002003002B09D0214B1B68DB0803F00303A9
:105510001F4A22FA03F3FB610BE00023FB6108E062
:105520001C4BFB6105E01C4BFB6102E00023FB61AF
:1055300000BFFB6907EE903AF8EE676AFB6807EE7A
:10554000903AF8EE677A86EEA77ABB6807EE903A53
:10555000F8EE676ABB6907EE903AB8EE676ADFED6E
:105560000F5AC6EE257A76EEA77A67EE277AC7ED50
:10557000017AD7ED017AFCEEE77A17EE903A1846F9
:105580002437BD465DF8047B704700BF00440258D5
:105590000090D00300366E0100093D000000004677
:1055A0002DE9B04FC2B000AFC7F8F400002387F870
:1055B0000731002387F80631D7F8F430D3E9002308
:1055C00002F48024002554EA050300F09A80AA4BD7
:1055D0001B6F03F44073C7F80031D7F80031002B7C
:1055E0002FD0D7F8F430D3F8843003F44072D7F8D2
:1055F0000031934225D0A14B1B68A04A43F480732D
:1056000013609E4B1B6803F48073002B03D10123AE
:1056100087F8073115E0984B1B6F23F44073C7F8E8
:105620000031954B1B6F944A43F480331367924BC0
:105630001B6F914A23F4803313678F4AD7F80031E8
:10564000136797F80731002B57D1D7F8F430D3F808
:105650008430B3F5807F18D1FCF78EFDC7F8FC00CD
:105660000DE0FCF789FD0246D7F8FC30D21A41F272
:1056700088339A4203D9032387F8073105E07E4B2C
:105680001B6F03F00203002BEBD097F80731002BC0
:105690002ED1D7F8F430D3F8843003F47C33002BC8
:1056A0000ED0754B1B6923F47C51D7F8F430D3F836
:1056B00084301A09724B13406F4A0B43136105E0A3
:1056C0006D4B1B696C4A23F47C5313616A4B196F51
:1056D000D7F8F430D3F8843003F44073664A0B43B0
:1056E0001367654B1B6F644A43F40043136708E07C
:1056F00097F8073187F8063103E097F8073187F804
:105700000631D7F8F430D3E9002302F001084FF056
:10571000000958EA090335D0D7F8F4309B68032B09
:1057200018D801A252F823F05D5700703957007065
:10573000475700705D5700704F4BDB6A4E4A43F08D
:105740004003D3620BE04C4BDB6A4B4A43F48023AB
:10575000D36204E0012387F8073100E000BF97F827
:105760000731002B0AD1444BDB6C23F00301D7F83F
:10577000F4309B68404A0B43D36403E097F8073149
:1057800087F80631D7F8F430D3E9002302F0020A93
:105790004FF0000B5AEA0B0330D0D7F8F430DB6837
:1057A000202B0CD0202B11D8002B13D0102B0DD177
:1057B000314BDB6A304A43F40023D3620BE02E4BBB
:1057C000DB6A2D4A43F48013D36204E0012387F897
:1057D000073100E000BF97F80731002B0AD1264BB4
:1057E000DB6C23F03001D7F8F430DB68224A0B433E
:1057F000D36403E097F8073187F80631D7F8F4301F
:10580000D3E9002302F00403C7F8E8300023C7F807
:10581000EC30D7E93A120B46134337D0D7F8F430BF
:105820001B69802B0CD0802B11D8002B13D0402B60
:105830000DD1114BDB6A104A43F40023D3620BE015
:105840000D4BDB6A0C4A43F48013D36204E001235E
:1058500087F8073100E000BF97F80731002B11D11E
:10586000054BDB6C23F0C001D7F8F4301B69024A0A
:105870000B43D3640AE000BF0044025800480258BA
:10588000CFFFFF0F97F8073187F80631D7F8F430CC
:10589000D3E9002302F00803C7F8E0300023C7F87B
:1058A000E430D7E938120B46134309D0A44BDB6C24
:1058B00023F04051D7F8F4305B69A14A0B43D3641D
:1058C000D7F8F430D3E9002302F40013C7F8D83036
:1058D0000023C7F8DC30D7E936120B4613432CD02F
:1058E000D7F8F4309B6D002B02D0042B07D00DE0CD
:1058F000934BDB6A924A43F40023D3620AE0904B55
:10590000DB6A8F4A43F48013D36203E0012387F8F4
:10591000073100BF97F80731002B0AD1884BDB6CA9
:1059200023F00401D7F8F4309B6D854A0B43D36410
:1059300003E097F8073187F80631D7F8F430D3E958
:10594000002302F01003C7F8D0300023C7F8D4308A
:10595000D7E934120B46134334D0D7F8F4309B699F
:10596000B3F1007F1AD0B3F1007F13D8002B03D01E
:10597000B3F1807F07D00DE0714BDB6A704A43F4CE
:105980008033D3620BE06E4BDB6A6D4A43F0005309
:10599000D36204E0012387F8073100E000BF97F8E5
:1059A0000731002B0AD1664BDB6C23F04071D7F82E
:1059B000F4309B69624A0B43D36403E097F80731E4
:1059C00087F80631D7F8F430D3E9002302F020033A
:1059D000C7F8C8300023C7F8CC30D7E932120B46DD
:1059E000134345D0D7F8F430DB69B3F5A00F2BD0C3
:1059F000B3F5A00F24D8B3F5800F25D0B3F5800FF1
:105A00001ED8B3F5401F1FD0B3F5401F18D8B3F50B
:105A1000001F0ED0B3F5001F12D8002B14D0B3F521
:105A2000801F0DD1464BDB6A454A43F48033D36275
:105A30000BE0434BDB6A424A43F00063D36204E06D
:105A4000012387F8073100E000BF97F80731002BEA
:105A50000AD13B4BDB6C23F4E001D7F8F430DB696F
:105A6000374A0B43D36403E097F8073187F80631D0
:105A7000D7F8F430D3E9002302F04003C7F8C03070
:105A80000023C7F8C430D7E930120B46134309D0BE
:105A90002B4B1B6D23F04051D7F8F4301B6A284A7A
:105AA0000B431365D7F8F430D3E9002302F08003E9
:105AB000C7F8B8300023C7F8BC30D7E92E120B4620
:105AC000134309D01E4BDB6C23F44031D7F8F4307C
:105AD0005B6A1B4A0B43D364D7F8F430D3E9002345
:105AE00002F48073C7F8B0300023C7F8B430D7E9A8
:105AF0002C120B46134329D0D7F8F4309B6A002BA5
:105B00000DD0B3F5802F06D10D4BDB6A0C4A43F064
:105B10008043D36204E0012387F8073100E000BF2F
:105B200097F80731002B0DD1054BDB6C23F4802156
:105B3000D7F8F4309B6A024A0B43D36406E000BFF7
:105B40000044025897F8073187F80631D7F8F43047
:105B5000D3E9002302F40073C7F8A8300023C7F884
:105B6000AC30D7E92A120B46134333D0D7F8F430C0
:105B7000DB6AB3F5000F0ED0B3F5000F12D8002B7F
:105B800014D0B3F5800F0DD1A74BDB6AA64A43F0C2
:105B90004003D3620BE0A44BDB6AA34A43F4803397
:105BA000D36204E0012387F8073100E000BF97F8D3
:105BB0000731002B0AD19C4B1B6D23F44001D7F811
:105BC000F430DB6A984A0B43136503E097F807311A
:105BD00087F80631D7F8F430D3E9002302F40063E4
:105BE000C7F8A0300023C7F8A430D7E928120B4625
:105BF000134332D0D7F8F4301B6BB3F5405F18D0A5
:105C0000B3F5405F11D8B3F5005F12D0B3F5005F74
:105C10000BD8002B0DD0B3F5805F06D1824BDB6A29
:105C2000814A43F00053D36204E0012387F807312F
:105C300000E000BF97F80731002B0AD17A4B1B6DAB
:105C400023F44051D7F8F4301B6B774A0B431365AC
:105C500003E097F8073187F80631D7F8F430D3E935
:105C6000002302F48063C7F898300023C7F89C3003
:105C7000D7E926120B46134332D0D7F8F4305B6BCA
:105C8000B3F5407F18D0B3F5407F11D8B3F5007F4E
:105C900012D0B3F5007F0BD8002B0DD0B3F5807F69
:105CA00006D1614BDB6A604A43F00053D36204E0E3
:105CB000012387F8073100E000BF97F80731002B78
:105CC0000AD1594B1B6D23F44071D7F8F4305B6B4C
:105CD000554A0B43136503E097F8073187F80631FF
:105CE000D7F8F430D3E9002302F48053C7F890309A
:105CF0000023C7F89430D7E924120B4613434BD046
:105D0000D7F8F4309B6BB3F5A02F2BD0B3F5A02FB1
:105D100024D8B3F5802F27D0B3F5802F1ED8B3F544
:105D2000403F23D0B3F5403F18D8B3F5003F0ED025
:105D3000B3F5003F12D8002B1AD0B3F5803F0DD138
:105D4000394BDB6A384A43F48033D36211E0364B77
:105D5000DB6A354A43F00053D3620AE0012387F837
:105D6000073106E000BF04E000BF02E000BF00E032
:105D700000BF97F80731002B0AD12B4B1B6D23F482
:105D8000E021D7F8F4309B6B274A0B43136503E0FF
:105D900097F8073187F80631D7F8F430D3E90023B4
:105DA00002F40053C7F888300023C7F88C30D7E9D5
:105DB00022120B4613434DD0D7F8F430DB6BB3F50A
:105DC000A06F2BD0B3F5A06F24D8B3F5806F27D088
:105DD000B3F5806F1ED8B3F5407F23D0B3F5407F75
:105DE00018D8B3F5007F0ED0B3F5007F12D8002B82
:105DF0001CD0B3F5807F0DD10B4BDB6A0A4A43F40C
:105E00008033D36213E0084BDB6A074A43F0005348
:105E1000D3620CE0012387F8073108E000BF06E0F9
:105E200000BF04E000BF02E00044025800BF97F842
:105E30000731002B0AD1A84B9B6D23F4E061D7F802
:105E4000F430DB6BA44A0B43936503E097F807310A
:105E500087F80631D7F8F430D3E9002302F4804301
:105E6000C7F880300023C7F88430D7E920120B46EA
:105E700013434BD0D7F8F4301B6CB3F5A04F2BD0A5
:105E8000B3F5A04F24D8B3F5804F27D0B3F5804F9A
:105E90001ED8B3F5405F23D0B3F5405F18D8B3F5F3
:105EA000005F0ED0B3F5005F12D8002B1AD0B3F507
:105EB000805F0DD1884BDB6A874A43F48033D3621D
:105EC00011E0854BDB6A844A43F00053D3620AE059
:105ED000012387F8073106E000BF04E000BF02E0BD
:105EE00000BF00E000BF97F80731002B0AD17A4BC2
:105EF0009B6D23F4E041D7F8F4301B6C764A0B43DA
:105F0000936503E097F8073187F80631D7F8F43046
:105F1000D3E9002302F40043BB670023FB67D7E902
:105F20001E120B46134339D0D7F8F4305B6C052BA7
:105F30001CD801A252F823F0755F0070515F007009
:105F40005F5F0070755F0070755F0070755F007057
:105F5000614BDB6A604A43F40033D3620BE05E4B73
:105F6000DB6A5D4A43F08053D36204E0012387F883
:105F7000073100E000BF97F80731002B0AD1564BDC
:105F80009B6D23F00701D7F8F4305B6C524A0B434A
:105F9000936503E097F8073187F80631D7F8F430B6
:105FA000D3E9002302F480333B6700237B67D7E902
:105FB0001C120B46134305D0474BDB6A464A43F09D
:105FC0000053D362D7F8F430D3E9002302F400334E
:105FD000BB660023FB66D7E91A120B46134327D092
:105FE000D7F8F430DB6C002B03D0B3F1006F0BD08B
:105FF00006E0394BDB6A384A43F00053D36204E0D1
:10600000012387F8073100E000BF97F80731002B24
:106010000AD1314BDB6C23F00061D7F8F430DB6C34
:106020002D4A0B43D36403E097F8073187F8063114
:10603000D7F8F430D3E9002302F400233B660023B1
:106040007B66D7E918120B4613434BD0D7F8F430D0
:106050001B6DB3F5802F2DD0B3F5802F26D8B3F567
:10606000403F29D0B3F5403F20D8B3F5003F16D0CC
:10607000B3F5003F1AD8002B03D0B3F5803F07D00B
:1060800014E0154BDB6A144A43F04003D36214E07A
:10609000114BDB6A104A43F48033D3620DE00E4BA0
:1060A000DB6A0D4A43F00063D36206E0012387F800
:1060B000073102E000BF00E000BF97F80731002B76
:1060C0000CD1054B5B6D23F4E021D7F8F4301B6D48
:1060D000014A0B43536505E00044025897F8073125
:1060E00087F80631D7F8F430D3E9002302F480139F
:1060F000BB650023FB65D7E916120B46134351D04D
:10610000D7F8F4305B6DB3F5A00F33D0B3F5A00F23
:106110002CD8B3F5800F2FD0B3F5800F26D8B3F568
:10612000401F2BD0B3F5401F20D8B3F5001F16D069
:10613000B3F5001F1AD8002B03D0B3F5801F07D08A
:1061400014E0934BDB6A924A43F04003D36216E0BB
:106150008F4BDB6A8E4A43F48033D3620FE08C4B63
:10616000DB6A8B4A43F00063D36208E0012387F8BF
:10617000073104E000BF02E000BF00E000BF97F875
:106180000731002B0AD1824B5B6D23F4E001D7F875
:10619000F4305B6D7E4A0B43536503E097F807319B
:1061A00087F80631D7F8F430D3E9002302F48003EE
:1061B0003B6500237B65D7E914120B46134341D09E
:1061C000D7F8F430DB6EB3F1407F27D0B3F1407FD6
:1061D00020D8B3F1007F16D0B3F1007F1AD8002B7E
:1061E00003D0B3F1807F07D014E0694BDB6A684AC3
:1061F00043F04003D36212E0654BDB6A644A43F428
:106200008023D3620BE0624BDB6A614A43F00053A8
:10621000D36204E0012387F8073100E000BF97F85C
:106220000731002B0AD15A4B1B6D23F04071D7F870
:10623000F430DB6E564A0B43136503E097F80731E1
:1062400087F80631D7F8F430D3E9002302F40003CD
:10625000BB640023FB64D7E912120B46134349D0F9
:10626000D7F8F430DB6DB3F5806F2DD0B3F5806FC8
:1062700026D8B3F5407F29D0B3F5407F20D8B3F5B9
:10628000007F16D0B3F5007F1AD8002B03D0B3F5EA
:10629000807F07D014E03E4BDB6A3D4A43F0400369
:1062A000D36214E03A4BDB6A394A43F48033D36259
:1062B0000DE0374BDB6A364A43F00063D36206E0F9
:1062C000012387F8073102E000BF00E000BF97F824
:1062D0000731002B0AD12E4B5B6D23F4E061D7F818
:1062E000F430DB6D2A4A0B43536503E097F807311E
:1062F00087F80631D7F8F430D3E9002302F0807331
:106300003B6400237B64D7E910120B46134345D04E
:10631000D7F8F4301B6E402B27D0402B21D8302BE0
:1063200025D0302B1DD8202B14D0202B19D8002B92
:1063300002D0102B07D014E0154BDB6A144A43F04F
:106340004003D36214E0124BDB6A114A43F48033FA
:10635000D3620DE00E4BDB6A0D4A43F00063D3625B
:1063600006E0012387F8073102E000BF00E000BF2C
:1063700097F80731002B0DD1054B1B6D23F07001F1
:10638000D7F8F4301B6E024A0B43136506E000BFDA
:106390000044025897F8073187F80631D7F8F430EF
:1063A000D3E9002302F00073BB630023FB63D7E94A
:1063B0000E120B46134342D0D7F8F4305B6E502BCD
:1063C00023D0502B1DD8402B21D0402B19D8302B57
:1063D0001FD0302B15D8202B0CD0202B11D8002B00
:1063E00019D0102B0DD1A24BDB6AA14A43F4003324
:1063F000D36211E09E4BDB6A9D4A43F08053D36227
:106400000AE0012387F8073106E000BF04E000BF7F
:1064100002E000BF00E000BF97F80731002B0AD16F
:10642000934B5B6D23F07001D7F8F4305B6E904AAC
:106430000B43536503E097F8073187F80631D7F827
:10644000F430D3E9002302F080633B6300237B63D5
:10645000D7E90C120B46134342D0D7F8F4309B6EA9
:10646000502B23D0502B1DD8402B21D0402B19D896
:10647000302B1FD0302B15D8202B0CD0202B11D82F
:10648000002B19D0102B0DD1794BDB6A784A43F4DD
:106490000033D36211E0764BDB6A754A43F08053D8
:1064A000D3620AE0012387F8073106E000BF04E069
:1064B00000BF02E000BF00E000BF97F80731002BEB
:1064C0000AD16B4B9B6D23F07001D7F8F4309B6EB3
:1064D000674A0B43936503E097F8073187F8063165
:1064E000D7F8F430D3E9002302F08053BB620023D5
:1064F000FB62D7E90A120B46134339D0D7F8F430C0
:106500001B6F052B1CD801A252F823F049650070BF
:10651000256500703365007049650070496500703D
:1065200049650070524BDB6A514A43F40033D36231
:106530000BE04F4BDB6A4E4A43F08053D36204E0DA
:10654000012387F8073100E000BF97F80731002BDF
:106550000AD1474B5B6D23F00702D7F8F4301B6F6D
:10656000434913434B6503E097F8073187F8063139
:10657000D7F8F430D3E9002302F000533B62002344
:106580007B62D7E908120B46134339D0D7F8F430B1
:106590005B6F052B1CD801A252F823F0D96500705F
:1065A000B5650070C3650070D9650070D96500706D
:1065B000D96500702E4BDB6A2D4A43F40033D36259
:1065C0000BE02B4BDB6A2A4A43F08053D36204E092
:1065D000012387F8073100E000BF97F80731002B4F
:1065E0000AD1234B1B6D23F00702D7F8F4305B6F01
:1065F0001F4913430B6503E097F8073187F806310D
:10660000D7F8F430D3E9002302F08043BB610023C4
:10661000FB61D7E906120B4613432FD0D7F8F430AD
:106620009B6FB3F5005F08D0B3F5005F0CD8002B6B
:106630000ED0B3F5805F0BD006E00D4BDB6A0C4A41
:1066400043F08053D36204E0012387F8073100E070
:1066500000BF97F80731002B0CD1054BDB6C23F4FE
:106660004052D7F8F4309B6F01491343CB6405E0E7
:106670000044025897F8073187F80631D7F8F4300C
:10668000D3E9002302F000433B6100237B61D7E99B
:1066900004120B46134334D0D7F8F430D3F88030CB
:1066A000B3F5404F18D0B3F5404F11D8B3F5004FB4
:1066B00012D0B3F5004F0BD8002B0DD0B3F5804F9F
:1066C00006D12F4BDB6A2E4A43F08053D36204E09D
:1066D000012387F8073100E000BF97F80731002B4E
:1066E0000BD1274BDB6C23F44042D7F8F430D3F8BE
:1066F000803023491343CB6403E097F8073187F8D0
:106700000631D7F8F430D3E9002302F00063BB6010
:106710000023FB60D7E902120B4613430AD0184B43
:106720001B6923F40042D7F8F430D3F888301449B9
:1067300013430B61D7F8F430D3E90023002139600B
:1067400003F001037B60D7E900120B46134309D025
:106750000B4BDB6C23F47062D7F8F430DB6F084925
:106760001343CB6497F80631002B01D1002300E0DE
:106770000123184607F58477BD46BDE8B08F00BFFA
:106780000044025880B582B000AF78607B68002B6F
:1067900001D1012342E07B68D3F88830002B06D179
:1067A0007B68002283F88420786800F03BF87B68DF
:1067B0002422C3F888207B681B681A687B681B68E2
:1067C00022F001021A607B689B6A002B02D0786875
:1067D00000F062FC786800F0C9F80346012B01D193
:1067E00001231BE07B681B685A687B681B6822F4E6
:1067F00090425A607B681B689A687B681B6822F02D
:106800002A029A607B681B681A687B681B6842F0E2
:1068100001021A60786800F0E1FC03461846083768
:10682000BD4680BD80B483B000AF786000BF0C3738
:10683000BD465DF8047B704780B58AB002AFF86052
:10684000B9603B601346FB80FB68D3F88830202B8F
:1068500040F08680BB68002B02D0FB88002B01D162
:1068600001237EE0FB680022C3F89020FB68212210
:10687000C3F88820FBF780FC7861FB68FA88A3F8EE
:106880005420FB68FA88A3F85620FB689B68B3F590
:10689000805F08D1FB681B69002B04D10023FB61DA
:1068A000BB68BB6103E0BB68FB610023BB613AE0EE
:1068B0003B6800937B6900228021F86800F038FD76
:1068C0000346002B05D0FB682022C3F88820032351
:1068D00047E0FB69002B0BD1BB691B881A46FB689C
:1068E0001B68C2F308029A62BB690233BB6107E00E
:1068F000FB691A78FB681B689A62FB690133FB61CC
:10690000FB68D3F8883003F02103212B09D1FB6801
:10691000B3F856309BB2013B9AB2FB68A3F85620FD
:1069200001E001231DE0FB68B3F856309BB2002B59
:10693000BED13B6800937B6900224021F86800F0DB
:10694000F7FC0346002B05D0FB682022C3F8882003
:10695000032306E0FB682022C3F88820002300E020
:10696000022318462037BD4680BD00002DE9B04FF8
:106970008CB000AF7861002387F82A307B699A6871
:106980007B691B691A437B695B691A437B69DB6915
:106990001343FB627B691B681A68B34B13407A6927
:1069A0001268F96A0B4313607B691B685B6823F408
:1069B00040517B69DA687B691B680A435A607B69CE
:1069C0009B69FB627B691B68A84A934204D07B6980
:1069D0001B6AFA6A1343FB627B691B689A68A44BC3
:1069E00013407A691268F96A0B4393607B691B68EC
:1069F000DB6A23F00F017B695A6A7B691B680A43D3
:106A0000DA627B691B689B4A934231D19A4B5B6D7A
:106A100003F00703052B27D801A252F823F000BF8B
:106A2000396A0070416A0070496A0070516A0070EA
:106A3000596A0070616A0070012387F82B30A0E06A
:106A4000042387F82B309CE0082387F82B3098E04C
:106A5000102387F82B3094E0202387F82B3090E028
:106A6000402387F82B308CE0802387F82B3088E098
:106A70007B691B68814A934218D07B691B68804AF6
:106A8000934213D07B691B687E4A93420ED07B6988
:106A90001B687D4A934209D07B691B687B4A9342FD
:106AA00004D07B691B687A4A934231D1724B1B6DCB
:106AB00003F00703052B27D801A252F823F000BFEB
:106AC000D96A0070E16A0070E96A0070F16A0070CA
:106AD000F96A0070016B0070002387F82B3016E014
:106AE000042387F82B3012E0082387F82B300EE0C0
:106AF000102387F82B300AE0202387F82B3006E09C
:106B0000402387F82B3002E0802387F82B3038E0D1
:106B10007B691B68554A934230D1574B9B6D03F0FC
:106B20000703052B26D801A252F823F0456B00700D
:106B30004D6B0070556B00705D6B0070656B007085
:106B40006D6B0070022387F82B301AE0042387F85E
:106B50002B3016E0082387F82B3012E0102387F83B
:106B60002B300EE0202387F82B300AE0402387F8F3
:106B70002B3006E0802387F82B3002E0802387F853
:106B80002B307B691B68394A934240F0FE8097F8AE
:106B90002B30202B48DC022BC0F28880023B1E2BBE
:106BA00000F2848001A252F823F000BF3F6C007015
:106BB000AD6C00702F6C0070AD6C0070AD6C00702F
:106BC000AD6C0070376C0070AD6C0070AD6C007017
:106BD000AD6C0070AD6C0070AD6C0070AD6C007091
:106BE000AD6C0070476C0070AD6C0070AD6C0070E7
:106BF000AD6C0070AD6C0070AD6C0070AD6C007071
:106C0000AD6C0070AD6C0070AD6C0070AD6C007060
:106C1000AD6C0070AD6C0070AD6C0070AD6C007050
:106C2000AD6C00709F6C0070402B3BD03EE0FEF7D7
:106C300029FA786240E0FEF73BFA78623CE0FEF722
:106C400005FA786238E00C4B1B6803F02003002B38
:106C500022D0094B1B68DB0803F003030D4A22FA1C
:106C600003F37B6228E000BFF369FFCF000C0058FC
:106C7000FFF4FF110010004200440258004400409D
:106C800000480040004C00400050004000780040A8
:106C9000007C00400090D003994B7B620CE0994B44
:106CA0007B6209E04FF400437B6205E000237B62D6
:106CB000012387F82A3000BF7B6A002B00F0CE81C9
:106CC0007B695B6A904A32F813301A467B6AB3FBE1
:106CD000F2F3BB617B695A6813465B001344BA69DF
:106CE0009A4205D37B695B681B03BA699A4203D950
:106CF000012387F82A30B1E17B6A0022BB60FA6089
:106D00007B695B6A804A32F813309BB200223B6099
:106D10007A60D7E90023D7E90201F9F7C9FA0246F8
:106D20000B46104619464FF000024FF000030B02CD
:106D300043EA1063020279694968490800200C4659
:106D4000054612EB040843EB05097B695B680022EA
:106D50009A46934652465B4640464946F9F7A8FA9A
:106D600002460B4613463B623B6AB3F5407F08D3AD
:106D70003B6AB3F5801F04D27B691B683A6ADA600C
:106D80006CE1012387F82A3068E17B69DB69B3F5A0
:106D9000004F40F0BD8097F82B30202B48DC002BB3
:106DA00073DB202B71D801A252F823F0376E0070EC
:106DB0003F6E00708B6E00708B6E0070476E0070BF
:106DC0008B6E00708B6E00708B6E00704F6E00705B
:106DD0008B6E00708B6E00708B6E00708B6E00700F
:106DE0008B6E00708B6E00708B6E0070576E007033
:106DF0008B6E00708B6E00708B6E00708B6E0070EF
:106E00008B6E00708B6E00708B6E00708B6E0070DE
:106E10008B6E00708B6E00708B6E00708B6E0070CE
:106E20008B6E00708B6E00708B6E00707D6E0070CC
:106E3000402B26D029E0FEF7D1F878622BE0FEF750
:106E4000E9F8786227E0FEF71DF9786223E0FEF7A3
:106E50002FF978621FE02D4B1B6803F02003002BF5
:106E600009D02A4B1B68DB0803F00303244A22FAEB
:106E700003F37B620FE0224B7B620CE0214B7B62D1
:106E800009E04FF400437B6205E000237B620123AD
:106E900087F82A3000BF7B6A002B00F0DF807B6917
:106EA0005B6A194A32F813301A467B6AB3FBF2F375
:106EB0005A007B695B685B081A447B695B68B2FBBC
:106EC000F3F33B623B6A0F2B16D93B6AB3F5803F65
:106ED00012D23B6A9BB223F00F03FB833B6A5B0831
:106EE0009BB203F007039AB2FB8B1343FB837B69CE
:106EF0001B68FA8BDA60B1E0012387F82A30ADE035
:106F00000090D00300093D00681A01700044025847
:106F100097F82B30202B49DC002B74DB202B72D808
:106F200001A252F823F000BFB36F0070BB6F007076
:106F30000770007007700070C36F007007700070FA
:106F40000770007007700070CB6F007007700070E2
:106F50000770007007700070077000700770007095
:106F60000770007007700070D36F007007700070BA
:106F70000770007007700070077000700770007075
:106F80000770007007700070077000700770007065
:106F90000770007007700070077000700770007055
:106FA0000770007007700070F96F0070402B26D0DA
:106FB00029E0FEF713F878622BE0FEF72BF87862F1
:106FC00027E0FEF75FF8786223E0FEF771F8786259
:106FD0001FE02D4B1B6803F02003002B09D02A4B28
:106FE0001B68DB0803F00303284A22FA03F37B62E1
:106FF0000FE0264B7B620CE0254B7B6209E04FF4EF
:1070000000437B6205E000237B62012387F82A307E
:1070100000BF7B6A002B21D07B695B6A1D4A32F876
:1070200013301A467B6AB3FBF2F27B695B685B083C
:107030001A447B695B68B2FBF3F33B623B6A0F2B3C
:1070400009D93B6AB3F5803F05D23B6A9AB27B69A6
:107050001B68DA6002E0012387F82A307B6901228D
:10706000A3F86A207B690122A3F868207B690022CB
:107070005A677B6900229A6797F82A30184630379A
:10708000BD46BDE8B08F00BF004402580090D00359
:1070900000093D00681A017080B483B000AF7860C9
:1070A0007B689B6A03F00803002B0AD07B681B688F
:1070B0005B6823F400417B689A6B7B681B680A431A
:1070C0005A607B689B6A03F00103002B0AD07B683F
:1070D0001B685B6823F400317B68DA6A7B681B6895
:1070E0000A435A607B689B6A03F00203002B0AD0B4
:1070F0007B681B685B6823F480317B681A6B7B6854
:107100001B680A435A607B689B6A03F00403002BE8
:107110000AD07B681B685B6823F480217B685A6B0C
:107120007B681B680A435A607B689B6A03F0100304
:10713000002B0AD07B681B689B6823F480517B6816
:10714000DA6B7B681B680A439A607B689B6A03F072
:107150002003002B0AD07B681B689B6823F4005136
:107160007B681A6C7B681B680A439A607B689B6A21
:1071700003F04003002B1AD07B681B685B6823F484
:1071800080117B685A6C7B681B680A435A607B6875
:107190005B6CB3F5801F0AD17B681B685B6823F4C6
:1071A000C0017B689A6C7B681B680A435A607B68E5
:1071B0009B6A03F08003002B0AD07B681B685B6826
:1071C00023F400217B68DA6C7B681B680A435A60F1
:1071D00000BF0C37BD465DF8047B704780B598B0A2
:1071E00002AF78607B680022C3F89020FAF7C4FFF2
:1071F00078657B681B681B6803F00803082B2FD198
:107200006FF07E4300937B6D00224FF4001178688D
:1072100000F08EF80346002B22D07B681B68BB630E
:10722000BB6B53E8003F7B637B6B23F080033B65C4
:107230007B681B681A463B6D7B643A64396C7A6CD8
:1072400041E80023FB63FB6B002BE6D17B68202227
:10725000C3F888207B68002283F88420032363E03E
:107260007B681B681B6803F00403042B49D16FF093
:107270007E4300937B6D00224FF48001786800F01C
:1072800057F80346002B3CD07B681B687B627B6A07
:1072900053E8003F3B623B6A23F49073FB647B68D6
:1072A0001B681A46FB6C3B63FA62F96A3A6B41E869
:1072B0000023BB62BB6A002BE6D17B681B680833E6
:1072C0003B613B6953E8003FFB60FB6823F001032F
:1072D000BB647B681B680833BA6CFA61BB61B9692F
:1072E000FA6941E800237B617B69002BE5D17B686B
:1072F0002022C3F88C207B68002283F8842003239B
:1073000012E07B682022C3F888207B682022C3F823
:107310008C207B680022DA667B6800221A677B6813
:10732000002283F88420002318465837BD4680BDCC
:1073300080B584B000AFF860B9603B601346FB7164
:107340004FE0BB69B3F1FF3F4BD0FAF715FF0246A0
:107350003B68D31ABA699A4202D3BB69002B01D1A8
:1073600003234EE0FB681B681B6803F00403002B3B
:1073700037D0BB68802B34D0BB68402B31D0FB6842
:107380001B68DB6903F00803082B10D1FB681B683E
:1073900008221A62F86800F039F8FB680822C3F87E
:1073A0009020FB68002283F88420012329E0FB68F9
:1073B0001B68DB6903F40063B3F5006F11D1FB6850
:1073C0001B684FF400621A62F86800F01FF8FB684F
:1073D0002022C3F89020FB68002283F88420032336
:1073E0000FE0FB681B68DA69BB681340BA689A4211
:1073F0000CBF01230023DBB21A46FB799A42A0D0CE
:10740000002318461037BD4680BD000080B495B0FB
:1074100000AF78607B681B687B637B6B53E8003F41
:107420003B633B6B23F49073FB647B681B681A46D9
:10743000FB6C3B64FA63F96B3A6C41E80023BB6375
:10744000BB6B002BE6D17B681B6808333B623B6A51
:1074500053E8003FFB61FA691E4B1340BB647B6835
:107460001B680833BA6CFA62BB62B96AFA6A41E80F
:1074700000237B627B6A002BE5D17B68DB6E012BEE
:1074800018D17B681B68FB60FB6853E8003FBB605A
:10749000BB6823F010037B647B681B681A467B6C17
:1074A000BB617A617969BA6941E800233B613B6954
:1074B000002BE6D17B682022C3F88C207B68002259
:1074C000DA667B6800225A6700BF5437BD465DF814
:1074D000047B7047FEFFFFEF80B58AB004AFF86011
:1074E000B9603B601346FB80FB889B00184602F0A6
:1074F00073F938613B69002B13D0702002F06CF9EE
:1075000078617B69002B08D070220021786909F02E
:10751000C5FA7B693A691A6305E0386902F00EFA28
:1075200001E000237B617B69002B0DD0FA880023EA
:1075300003937B6902937B6A01933B6A00933B68E8
:10754000B968F86800F029F87B6918461837BD4615
:1075500080BD80B588B002AFF860B9603B6013466B
:10756000FB80FA887B6A01933B6A00933B68B968A9
:10757000F868FFF7B1FF38613B69002B05D0386927
:1075800000F074F801237B6102E04FF0FF337B6170
:107590007B6918461837BD4680BD80B586B000AF00
:1075A000F860B9603B601346FB80BB6A1A6BF988D0
:1075B0006FF040430B449B0013443B613B6923F055
:1075C00007033B61BB68002B1ED000237B6112E0E8
:1075D000BA687B6913441978BA6A7B6913443433F7
:1075E0000A461A70BA687B6913441B78002B06D0D0
:1075F0007B6901337B617B690F2BE9D900E000BF18
:10760000BB6A002283F843203B6A372B01D937231A
:107610003B62BB6A3A6ADA62BB6A3A6A5A64BB6A1C
:107620000433184601F064FCBB6A1833184601F0B5
:107630005FFCBB6ABA6A1A613B6AC3F13802BB6A73
:107640009A61BB6ABA6A5A623A68F968386901F0A5
:1076500055FF0246BB6A1A607B6A002B02D07B6A28
:10766000BA6A1A6000BF1837BD4680BD80B584B0C5
:1076700000AF786001F0F2FF404B1B6801333F4AD6
:1076800013603F4B1B68002B09D13D4A7B68136098
:107690003A4B1B68012B10D100F0CAFE0DE0394BAC
:1076A0001B68002B09D1364B1B68DA6A7B68DB6AE2
:1076B0009A4202D8324A7B681360334B1B6801330D
:1076C000314A13607B68DA6A304B1B689A4203D9EF
:1076D0007B68DB6A2D4A13607B68DA6A2C491346A3
:1076E0009B0013449B000B4404331B68FB607B68C6
:1076F000FA689A60FB689A687B68DA60FB689B6846
:107700007A6804325A607B681A1DFB689A607B684D
:10771000DA6A13469B0013449B001D4A1A447B6897
:107720005A617B68DA6A1A4913469B0013449B002E
:107730000B441B687A68D26A591C154813469B0093
:1077400013449B000344196001F0A4FF0D4B1B6818
:10775000002B0ED00A4B1B68DA6A7B68DB6A9A4200
:1077600007D20C4B4FF080521A60BFF34F8FBFF31C
:107770006F8F00BF1037BD4680BD00BF5C0700247F
:107780008802002468070024780700246407002486
:107790008C02002404ED00E080B586B000AF786074
:1077A00000237B6101F05AFF7B68002B02D12D4B37
:1077B0001B6800E07B683B613B690433184601F0BD
:1077C00001FC3B699B6A002B04D03B6918331846C7
:1077D00001F0F8FB244B1B680133234A1360214B53
:1077E0001B683A699A4201D1012300E00023FB6043
:1077F0001E4B1B68002B10D0FB68002B0DD03B6983
:10780000043319461A4801F080FB1A4B1B680133F8
:10781000184A136001237B6106E0174B1B68013B8C
:10782000154A136000F082FE01F034FF7B69012BE2
:1078300002D0386900F06AFE0C4B1B68002B0CD09C
:10784000084B1B683A699A4207D10C4B4FF08052A3
:107850001A60BFF34F8FBFF36F8F00BF1837BD465D
:1078600080BD00BF88020024780700246807002438
:1078700030070024440700245C07002404ED00E0E6
:1078800080B584B000AF78600023FB607B68002B7C
:1078900008D000F0CBF90021786800F0F7FE00F086
:1078A000D3F9F860FB68002B07D1064B4FF08052EC
:1078B0001A60BFF34F8FBFF36F8F00BF1037BD4605
:1078C00080BD00BF04ED00E080B586B000AF7860F9
:1078D00001F0C4FE7B68002B02D1304B1B6800E036
:1078E0007B683B613B690433184601F06BFB3B69E5
:1078F0009B6A002B04D03B691833184601F062FBE9
:107900003B6904331946264801F0FFFA00237B61E6
:1079100010E03A697B6913446C331B78DBB2012BAE
:1079200005D13A697B6913446C3300221A707B6974
:1079300001337B617B69022BEBDD01F0ABFE194B60
:107940001B68002B05D001F089FE00F0EFFD01F06F
:10795000A1FE124B1B683A699A421AD1114B1B685F
:10796000002B08D0104B4FF080521A60BFF34F8F9E
:10797000BFF36F8F0DE00A4B1B68FB600B4B1B685E
:10798000FA689A4203D1054B00221A6001E000F028
:1079900061FB00BF1837BD4680BD00BF88020024D0
:1079A000480700246807002404ED00E05C07002479
:1079B00080B487B000AF786000237B617B68FB6098
:1079C000FB685B69144A93421ED1FB689B6A134AA9
:1079D000934219D0FB689B6A002B15D101237B6170
:1079E00000233B610DE0FA683B6913446C331B785C
:1079F000DBB2012B02D100237B6105E03B6901333F
:107A00003B613B69022BEEDD7B6918461C37BD46A6
:107A10005DF8047B704700BF480700241C07002462
:107A200080B584B000AF78607B68FB60354B1B6825
:107A3000FA689A4262D0FB68002B5FD001F00EFE1C
:107A4000F868FFF7B5FF0346002B55D0FB680433F9
:107A5000184601F0B7FAFB68DA6A2B4B1B689A42AA
:107A600003D9FB68DB6A284A1360FB68DA6A274996
:107A700013469B0013449B000B4404331B68BB60FC
:107A8000FB68BA689A60BB689A68FB68DA60BB6892
:107A90009B68FA6804325A60FB681A1DBB689A60DA
:107AA000FB68DA6A13469B0013449B00174A1A448A
:107AB000FB685A61FB68DA6A144913469B00134459
:107AC0009B000B441B68FA68D26A591C0F48134686
:107AD0009B0013449B00034419600A4B1B68DA6A3D
:107AE000FB68DB6A9A4207D2094B4FF080521A605A
:107AF000BFF34F8FBFF36F8F01F0CCFD00BF103786
:107B0000BD4680BD88020024640700248C02002446
:107B100004ED00E080B58AB002AF0123FB613B4673
:107B200000221A605A609A60DA6000233B610023E9
:107B30007B6111E01F4A7B69134419783A467B69DF
:107B400013440A461A703A467B6913441B78002B8B
:107B500006D07B6901337B617B690E2BEAD900E09B
:107B600000BF3A467B69134400221A700023BB61B0
:107B700015E0114B3B61BB699B00104A1344394629
:107B8000019300230093002380223869FFF7E1FC72
:107B9000F861FB69012B06D1BB690133BB61BB698D
:107BA000002BE6DD00E000BFFB6918462037BD462C
:107BB00080BD00BF3C190170018400708007002463
:107BC00080B582B000AFFFF7A5FF78607B68012B1E
:107BD00002D101F021FA78607B68012B17D14FF0B8
:107BE000500372B683F31188BFF36F8FBFF34F8FCB
:107BF00062B63B6000BF094B4FF0FF321A60084B82
:107C000001221A60074B00221A6001F0EFFC064BBC
:107C10001B6800BF0837BD4680BD00BF7C0700243D
:107C20006807002460070024801A017080B400AF48
:107C3000044B1B680133034A136000BFBD465DF867
:107C4000047B70478407002480B588B000AF002310
:107C5000FB610023BB6101F001FD00233B616E4B22
:107C60001B68013B6C4A13606B4B1B68002B40F098
:107C7000CB806A4B1B68002B00F0C6808FE0684BFE
:107C8000DB68DB68FB61FB699B6AFB60FB69DB69A6
:107C9000FA69126A9A60FB691B6AFA69D2695A60CA
:107CA000FB685A68FB6918339A4203D1FB691A6A68
:107CB000FB685A60FB6900229A62FB681B685A1EC7
:107CC000FB681A60FB695B69BB60FB699B68FA69CA
:107CD000D2689A60FB69DB68FA6992685A60BB688F
:107CE0005A68FB6904339A4203D1FB69DA68BB68BE
:107CF0005A60FB6900225A61BB681B685A1EBB6848
:107D00001A60FB69DA6A474B1B689A4203D9FB6920
:107D1000DB6A444A1360FB69DA6A434913469B00F5
:107D200013449B000B4404331B687B60FB697A6837
:107D30009A607B689A68FB69DA607B689B68FA697D
:107D400004325A60FB691A1D7B689A60FB69DA6A23
:107D500013469B0013449B00334A1A44FB695A6143
:107D6000FB69DA6A304913469B0013449B000B44BD
:107D70001B68FA69D26A591C2B4813469B001344AE
:107D80009B0003441960FB69DA6A284B1B68DB6AB5
:107D90009A4204D9264A3B69012142F82310204B1C
:107DA0001B68002B7FF46BAFFB69002B01D000F048
:107DB000BDFB204B1B687B617B69002B12D000F060
:107DC0004DF80346002B04D0194A3B69012142F8C3
:107DD00023107B69013B7B617B69002BEFD1154B45
:107DE00000221A60124A3B6952F82330002B0BD054
:107DF0000123BB610D4B1B680F4B4FF080521A6083
:107E0000BFF34F8FBFF36F8F01F044FCBB6918467F
:107E10002037BD4680BD00BF840700245C070024D6
:107E20001C070024640700248C020024880200241C
:107E3000700700246C07002404ED00E080B483B0D8
:107E400000AF054B1B687B607B6818460C37BD464E
:107E50005DF8047B704700BF6007002480B588B0E0
:107E600000AF0023FB61704B1B68002B40F0D180FA
:107E70006E4B1B680133BB616C4ABB691360BB6905
:107E8000002B10D16A4B1B687B616A4B1B68684AE8
:107E90001360684A7B691360674B1B680133664A4D
:107EA000136000F043FB654B1B68BA699A42C0F04F
:107EB000A9805F4B1B681B68002B04D15F4B4FF000
:107EC000FF321A609EE05A4B1B68DB68DB683B613F
:107ED0003B695B68FB60BA69FB689A4203D2574A08
:107EE000FB6813608EE03B695B69BB603B699B6824
:107EF0003A69D2689A603B69DB683A6992685A606D
:107F0000BB685A683B6904339A4203D13B69DA681B
:107F1000BB685A603B6900225A61BB681B685A1EE5
:107F2000BB681A603B699B6A002B1ED03B699B6A49
:107F30007B603B69DB693A69126A9A603B691B6A3C
:107F40003A69D2695A607B685A683B6918339A4229
:107F500003D13B691A6A7B685A603B6900229A62C6
:107F60007B681B685A1E7B681A603B69DA6A344B6F
:107F70001B689A4203D93B69DB6A314A13603B694B
:107F8000DA6A304913469B0013449B000B440433C8
:107F90001B683B603B693A689A603B689A683B693A
:107FA000DA603B689B683A6904325A603B691A1D83
:107FB0003B689A603B69DA6A13469B0013449B0056
:107FC000204A1A443B695A613B69DA6A1D491346E3
:107FD0009B0013449B000B441B683A69D26A591CEE
:107FE000184813469B0013449B00034419603B69E7
:107FF000DA6A154B1B68DB6A9A427FF65AAF012397
:10800000FB6156E7114B1B68002B07D00123FB6176
:1080100004E00F4B1B6801330D4A1360FB691846DF
:108020002037BD4680BD00BF8407002460070024C0
:108030001407002418070024740700247C07002478
:10804000640700248C0200248802002470070024A6
:108050006C07002480B483B000AF214B1B68002B59
:1080600003D0204B01221A6034E01E4B00221A601C
:108070001D4B1B687B6002E07B68013B7B601B49FA
:108080007A6813469B0013449B000B441B68002B2B
:10809000F2D07A6813469B0013449B00134A1344A2
:1080A0003B603B685B685A683B685A603B685A684B
:1080B0003B6808339A4203D13B68DA683B685A60F0
:1080C0003B685B68DB680A4A1360074A7B68136099
:1080D000074B1B6800BF0C37BD465DF8047B70473B
:1080E0008407002470070024640700248C02002405
:1080F0008802002480B582B000AF78603960074BF9
:108100001B6818331946786800F023FF012138688E
:1081100000F0BCFA00BF0837BD4680BD88020024CD
:1081200080B586B000AFF860B9607A60FB685B68C4
:108130007B61164B1B687A69DA61144B1B687A699C
:1081400092681A62114B1A687B699B6818325A60F0
:108150000E4B1B6803F118027B699A600B4B1B687E
:10816000FA689A62FB681B685A1CFB681A607B6895
:10817000002B02D04FF0FF33BB607968B86800F085
:1081800085FA00BF1837BD4680BD00BF88020024B5
:1081900080B489B000AF78607B68DB68DB68BB6166
:1081A000BB699B6A7B61BB69DB69BA69126A9A60C9
:1081B000BB691B6ABA69D2695A607B695A68BB6934
:1081C00018339A4203D1BB691A6A7B695A60BB694A
:1081D00000229A627B691B685A1E7B691A604C4BAD
:1081E0001B68002B61D1BB695B69FB60BB699B6845
:1081F000BA69D2689A60BB69DB68BA6992685A60EA
:10820000FB685A68BB6904339A4203D1BB69DA68D8
:10821000FB685A60BB6900225A61FB681B685A1EE2
:10822000FB681A60BB69DA6A3A4B1B689A4203D949
:10823000BB69DB6A374A1360BB69DA6A36491346A1
:108240009B0013449B000B4404331B68BB60BB6959
:10825000BA689A60BB689A68BB69DA60BB689B6859
:10826000BA6904325A60BB691A1DBB689A60BB695F
:10827000DA6A13469B0013449B00274A1A44BB69E1
:108280005A61BB69DA6A244913469B0013449B0078
:108290000B441B68BA69D26A591C1F4813469B00DD
:1082A00013449B00034419601BE01C4B5B683B615B
:1082B000BB693A69DA613B699A68BB691A623B69D2
:1082C0009B68BA6918325A60BB6903F118023B69AE
:1082D0009A60BB69114A9A62104B1B6801330F4ABE
:1082E0001360BB69DA6A0E4B1B68DB6A9A4205D9D8
:1082F0000123FB610B4B01221A6001E00023FB61AB
:10830000FB6918462437BD465DF8047B704700BF03
:1083100084070024640700248C0200241C07002426
:10832000880200247007002480B483B000AF786016
:10833000064B1A687B681A60054B1A687B685A609E
:1083400000BF0C37BD465DF8047B704774070024FE
:108350006007002480B586B000AF7860396001F016
:108360007DF91F4B1B683B617B685B683A69D31AD8
:10837000FB603B681B68B3F1FF3F02D100237B61C8
:1083800026E07B681A68174B1B689A420AD07B6804
:108390005B683A699A4205D301237B613B680022FE
:1083A0001A6015E03B681B68FA689A420BD23B687A
:1083B0001A68FB68D21A3B681A607868FFF7B4FF46
:1083C00000237B6104E03B6800221A6001237B618B
:1083D00001F060F97B6918461837BD4680BD00BFC3
:1083E000600700247407002480B400AF034B01220F
:1083F0001A6000BFBD465DF8047B7047700700241B
:1084000080B582B000AF786000F052F8064B1B6870
:10841000012BF9D9054B4FF080521A60BFF34F8FF3
:10842000BFF36F8FF0E700BF8C02002404ED00E083
:1084300080B582B000AF00237B600CE07A68134601
:108440009B0013449B00124A1344184600F030FD71
:108450007B6801337B607B68372BEFD90D4800F0D8
:1084600027FD0D4800F024FD0C4800F021FD0C48CC
:1084700000F01EFD0B4800F01BFD0B4B054A1A6077
:108480000A4B054A1A6000BF0837BD4680BD00BFD1
:108490008C020024EC060024000700241C070024A2
:1084A000300700244807002414070024180700247C
:1084B00080B582B000AF19E001F0D0F8104BDB6856
:1084C000DB687B607B680433184600F07BFD0D4B56
:1084D0001B68013B0B4A13600B4B1B68013B0A4AAC
:1084E000136001F0D7F8786800F010F8064B1B68AD
:1084F000002BE1D100BF00BF0837BD4680BD00BFE3
:10850000300700245C0700244407002480B582B0B3
:1085100000AF78607B681B6B184601F00FFA786833
:1085200001F00CFA00BF0837BD4680BD80B400AF33
:108530000A4B1B681B68002B04D1094B4FF0FF321C
:108540001A6005E0054B1B68DB681B68044A136072
:1085500000BFBD465DF8047B704700BF14070024D0
:108560007C07002480B483B000AF0B4B1B68002B4A
:1085700002D101237B6008E0084B1B68002B02D16D
:1085800002237B6001E000237B607B6818460C3788
:10859000BD465DF8047B704768070024840700240B
:1085A00080B586B000AF78607B683B6100237B615B
:1085B0007B68002B61D03B699B6C5A1E3B699A64B7
:1085C0003B69DA6A3B695B6C9A4256D03B699B6CAB
:1085D000002B52D13B690433184600F0F3FC3B6991
:1085E0005A6C3B69DA623B69DB6AC3F138023B696A
:1085F0009A613B69DA6A234B1B689A4203D93B694B
:10860000DB6A204A13603B69DA6A1F4913469B0004
:1086100013449B000B4404331B68FB603B69FA68FE
:108620009A60FB689A683B69DA60FB689B683A6904
:1086300004325A603B691A1DFB689A603B69DA6A2A
:1086400013469B0013449B000F4A1A443B695A612E
:108650003B69DA6A0C4913469B0013449B000B44A8
:108660001B683A69D26A591C074813469B00134499
:108670009B000344196001237B617B69184618370E
:10868000BD4680BD640700248C02002480B588B0FC
:1086900000AF786039602F4B1B68FB612E4B1B6865
:1086A000BB612E4B1B687B612D4B1B680433184646
:1086B00000F088FC7B68B3F1FF3F24D13B68002BBE
:1086C00021D0284B5B683B61254B1B683A699A6057
:1086D000234B1B683A699268DA60214B1A683B6940
:1086E0009B6804325A601E4B1B681A1D3B699A60D6
:1086F0001B4B1B681B4A5A611A4B1B680133194AF2
:10870000136000BF22E0FA697B681344FB60144BDE
:108710001B68FA685A60FA68FB699A4207D2104BE4
:108720001B6804331946786900F013FC0EE00C4B0B
:108730001B6804331946B86900F00BFC0A4B1B6830
:10874000FA689A4202D2084AFB68136000BF2037D9
:10875000BD4680BD600700241407002418070024CC
:1087600088020024480700247C07002480B584B0D8
:1087700000AF786039600123FB607B68BB60BB6839
:10878000002B5DD0BB68DB6B002B59D0BB681A6C2B
:10879000BB68DB6B0021A3FB0223002B00D001216F
:1087A0000B46002B4CD100F059FFBB681A68BB6820
:1087B000DB6BB968096C01FB03F31A44BB689A6070
:1087C000BB6800229A63BB681A68BB685A60BB68C2
:1087D0001A68BB68DB6B013BB968096C01FB03F3EA
:1087E0001A44BB68DA60BB68FF2283F84420BB6888
:1087F000FF2283F845203B68002B14D1BB681B691E
:10880000002B1AD0BB6810331846FFF7C1FC034693
:10881000002B12D00E4B4FF080521A60BFF34F8FD7
:10882000BFF36F8F09E0BB681033184600F040FBC0
:10883000BB682433184600F03BFB00F02BFF01E03F
:108840000023FB60FB6818461037BD4680BD00BFA3
:1088500004ED00E080B58AB002AFF860B96013465D
:10886000FB710023FB61FB68002B2DD00021BA684F
:10887000FB68A3FB0223002B00D001210B46002B39
:1088800022D1FB68BA6802FB03F313F1490F1BD82E
:10889000FB68BA6802FB03F3BB61BB694833184647
:1088A00000F09AFFF861FB69002B0DD0FB697B613A
:1088B0007B6948337B61FA79FB69009313467A69D7
:1088C000B968F86800F005F8FB6918462037BD461E
:1088D00080BD80B584B000AFF860B9607A60FB708D
:1088E000BB68002B03D1BB69BA691A6002E0BB699F
:1088F0007A681A60BB69FA68DA63BB69BA681A6495
:108900000121B869FFF732FF00BF1037BD4680BDB7
:1089100080B58AB000AFF860B9607A603B60002330
:108920007B62FB683B6200F099FE3B6A9A6B3B6A94
:10893000DB6B9A4202D33B68022B29D13A68B968B3
:10894000386A00F031F9F8613B6A5B6A002B10D09D
:108950003B6A24331846FFF71BFC0346002B13D059
:108960003F4B4FF080521A60BFF34F8FBFF36F8FB2
:108970000AE0FB69002B07D0394B4FF080521A6098
:10898000BFF34F8FBFF36F8F00F084FE012363E0CE
:108990007B68002B03D100F07DFE00235CE07B6A46
:1089A000002B06D107F114031846FFF7BDFC012385
:1089B0007B6200F06FFEFFF739F900F04FFE3B6A73
:1089C00093F844305BB2B3F1FF3F03D13B6A00221E
:1089D00083F844203B6A93F845305BB2B3F1FF3F24
:1089E00003D13B6A002283F8452000F053FE3A1D74
:1089F00007F1140311461846FFF7ACFC0346002BA1
:108A000024D1386A00F0C8F90346002B18D03B6A1D
:108A100010337A6811461846FFF76CFB386A00F08D
:108A200053F9FFF711F90346002B7FF47CAF0C4B91
:108A30004FF080521A60BFF34F8FBFF36F8F72E712
:108A4000386A00F041F9FFF7FFF86CE7386A00F088
:108A50003BF9FFF7F9F8002318462837BD4680BDDB
:108A600004ED00E080B58AB000AFF860B9607A60CC
:108A700000237B62FB683B6200F0F0FD3B6A9B6B6E
:108A8000FB61FB69002B1FD0B968386A00F0F6F86B
:108A9000FB695A1E3B6A9A633B6A1B69002B0FD025
:108AA0003B6A10331846FFF773FB0346002B07D0D1
:108AB0003C4B4FF080521A60BFF34F8FBFF36F8F64
:108AC00000F0E8FD012369E07B68002B03D100F092
:108AD000E1FD002362E07B6A002B06D107F114035D
:108AE0001846FFF721FC01237B6200F0D3FDFFF75E
:108AF0009DF800F0B3FD3B6A93F844305BB2B3F1EC
:108B0000FF3F03D13B6A002283F844203B6A93F87D
:108B100045305BB2B3F1FF3F03D13B6A002283F8DB
:108B2000452000F0B7FD3A1D07F114031146184621
:108B3000FFF710FC0346002B23D1386A00F016F92A
:108B40000346002B17D03B6A24337A681146184637
:108B5000FFF7D0FA386A00F0B7F8FFF775F8034668
:108B6000002B89D10F4B4FF080521A60BFF34F8F0B
:108B7000BFF36F8F80E7386A00F0A6F8FFF764F85C
:108B80007AE7386A00F0A0F8FFF75EF8386A00F07C
:108B9000EDF80346002B3FF46FAF0023184628374B
:108BA000BD4680BD04ED00E080B586B000AFF86042
:108BB000B9607A6000237B61FB689B6B3B61FB685B
:108BC0001B6C002B0DD1FB681B68002B4DD1FB6883
:108BD0009B681846FFF7E4FC7861FB6800229A6006
:108BE00043E07B68002B19D1FB685868FB681B6C5D
:108BF0001A46B96807F0D7FFFB685A68FB681B6C18
:108C00001A44FB685A60FB685A68FB689B689A4282
:108C10002BD3FB681A68FB685A6026E0FB68D868AB
:108C2000FB681B6C1A46B96807F0BDFFFB68DA6881
:108C3000FB681B6C5B421A44FB68DA60FB68DA680D
:108C4000FB681B689A4207D2FB689A68FB681B6C3A
:108C50005B421A44FB68DA607B68022B05D13B69F2
:108C6000002B02D03B69013B3B613B695A1CFB680E
:108C70009A637B6918461837BD4680BD80B582B0BF
:108C800000AF786039607B681B6C002B18D07B6864
:108C9000DA687B681B6C1A447B68DA607B68DA6888
:108CA0007B689B689A4203D37B681A687B68DA60AA
:108CB0007B68D9687B681B6C1A46386807F073FFBD
:108CC00000BF0837BD4680BD80B584B000AF786076
:108CD00000F0C4FC7B6893F84530FB7311E07B68BF
:108CE0005B6A002B12D07B6824331846FFF750FADA
:108CF0000346002B01D0FFF777FBFB7B013BDBB288
:108D0000FB7397F90F30002BE9DC00E000BF7B68B4
:108D1000FF2283F8452000F0BDFC00F09FFC7B683B
:108D200093F84430BB7311E07B681B69002B12D0B1
:108D30007B6810331846FFF72BFA0346002B01D04F
:108D4000FFF752FBBB7B013BDBB2BB7397F90E30E5
:108D5000002BE9DC00E000BF7B68FF2283F84420A1
:108D600000F098FC00BF1037BD4680BD80B584B0D0
:108D700000AF786000F072FC7B689B6B002B02D127
:108D80000123FB6001E00023FB6000F083FCFB6833
:108D900018461037BD4680BD80B584B000AF7860FE
:108DA00000F05CFC7B689A6B7B68DB6B9A4202D1BB
:108DB0000123FB6001E00023FB6000F06BFCFB681B
:108DC00018461037BD4680BD80B485B000AF7860CE
:108DD00039600023BB603B68002B24D00023FB607C
:108DE0001EE0184AFB68DB0013445B687A689A420D
:108DF00005D1FB68DB00134A1344BB6013E0BB687A
:108E0000002B0AD10F4AFB6852F83330002B04D1F3
:108E1000FB68DB000B4A1344BB60FB680133FB605B
:108E2000FB68072BDDD9BB68002B05D0BB683A680F
:108E30001A60BB687A685A6000BF1437BD465DF897
:108E4000047B70478807002480B586B000AFF860C7
:108E5000B9607A60FB687B6100F000FC7B6993F885
:108E600044305BB2B3F1FF3F03D17B69002283F84A
:108E700044207B6993F845305BB2B3F1FF3F03D1E7
:108E80007B69002283F8452000F004FC7B699B6B22
:108E9000002B06D17B6924337A68B9681846FFF73E
:108EA0003FF97869FFF710FF00BF1837BD4680BD56
:108EB00080B483B000AF78607B6803F108027B6800
:108EC0005A607B684FF0FF329A607B6803F10802BA
:108ED0007B68DA607B6803F108027B681A617B6853
:108EE00000221A6000BF0C37BD465DF8047B704756
:108EF00080B483B000AF78607B6800221A6100BF45
:108F00000C37BD465DF8047B704780B485B000AF78
:108F1000786039607B685B68FB603B68FA685A6020
:108F2000FB689A683B689A60FB689B683A685A607D
:108F3000FB683A689A603B687A681A617B681B68CC
:108F40005A1C7B681A6000BF1437BD465DF8047B6D
:108F5000704780B485B000AF786039603B681B68AB
:108F6000BB60BB68B3F1FF3F03D17B681B69FB604B
:108F70000CE07B680833FB6002E0FB685B68FB6029
:108F8000FB685B681B68BA689A42F6D2FB685A684D
:108F90003B685A603B685B683A689A603B68FA686D
:108FA0009A60FB683A685A603B687A681A617B6825
:108FB0001B685A1C7B681A6000BF1437BD465DF8F9
:108FC000047B704780B485B000AF78607B681B6914
:108FD000FB607B685B687A6892689A607B689B68D4
:108FE0007A6852685A60FB685B687A689A4203D173
:108FF0007B689A68FB685A607B6800221A61FB688C
:109000001B685A1EFB681A60FB681B6818461437F9
:10901000BD465DF8047B704780B584B002AF002385
:109020007B6000F035FA0A4B1B68002B0AD0094B15
:109030000193032300930023802207490748FEF78A
:1090400088FA78607B6818460837BD4680BD00BF47
:10905000F8070024FC0700244419017005910070F2
:1090600080B584B000AFF860B9607A6008E0FB6852
:109070009B69BA681344BB60FB681B6AF868984731
:10908000FB689A69BB68D118BB687A68F86800F019
:10909000DFF80346002BEAD100BF00BF1037BD4602
:1090A00080BD000080B584B000AF78603960144B9B
:1090B0001B68DB68DB68FB60FB6804331846FFF75E
:1090C00081FFFB6893F8243003F00403002B05D0E4
:1090D0003A687968F868FFF7C3FF08E0FB6893F81F
:1090E000243023F00103DAB2FB6883F82420FB6804
:1090F0001B6AF868984700BF1037BD4680BD00BFA7
:10910000F007002480B584B000AF786007F1080351
:10911000184600F059F8F860BB681946F86800F086
:1091200005F800F0D7F800BFF0E7000080B584B084
:1091300000AF78603960FEF779FD07F10803184643
:1091400000F066F8F860BB68002B30D13B68002B5C
:109150000AD17A68FB689A4206D8FEF775FDF9686D
:109160007868FFF79FFF24E03B68002B08D0134B83
:109170001B681B68002B01D1012300E000233B602A
:109180000F4B18687A68FB68D31A3A681946FFF7DC
:109190005BFEFEF759FD0346002B0AD1094B4FF049
:1091A00080521A60BFF34F8FBFF36F8F01E0FEF75D
:1091B0004BFD00BF1037BD4680BD00BFF407002443
:1091C000F807002404ED00E080B485B000AF7860BB
:1091D0000E4B1B681B68002B01D1012200E000220E
:1091E0007B681A607B681B68002B05D1074B1B68E6
:1091F000DB681B68FB6001E00023FB60FB6818462E
:109200001437BD465DF8047B704700BFF0070024AB
:1092100080B584B000AF7860FEF710FEF8600B4BAD
:109220001B68FA689A4205D200F00CF97B680122AB
:109230001A6002E07B6800221A60044AFB6813602F
:10924000FB6818461037BD4680BD00BF00080024EB
:1092500080B586B000AFF860B9607A603B600023EB
:109260007B61FB68BA685A60FB68FA681A61BA6881
:109270007B689A4212D87A683B68D21AFB689B696D
:109280009A4202D301237B611BE0104B1A68FB68F2
:10929000043319461046FFF75CFE12E07A683B681B
:1092A0009A4206D2BA683B689A4202D301237B6194
:1092B00007E0074B1A68FB68043319461046FFF7AE
:1092C00048FE7B6918461837BD4680BDF407002468
:1092D000F007002480B586B000AF3B1D00221A6065
:1092E0005A609A609CE07B68002BC0F29980FB6812
:1092F0007B617B69002B00F093807B695B69002BAD
:1093000004D07B6904331846FFF75CFE3B461846E1
:10931000FFF77EFF38617B68013B082B7DD801A2F7
:1093200052F823F04993007049930070B193007094
:10933000C5930070F19300704993007049930070D9
:10934000B1930070C59300707B6993F8243043F0AB
:109350000103DAB27B6983F82420BA687B699B69D0
:10936000D118BB683A697869FFF772FF0346002B92
:1093700055D07B6993F8243003F00403002B09D007
:10938000BA687B699B6913443A6919467869FFF7A3
:1093900067FE08E07B6993F8243023F00103DAB21A
:1093A0007B6983F824207B691B6A7869984736E0DB
:1093B0007B6993F8243023F00103DAB27B6983F8E8
:1093C00024202DE07B6993F8243043F00103DAB2C6
:1093D0007B6983F82420BA687B699A617B699A6902
:1093E0003B69D1183B693A697869FFF731FF17E0AB
:1093F0007B6993F8243003F00203002B03D17869D2
:1094000000F09CFA0CE07B6993F8243023F0010310
:10941000DAB27B6983F8242002E000BF00E000BFDD
:10942000074B1B68391D00221846FFF71BFB03463C
:10943000002B7FF458AF00BF00BF1837BD4680BD7A
:10944000F807002480B582B000AF09E00E4B1B681E
:10945000DB681B683B604FF0FF313868FFF722FE86
:10946000094B1B681B68002BF0D1074B1B687B6006
:10947000064B1B68044A1360044A7B68136000BFF4
:109480000837BD4680BD00BFF0070024F407002464
:1094900080B500AF00F0E2F8124B1B68002B1DD125
:1094A0001148FFF705FD1148FFF702FD104B0E4A6A
:1094B0001A60104B0D4A1A6000220C210A20FFF797
:1094C000C9F90346074A1360064B1B68002B05D0F9
:1094D000044B1B6808491846FFF776FC00F0DAF8E1
:1094E00000BF80BDF8070024C8070024DC07002463
:1094F000F0070024F40700244C19017080B485B0F3
:1095000000AFF860B9607A60FB68043BFB60FB6801
:109510004FF080721A60FB68043BFB60BB6823F06D
:109520000102FB681A60FB68043BFB600C4AFB68A5
:109530001A60FB68143BFB607A68FB681A60FB6882
:10954000043BFB60FB686FF002021A60FB68203B83
:10955000FB60FB6818461437BD465DF8047B704716
:109560006595007080B483B000AF00233B604FF07E
:10957000500372B683F31188BFF36F8FBFF34F8F21
:1095800062B67B6000BF00BF3B68002BFCD000BF11
:1095900000BF0C37BD465DF8047B7047064B196869
:1095A0000868B0E8F04F80F30988BFF36F8F4FF081
:1095B000000080F3118870478802002400BF00BFBC
:1095C00008480068006880F308884FF0000080F3C6
:1095D000148862B661B6BFF34F8FBFF36F8F00DFA1
:1095E00000BF000008ED00E000BF00BF80B582B002
:1095F00000AF154B1B687B60144B1B68134A43F488
:109600007F031360114B1B68104A43F07F431360C4
:109610000F4B00221A6000F0AFF80E4B00221A60C8
:1096200000F0CEF80C4B1B680B4A43F0404313602C
:10963000FFF7C6FFFEF70EFDFFF794FF0023184665
:109640000837BD4680BD00BF08ED00E020ED00E01A
:109650001CED00E01000002434EF00E080B483B083
:1096600000AF4FF0500372B683F31188BFF36F8FD2
:10967000BFF34F8F62B67B6000BF054B1B680133A1
:10968000034A136000BF0C37BD465DF8047B70478A
:109690001000002480B483B000AF0A4B1B68013B6C
:1096A000084A1360074B1B68002B05D100237B6021
:1096B0007B6883F3118800BF00BF0C37BD465DF89F
:1096C000047B704710000024EFF30980BFF36F8F15
:1096D000154B1A681EF0100F08BF20ED108A20E904
:1096E000F04F10602DE909004FF0500072B680F382
:1096F0001188BFF34F8FBFF36F8F62B6FEF7AAFCDE
:109700004FF0000080F3118809BC19680868B0E8C0
:10971000F04F1EF0100F08BFB0EC108A80F30988DC
:10972000BFF36F8F704700008802002400BF00BFA6
:1097300080B582B000AF4FF0500372B683F311884A
:10974000BFF36F8FBFF34F8F62B67B6000BFFEF732
:1097500085FB0346002B03D0064B4FF080521A6066
:1097600000233B603B6883F3118800BF00BF0837CC
:10977000BD4680BD04ED00E080B400AF0B4B00227D
:109780001A600B4B00221A600A4B1B680A4AA2FBA4
:1097900003239B09094A013B1360044B07221A600B
:1097A00000BFBD465DF8047B704700BF10E000E0DD
:1097B00018E000E004000024D34D621014E000E043
:1097C000DFF80C00016841F470010160704700008F
:1097D00088ED00E000BF00BF80B588B000AF7860C2
:1097E00000237B6100233B617B68002B22D0082390
:1097F000DB437A689A421BD808227B6813447B605B
:109800007B6803F00703002B14D07B6803F0070389
:10981000C3F10803FB60FB68DB437A689A4204D813
:109820007A68FB6813447B6004E000237B6001E0FE
:1098300000237B60FEF7FAF93B4B1B68002B01D13C
:1098400000F0B6F87B68002B67DB7B68002B64D0E8
:10985000364B1B687A689A425FD8354BBB61344BF4
:109860001B68FB6104E0FB69BB61FB691B68FB6172
:10987000FB695B687A689A4203D9FB691B68002B15
:10988000F1D1294B1B68FA699A4246D0BB691B6823
:10989000082213447B61FB691A68BB691A60FB6983
:1098A0005A687B68D21A08235B009A4213D9FA6976
:1098B0007B681344BB60FB695A687B68D21ABB683B
:1098C0005A60FB697A685A60BB691A68BB681A609B
:1098D000BB69BA681A60154B1A68FB695B68D31AD2
:1098E000124A1360114B1A68124B1B689A4203D23A
:1098F0000E4B1B680F4A1360FB695B683B61FB6999
:109900005B6843F00042FB695A60FB6900221A6001
:10991000094B1B680133084A1360FEF795F97B6910
:1099200018462037BD4680BD0C88002410880024CE
:1099300004880024148800241888002480B584B08A
:1099400000AF78607B68FB607B68002B27D0082322
:109950005B42FA681344FB60FB68BB60BB685B68F2
:10996000002B1CDABB681B68002B18D1BB685B6836
:1099700023F00042BB685A60FEF758F9BB685A688A
:10998000094B1B681344084A1360B86800F06AF872
:10999000064B1B680133054A1360FEF755F900BFFB
:1099A0001037BD4680BD00BF108800241C880024ED
:1099B00080B485B000AF4FF40043BB60244BFB6024
:1099C000FB6803F00703002B0CD0FB680733FB6038
:1099D000FB6823F00703FB60BA68FB68D31A1C4AD4
:1099E0001344BB60FB681B4A13601A4B00225A6089
:1099F000FA68BB6813447B6008227B689B1A7B6013
:109A00007B6823F007037B607B68134A1360124B6B
:109A10001B6800225A60104B1B6800221A60FB680A
:109A20003B603B687A68D21A3B685A600A4B1A68F6
:109A30003B681A603B685B68084A13603B685B6878
:109A4000074A136000BF1437BD465DF8047B7047BA
:109A500004080024048800240C88002414880024AE
:109A60001088002480B485B000AF7860284BFB607C
:109A700002E0FB681B68FB60FB681B687A689A421F
:109A8000F7D8FB68BB60FB685B68BA6813447A6808
:109A90009A4208D1FB685A687B685B681A44FB6885
:109AA0005A60FB687B607B68BB607B685B68BA68F8
:109AB0001A44FB681B689A4218D1FB681A68154B58
:109AC0001B689A420DD07B685A68FB681B685B680C
:109AD0001A447B685A60FB681B681A687B681A60C6
:109AE00008E00C4B1A687B681A6003E0FB681A6890
:109AF0007B681A60FA687B689A4202D0FB687A68D1
:109B00001A6000BF1437BD465DF8047B704700BF84
:109B1000048800240C88002408B505F018FE084BC2
:109B200000221A7005F015FE064B186800B908BD32
:109B3000436F1BB1BDE8084000F058BCC068F5E7B2
:109B4000208800242888002438B538B9154B4FF4F4
:109B5000F2721549154806F041FEFEE7B1F5803F67
:109B600013D209B9002038BD03898CB213FA81F3EE
:109B70009BB29C4209D890F90C50002D07DA42683C
:109B8000511A00F11002914205D20120EBE7002AA0
:109B9000FBD04268511A42894160144403814481D8
:109BA000E0E700BF841A0170421B0170B71A017010
:109BB000F8B522F0400306460D461446012B9FB22D
:109BC00007D00A4B4FF4A67209490A4806F006FE70
:109BD000FEE7092006F046F838B1002305814581EB
:109BE00004734373C781C0E90036F8BD841A01705D
:109BF000DF1A0170B71A01700022FFF7A5BF00003D
:109C000010B538B90E4B4FF414720E490E4806F0D9
:109C1000E5FDFEE7B1F5803F0FD209B9002010BD88
:109C20008AB24389934208D39B1A446843810C4407
:109C3000038944609B1A0381F0E70120EFE700BF2E
:109C4000841A0170421B0170B71A01700B1E02DAF0
:109C50005942FFF7D5BF0122FFF776BF70B5044622
:109C600038B91F4B4FF438721E491F4806F0B6FD35
:109C7000FEE7002605F06BFDA57B4DB9184B40F2C1
:109C8000F5221A49184806F0A9FDFEE72C46F1E72F
:109C9000013DEDB2A57305F05CFD6DB9237B256830
:109CA00003F00F03022B09D121460A2005F0E6FF3D
:109CB0000136F6B2002DE9D1304670BD012B02D13C
:109CC00021460920F2E71BB9204605F0D7FDEFE752
:109CD000034B40F213320649034806F07FFDFEE7CE
:109CE000841A0170421B0170B71A0170F11A0170D9
:109CF000071B0170B2F5C17F2DE9F04704460E46FF
:109D0000074614D008D822F04003012B07D10020C9
:109D1000BDE8F047FFF74CBFB2F5207F48D0304B8D
:109D200040F229122F49304806F058FDFEE7002482
:109D3000DFF8C4902546A0460A20A24605F092FF0F
:109D40000446D8B9294E05F002FD01233778337057
:109D5000FFB205F0FEFC4FB92146254805F03CFC5A
:109D600020B105F0F4FC347005F0F3FC15B1284681
:109D7000FFF774FF00252846BDE8F087C7F5C063EC
:109D80001037C0F800809BB207440681B342476099
:109D9000C0F80C9028BF334643813DB1CAF800009B
:109DA000F31A00279EB2002EC6D1E4E70546F7E776
:109DB00043189BB203F11000994280B2DAD8814275
:109DC000D8D805F09FFE05460028D4D000231034D3
:109DD000068104440360074B44604681C360CAE7C0
:109DE000841A0170191B0170B71A017020880024B1
:109DF000199B0070800001008200010038B50D46FB
:109E0000044638B9234B4FF4CD722349234806F05A
:109E1000E5FCFEE703898B423AD9CA1A6389AB4253
:109E200014D3227B12072BD1AB4229D06168204684
:109E3000091B294489B205F0C7FDB8B9154B40F29A
:109E4000BF121749154806F0C9FCFEE7EB1A9DB290
:109E50002389134423812468002CDFD10D4B40F269
:109E6000B11210490D4806F0B9FCFEE7844207D054
:109E7000084B40F2C1120C49084806F0AFFCFEE75F
:109E800020686581258108B1FFF7E8FE0023236083
:109E900038BD00BF841A0170341B0170B71A0170FD
:109EA000641B01704C1B0170801B017000235A1C45
:109EB00008B998B2704700681346F8E710B5044631
:109EC00080B105F044FCA37B0133A37305F041FC92
:109ED000A37B3BB9044B40F246320449044806F0E8
:109EE0007DFCFEE710BD00BF841A0170991B017054
:109EF000B71A017010B508B301B388420BD1104BEB
:109F000040F25F320F49104806F068FCFEE70C890A
:109F100022440281184603680289002BF7D1438945
:109F2000934207D0064B40F267320849064806F0D4
:109F300055FCFEE70A8901601344038110BD00BF90
:109F4000841A0170AB1B0170B71A0170C51B017038
:109F500010B50C46FFF7CEFF2046BDE81040FFF7D6
:109F6000ADBF00002DE9F843064617461D460C46D6
:109F700000293ED00B8993423BD3002839D0028977
:109F8000EB199A4235DB4FF00009B6F80A80638975
:109F9000A8EB05087068A3EB09036168284498459D
:109FA000494428BF9846B84528BFB846424645446C
:109FB00006F0F9FD7389C144A7EB0808AB421FFA0C
:109FC00088F707D2254B40F2FA322549254806F09A
:109FD00005FCFEE762894A4507D2204B40F2FB327E
:109FE0002149204806F0FAFBFEE705D124687CBB36
:109FF00057B36FF00F001CE0AB420AD13668FEB9D0
:10A00000002FF6D1BCB9204613E04FF00009F5E768
:10A010000025628923899A4201D123686BB92EB148
:10A02000728933899A4201D1336833B9002FACD198
:10A030003846BDE8F8833D46EBE76FF00500F8E7EA
:10A04000002CE5D12546EBE7AB42DED0B946E6E78A
:10A05000AB42DAD04FF00009DBE700BF841A017091
:10A06000F21B0170B71A0170091C017019B10023AD
:10A070000A89FFF777BF6FF00F0070472DE9F041B5
:10A080000F469046054618B321B30026B8F1000FDD
:10A0900000D015B93046BDE8F0816C892BB19C42E7
:10A0A00003D81B1B9BB22D68F0E7E41A6968B81946
:10A0B000A4B21944444528BF444622462644A8EB8E
:10A0C000040406F070FDB6B200231FFA84F8EAE734
:10A0D0000646DFE70E46DDE72DE9F84389461646DA
:10A0E000054640B339B30389934228D314464FF051
:10A0F00000084CB9B04525D0134B4FF49E6213496C
:10A10000134806F06BFBFEE73DB90F4B40F2E5420A
:10A1100010490F4806F062FBFEE76F8909EB080162
:10A120006868A74228BF27463A46E41B06F03BFD75
:10A13000B8442D68DDE76FF00F00BDE8F8834FF0FD
:10A14000FF30FAE72046F8E7841A01703C1C0170E2
:10A15000B71A0170241C017038B515460A462989C2
:10A16000FFF7C8FD044658B12946FFF77FFF38B115
:10A17000044B40F24C520449044806F02FFBFEE722
:10A18000204638BD841A0170521C0170B71A017044
:10A1900010B5044638B9124B4FF4CE72114912482B
:10A1A00006F01CFBFEE7037D042B03D0072B0BD02E
:10A1B000032B07D102F070FC58B905232046237504
:10A1C00002F0CAFD002010BD02F066FC08B90923A8
:10A1D000F4E7431CF7D1638B43F008036383F1E793
:10A1E000631C0170951C0170B71A017008B506F068
:10A1F000E7F96FEA8040024B6FEA9040188008BD93
:10A200001800002408B5037D0146012B06D1064B3A
:10A21000D4220649064806F0E1FAFEE70120BDE82F
:10A22000084005F02BBD00BF631C0170A11C01702C
:10A23000B71A0170F8B5034638B9154B40F2AA3287
:10A240001449154806F0CAFAFEE7028D40F6683652
:10A25000C46A416A5F8E101BB742084494BFC51B95
:10A26000851B002D0EDA621A0ED4B2F5803F07D39B
:10A27000074B40F2BA320949074806F0AFFAFEE749
:10A2800092B200205A85F8BD00221046FAE700BFBE
:10A29000631C0170B21C0170B71A0170D61C0170EA
:10A2A00010B5044638B3037D012B07D1124B40F2A1
:10A2B000D6321249124806F091FAFEE7028D41F2B9
:10A2C000D063114489B2994213D88A4288BF194693
:10A2D00020462185FFF7AEFF40F2B35398420AD9DA
:10A2E000638B204643F002036383BDE8104002F015
:10A2F00033BD1946ECE710BD631C0170F01C017002
:10A30000B71A017010B5044648B1406808B1FFF7AC
:10A31000A5FC21460320BDE8104005F0AFBC10BDF0
:10A3200010B500B910BD0468FFF7ECFF2046F8E750
:10A3300038B5044638B90E4B40F286620D490E48D6
:10A3400006F04CFAFEE7032005F08CFC054660B1F0
:10A350002346024604F1100153F8040B8B4242F8E5
:10A36000040BF9D16868FFF7A9FD284638BD00BF86
:10A37000631C0170161D0170B71A017008B538B959
:10A38000074B40F6B9020749074806F027FAFEE7EF
:10A39000064B074A186812681044186008BD00BFD1
:10A3A000631C0170301D0170B71A01701400002485
:10A3B0003488002408B53AB9094B40F6CF02094960
:10A3C000094806F00BFAFEE749B18B8C3BB1282B0C
:10A3D00038BF2823283B9BB2984228BF184608BDA7
:10A3E000631C01704A1D0170B71A017010B5044654
:10A3F000406F18B1FFF794FF0023636710BD10B5DD
:10A400000446E8B1037D012B1AD90A2B18D0806FBE
:10A4100018B1FFF723FC0023A367636F13B1204635
:10A42000FFF7E4FF4FF6FF73E06E2386FFF778FF38
:10A43000206FFFF775FF0023C4E91B33A4F86830D1
:10A4400010BD000010B50C4639B92C4B40F68D02FA
:10A450002B492C4806F0C2F9FEE738B9274B40F6E5
:10A460008E022949274806F0B9F9FEE703689942A8
:10A4700016D1CB68036000232046E360FFF7BFFFDF
:10A48000237D0A2B14D1E36E23BB236F53B31B4BE5
:10A4900040F69E021D491B4806F0A0F9FEE7134650
:10A4A000002BE8D0DA689442F9D1E268DA60E2E79A
:10A4B000012B0BD0638BDA07E5D543F0020320466E
:10A4C000638302F049FC237D012BDCD1002323753B
:10A4D000E38210BD094B40F69D020D49094806F084
:10A4E0007DF9FEE7636F002BF0D0044B4FF40A6256
:10A4F0000849044806F072F9FEE700BF631C0170CA
:10A50000711D0170B71A01708D1D0170C51D01709C
:10A51000AD1D0170DE1D01702DE9FF470E4604469A
:10A52000002862D0037D012B07D1314B4FF410720C
:10A530003049314806F052F9FEE70A2B09D10146AD
:10A540002E48FFF77FFF204604B0BDE8F047FFF735
:10A5500059BED0F85090D0F824A0D0F89070D0F820
:10A560001080C58A002B38D12DBB00252E46206FC8
:10A5700008B1FFF7D5FEE06E08B1FFF7D1FE606FBE
:10A5800008B1FFF7CDFE56B1238B5246494620460F
:10A59000CDE90153231D0093234602F06FFB2046B3
:10A5A000FFF730FE0FB36FF00C0140463B4604B09E
:10A5B000BDE8F0471847124A1368834205D1C368C3
:10A5C00013600023E360D0E71346002BF9D0DA686C
:10A5D000A242F9D1E268DA60F3E701460948FFF7E1
:10A5E00031FF094B01221A70C1E704B0BDE8F087C2
:10A5F000631C0170F51D0170B71A017024880024D6
:10A600003088002428880024238800240121FFF7B3
:10A6100083BF000038B5044680B90A4B40F60A12E1
:10A6200009490A4806F0DAF8FEE70A682368CD68A7
:10A630009A4202D10846FFF7E9FF29460029F4D1E2
:10A6400038BD00BF631C0170261E0170B71A01706F
:10A6500038B50D46044680B1036873B10B4B1968D9
:10A66000FFF7D8FF0A4B20461968FFF7D3FF25B143
:10A670002B6813B1074B1B6803B938BD19682268F2
:10A68000914204BF2A681A60DB68F5E72888002435
:10A69000308800242C8800240C4B002219680C4BB5
:10A6A00030B404461D68104619B968B130BCFFF7D4
:10A6B00033BF0B7DA34205D10B6AEB1A934224BF33
:10A6C0001A460846C968EFE730BC7047288800245E
:10A6D00034880024F8B50446012005F0C3FA034687
:10A6E000002836D13F4E3068002857D13E4B0146F6
:10A6F0003E4D1B682F68002B5BD108B1FFF786FF2A
:10A70000012005F0AFFA034618BB0920FFF7C4FF8C
:10A71000012005F0A7FA0346D8B90820FFF7BCFFCF
:10A72000012005F09FFA034698B922064AD45CB18D
:10A7300021460139326800202E68C9B2002A43D16F
:10A7400013B11846FFF762FF012005F08BFA0346AC
:10A7500010B39C221846002106F0A0F941F2D06205
:10A7600003464475A0F86420214A8262FF22C27227
:10A770000622A0F84020C2871E4A02631B4A1268C4
:10A7800002621D4A127882771C4A82641C4AC0F811
:10A7900084201C4AC0F894201846F8BD438BC56835
:10A7A000190704D523F008034383FFF7F1FC28467B
:10A7B0009AE71A6ABA1A8A4234BF0A461846DB6810
:10A7C000114698E77F21B4E7577D8F4204D307D124
:10A7D000156A751B854203D3106A39461346301A31
:10A7E000D268ABE728880024248800243488002419
:10A7F000D016D016FFFF1802218800240100D016C1
:10A800008DA9007000DD6D0030B5044685B038B903
:10A810004C4B4FF4AF724C494C4805F0DFFFFEE75C
:10A82000037D002941D0042B01D0072B3DD1A36F1C
:10A8300023B9228D41F2D0639A427DD0638BDB062F
:10A8400007D4404B4FF4B2724149404805F0C6FF6F
:10A85000FEE7238B20460293E38A0193231D009396
:10A860002346626A216D02F009FA2046FFF7C7FD10
:10A87000384A1368A34210D1E36813600023012211
:10A88000E360354B1A70354B1B68A3421DD101F0B4
:10A890001DFE002005B030BD1346002BEED0DA6857
:10A8A000A242F9D1E268DA60E8E7012B1AD0022B64
:10A8B0003AD0002B40D1E38A3BB1294A1368A34226
:10A8C00008D1E36813600023E3602046FFF79AFC99
:10A8D000DFE71346002BF6D0DA68A242F9D1E2682E
:10A8E000DA60F0E71F49002051F8042F126882B99E
:10A8F0000133042BF8D121461B48FFF7A3FD237D2C
:10A90000012B0CD10F4BDF221849104805F066FFD0
:10A91000FEE7D56FAC4208BFD067D268E7E72146B3
:10A92000022005F0ABF9B4E721460A48FFF78AFD9B
:10A93000094B01221A70C8E7204605B0BDE8304037
:10A94000FFF726BC631C01705A1E0170B71A017014
:10A950007A1E017028880024238800243888002467
:10A9600030880024D03201702C880024931E01709E
:10A9700048B1037D0121012B1EBF438B43F010031F
:10A980004383FFF741BF6FF00F00704710B50846D3
:10A99000144671B13AB11189FFF782FC2046FFF7E6
:10A9A0005DF9002010BD002BFBD1BDE81040FFF782
:10A9B000DFBF6FF00F00F5E7F8B5044680B3866F90
:10A9C0000023D0F88450777B8367E5B10146324697
:10A9D0000069A8470546E8B9BB0612D5238D41F2A8
:10A9E000D062D4F8846093421CBF0133238546B102
:10A9F0000023214620691A46B0470D3001D16FF07F
:10AA00000C052846F8BD01462B4632462846FFF77E
:10AA1000BDFFDFE70D35F2D06FF00405A667F0E764
:10AA20006FF00F05EDE700002DE9F8431B4D1C4FBB
:10AA30002B781C4E01332B703C684FF000080CB98A
:10AA4000BDE8F8832B78A27F9A4224D0A377638B4A
:10AA5000D90709D543F002032046638302F07CF94D
:10AA6000638B23F003036383638B1A0705D523F0FD
:10AA7000080320466383FFF78BFBA36FD4F80C9089
:10AA80003BB1204686F80080FFF796FF3378002B15
:10AA9000D2D14C46D3E7E468D1E700BF2188002437
:10AAA00028880024238800242DE9F04FB94C87B072
:10AAB000DFF81C832368B84E0133236098F8003018
:10AAC000013388F80030D6F800B00025B34FBBF151
:10AAD000000F07D1B24E3568002D40F0E58107B078
:10AAE000BDE8F08F9BF814203AB9AE4B40F2C24259
:10AAF000AD49AE4805F072FEFEE7012A07D1A94B29
:10AB000040F2C342AA49A94805F068FEFEE70A2AB6
:10AB100007D1A44B40F2C442A649A44805F05EFE0A
:10AB2000FEE798F800109BF81E00884204D1DBF87D
:10AB30000C905D46CB46CAE7022A8BF81E109BF8A4
:10AB4000421012D1052900F2F4809BF899100029D7
:10AB500000F09D80DBF870204AB1924B4FF49B626D
:10AB60009549924805F03AFEFEE70B29EBE7DBF842
:10AB70006C203AB98B4B40F2D94290498B4805F092
:10AB80002DFEFEE79BF89A200B2A00F2D2808C4A19
:10AB90000A4412F8011C9BF898208A420DD3BBF896
:10ABA0006010002963D0584601F032FE002863D1BE
:10ABB000584602F0D1F830B15EE00132D2B28A429A
:10ABC0008BF89820EBD24FF0000A9BF8140006286F
:10ABD0000DD1BBF81A20D20609D52268DBF8201067
:10ABE000521A282A84BF0AF1010A5FFA8AFA9BF8EE
:10ABF0000920130705D5042800F09E80072800F0DF
:10AC00009B804FF00009DBF874206AB12268DBF802
:10AC10002010511ABBF9402002EB4202B1EB420F67
:10AC200002D35846FFF7E2FB9BF81420032A40F0BA
:10AC3000D1802268DBF82010521A282A03D8BAF1F2
:10AC4000000F00F00D815846DBF890A0FFF7D7FB0E
:10AC50003268002D00F0F6805A4540F0C480514B18
:10AC600040F271525749514805F0B8FDFEE7584689
:10AC700002F07CFA0028A6D100228BF898209BF8DD
:10AC80009920062A9FD801328BF899209BE7BBF8C0
:10AC9000302047F6FE718A429CBF0132ABF830206B
:10ACA000BBF94020BBF9301091428CDB584601F0D3
:10ACB00025FF38B1DBF87020002A84D1DBF86C2046
:10ACC000002A80D09BF81420022A14D0BBF93C1033
:10ACD000BBF93E203C4802EBE1029BF842100C29F4
:10ACE00028BF0C21415C8A4047F6FF718A42A8BF09
:10ACF0000A46ABF84020BBF848C00021BBF86020F2
:10AD0000BBF832006245ABF83010ABF8480028BF02
:10AD100062464FEA400CABF86A10584652081FFAD8
:10AD20008CFC624538BF6246ABF84A2002F0BEF99F
:10AD300049E74FF0010A48E7DBF820204FF4FA7C9E
:10AD40002068801ADBF8942002F5242101F6B8412E
:10AD5000B1FBFCF1884206D90AF1010A4FF0010962
:10AD60005FFA8AFA4FE79BF89B10184B03FB01220E
:10AD7000B2FBFCF290427FF644AF584602F0CCF9A9
:10AD800000287FF43EAF9BF89B2001328BF89B207C
:10AD900037E700BF34880024288800242388002453
:10ADA00024880024631C0170AC1E0170B71A017066
:10ADB000D51E0170FE1E01702A1F01705C1F0170FC
:10ADC000E0320170911F0170E7320170F824010038
:10ADD00021880024092A7FF432AF2268DBF8201092
:10ADE000521AF02A2AE7DBF80C20EA60B9F1000FCA
:10ADF00010D0BBF818205B4658460292BBF81620CC
:10AE000001920BF104020092DBF82420DBF85010D1
:10AE100001F034FFDBF810305846DBF80C90059356
:10AE2000FFF7F0F94FF000033B70BAF1000F07D0C5
:10AE30006FF00C010598D0473B78002B7FF443AEB0
:10AE4000AB4676E65A4507D0354B40F27552354948
:10AE5000354805F0C3FCFEE7DBF80C203260C5E79F
:10AE60009BF81C209BF81D100132DBF80C90D2B22D
:10AE700091428BF81C203FF65CAEDBF88C208BF8FF
:10AE80001CA087F800A01AB9584601F065FF50E6EB
:10AE90005946DBF8100090473A78002A7FF413AE49
:10AEA00000287FF446AEEFE72A7D0A2A07D01C4B24
:10AEB00040F2A5521D491C4805F090FCFEE72268AF
:10AEC000296A521AF02A10D92846FFF798FABBF1DE
:10AED000000F0DD13268AA421ED0114B40F2B7527A
:10AEE0001349114805F07AFCFEE7AB46ED68F3E53F
:10AEF0003268AA4207D10A4B40F2B3520D490A48C0
:10AF000005F06CFCFEE7EA68CBF80C20EF682846F9
:10AF1000FFF778F93D46DFE5EA683260F6E700BF03
:10AF2000631C0170BC1F0170B71A0170E61F01702D
:10AF30003C2001701520017008B5FFF775FD064A29
:10AF400013780133DBB21370DB0703D5BDE808408B
:10AF5000FFF7AABD08BD00BF228800240C4A138851
:10AF6000591C11800B4A12889A420FD90A4A12685A
:10AF70001AB10A4909888B4204D2094A126813445B
:10AF8000187D70475B1ADBB2D05C704700207047B9
:10AF9000508800245A8800245488002458880024AB
:10AFA0005C880024F8B50C46054638B91F4B40F2C2
:10AFB0002C421F491F4805F011FCFEE7C368988921
:10AFC00004F023FCC20717D41B4EC4B130682B8990
:10AFD000E7680344B4F808C079685A1AA2EB0C0277
:10AFE000002A0FDACB1A002B0ADA091A686889B22C
:10AFF0002981FEF703FF03E02046FFF791F90024C3
:10B000002C60F8BDB88904F000FCC30707D5EB68D5
:10B0100001209F8904F0F9FBEB6807439F812768B3
:10B020002046FFF76FF93C46CFE700BF6220017072
:10B0300097200170B71A01704C880024F8B50546B6
:10B0400038B91E4B40F291721D491E4805F0C6FBEF
:10B05000FEE71D4B1E8886B31C4C0023238029E08D
:10B06000FFF77CFF012825D0022808D028B3FFF77E
:10B0700075FF012821D92388023B0344EEE7FFF73F
:10B080006DFF042819D123880133B34215DAFFF785
:10B0900065FF0702FFF762FF40F2B451BFB240EA1A
:10B0A000070340F2B3509BB25A1E92B2824288BF4D
:10B0B0000B466B862388B342D2D3F8BD6220017061
:10B0C000BC200170B71A01705A88002450880024EF
:10B0D0000C4B10B51B78044613F0100011D0638B95
:10B0E000DB0606D4D4F890301BB16FF00E01206956
:10B0F000984721460448FFF7A5F92046FFF782F854
:10B10000012010BD40880024288800242DE9F84F34
:10B1100006460C461746DFF8B08004BB4FF0000A25
:10B120005046BDE8F88F1B1AB8F800205046A6F824
:10B130006630BAF808301344A8F80030FFF7E2F898
:10B14000B6F86630002BE8D04CB9002FE6D1194B89
:10B1500040F26E421849194805F040FBFEE7184BD3
:10B16000A2461D68E368586804F052FBE268B4F830
:10B17000089083469089A5EB090504F046FB10F082
:10B180000300A5EB0B0518BF01202D1A002DC7DB0E
:10B19000DAF804002468FEF789FEB6F866309842B3
:10B1A000C1D9044B40F264420649044805F016FB3D
:10B1B000FEE700BF62200170FE200170B71A017027
:10B1C00048880024D6200170448800242DE9F84FD7
:10B1D000037D0446032B07D8AE4B4FF49162AE4972
:10B1E000AE4805F0FBFAFEE7AD4AAE4E1278336882
:10B1F00012F0100FAC4F00F08B80B0F86010AB4D28
:10B20000D0E915C02A68ACEB030EBEF1000F10DBCD
:10B210009C4504D1A0EB020CBCF1000F09DB90426D
:10B2200019D1DFF8A4C2DCF800C0BCF80EC08C4510
:10B2300011D9DFF894C2B4F86280DCF800C0BCF821
:10B240000EC01FFA8CFEA4F860C0F045C4E91532A8
:10B2500038BFA4F862C0636CA3EB020CBCF1000F12
:10B2600077DBB7F800C0BCF1000F28D101EB000C70
:10B27000B4F86000A16D0844844520D1B4F93010C1
:10B2800000291CDB93421AD194F84330FF2B1CBFDA
:10B29000013384F8433094F84330032B0ED9B4F8CB
:10B2A0004820638E13449BB29A4288BF4FF6FF73C7
:10B2B000A4F84830204601F0ADFC00E0FAD0636B02
:10B2C00033B3A26B2968521A002A21DA784A9BB25A
:10B2D000B4F93CC01588CCF3CF01EA1A521A10B267
:10B2E0001CFA82F2002812B2B8BF5B1BA287B8BF5B
:10B2F000C918B4F93E30B8BF08B2A3EBA3030344A6
:10B300009BB2E38703EBE203A4F8403000236363BE
:10B310003D883268636A002D00F04C83217D062948
:10B3200000F24883991A012900F14B81501E2844EC
:10B33000C01A0028C0F245815E4D6868002840F0C0
:10B340009180544B40F29A525B49544805F046FABA
:10B35000FEE7D943D14200F18180216D891A00298D
:10B360007CDB618BB4F84A0011F0040F07D021F0A8
:10B370000401A4F8480061830021A4F86A10B4F91C
:10B380003CC0D31AE18F62649BB201EBEC01B4F8CC
:10B390004820A4F8401082424FF00001A4F8421067
:10B3A00015D2618B11F4006F618E0CBF0220012059
:10B3B00011FB00F189B2994294BF5018D01883B2A2
:10B3C0009A4201D94FF6FF73A4F8483009E0B4F867
:10B3D0006A100B449BB299422CD89A422CD9A4F8FB
:10B3E0006A302046D4E91B21FFF790FEE16E024649
:10B3F00020672046FFF78AFE226FE066B2FA82F3EA
:10B400005B095B4223860023237708B9A4F8680010
:10B410002A49B4F8643009880B44A4F86430638B7B
:10B4200019057FF54CAFBAB968B9638B23F4006393
:10B43000638344E74FF6FF739B1AA4F86A30638E68
:10B4400013449BB2BCE7C368586804F0E1F9E36CAD
:10B45000C01A0028E9DA32E7D368F5E7204601F0A0
:10B4600047FC2CE74FF6FE73994207D9094B40F28F
:10B470009B521349094805F0B1F9FEE789B20389E7
:10B48000994223D9034B40F29D520E49034805F0DF
:10B49000A5F9FEE7622001701E210170B71A017044
:10B4A000418800244C8800244288002448880024D5
:10B4B00034880024608800243721017044880024E7
:10B4C00047210170562101705C8800242A895B1A8B
:10B4D0004FF0000C521A9BB22A814289914269D8DE
:10B4E000FEF78EFB636AEA68336053603268636A12
:10B4F000D11A0029C0F29A81991A208D0139C142CE
:10B5000000F194819A4240F08B81994DEB68B5F837
:10B510000880988904F079F910F00300228D18BF93
:10B52000012008EB00039BB29A423B8051D2EB68AA
:10B53000988904F06AF9C2070FD5EB68B3F80C805C
:10B54000404628F47C5804F060F900F03E0004F016
:10B550005CF9EB6840EA08009881238D2B81EB6849
:10B56000988904F052F98307686842BF2B8903F178
:10B57000FF332B812989FEF741FCEB68B5F8088081
:10B58000988904F042F910F00300326818BF0120D6
:10B59000616A08EB00039BB23B801344228D0A448E
:10B5A000934216D0734B40F2D1527349734805F061
:10B5B00015F9FEE7891A0381A0F80AC089B200686C
:10B5C0008BE7D21A002ABEBF638B43F0020363836A
:10B5D0008CE7636F002B4ED0EB68988904F015F967
:10B5E000C00745D4D4F8748030683B880344B8F170
:10B5F000000F78D0D8F80CC0B8F80810DCF8042098
:10B600001144591A002945DAD31A002B6BDAEB687A
:10B61000121A2A81988904F0F8F88307686842BFF3
:10B620002B8903F1FF332B812989FEF7E7FBEB68B8
:10B63000B5F80890988904F0E8F810F00300326833
:10B6400018BF012009EB00039BB23B801344D8F8DC
:10B650000C205268934246D0464B40F20262484961
:10B66000464805F0BBF8FEE703686367FEF74AFE4D
:10B67000606F0028F8D13A88336813446362238DE1
:10B680009A4233D93B4B40F20D623E493B4805F0AC
:10B69000A5F8FEE7BCF80C0004F0B7F8C1071BD50D
:10B6A000EB68988904F0B1F8820715D4EB680120A3
:10B6B000B3F80C9004F0A9F8EB6849EA0000B5F87B
:10B6C0000890988180B204F0A0F810F0030018BF31
:10B6D00001208144A7F80090D8F800904046FEF77A
:10B6E00011FEC84680E7C4F87480C4E79B1A204660
:10B6F0002385FEF79FFD6B681A891AB1224A1360F1
:10B7000000236B60EB68988904F07FF8C50704D5C7
:10B710001E4A137843F0200313701B4F4FF00009AB
:10B72000DFF8688066E033608889B5F808A004F027
:10B730006CF8636A10F00300B5F808B018BF012078
:10B740009A44EB685044B4F828A06062988904F0E9
:10B750005CF810F0030018BF01205844824519D24C
:10B76000044B40F231620A49044805F037F8FEE71D
:10B77000608800246220017066210170B71A017090
:10B780009C210170D62101703C880024408800244F
:10B79000F4210170EB68B5F808A0988904F035F839
:10B7A00010F00300238D18BF012050441B1A2046BF
:10B7B0002385FEF73FFD69680B892BB1386840B3DC
:10B7C000FEF798FBC5F80490EB68988904F01DF823
:10B7D000C0070AD598F8003043F0200388F80030FD
:10B7E000237D042B04BF072323752B68284663673A
:10B7F000FEF788FD656F25B1E968626A4B68934280
:10B8000091D0638BD90706D523F0010343F00203DF
:10B8100003E03960D6E743F001036383BDE8F88FA6
:10B82000656F45B96948FEF783FD60672046BDE84E
:10B83000F84F01F05DBA4FF0000802F1FF3CE868F4
:10B8400043689A4218D161482B8902899A42EDD9FE
:10B850002B68002BEAD0FEF76BFD0028E6D0B8F18C
:10B86000000F07D0C8F800002946FFF79BFBDDE773
:10B870000D46E4E76067F7E7B8F1000F09D1D11A88
:10B8800000292DDA5148FEF753FD0028CED060671D
:10B89000EAE7D8F80C104968ACEB010100291FDB7E
:10B8A000991A01291CD44948FEF742FD0746002891
:10B8B000BCD0D8F80C3031685A68B8F80830134456
:10B8C000CB1A002B07DA891AD8F8040089B2A8F835
:10B8D0000810FEF793FA29463846C8F80070C4E706
:10B8E0002968A8460029C3D19B1A002B9EDA8089BB
:10B8F00003F08BFFC20799D43448FEF719FD286086
:10B90000002893D0EB6831685A682B891344CB1A0E
:10B91000002B05DA891A686889B22981FEF76EFA68
:10B9200033683A881A44636A9B1A228DD3427FF5A2
:10B930007DAF2B68DB68988903F067FFC30711D5DB
:10B940002B68DB68B3F80C80404628F47C5803F081
:10B950005CFF00F03E0003F058FF2B6840EA08004F
:10B96000DB6898813268218D2B68891A626A586871
:10B97000114489B21981FEF741FA2B681D89DB68F1
:10B98000988903F042FF10F00300326818BF0120CD
:10B99000616A2B189BB23B801344228D0A44934268
:10B9A0003FF444AF0A4B4FF4E1620A490A4804F0FD
:10B9B00015FFFEE7D11A002905DB9B1A228D013BFA
:10B9C000D3427FF52BAF638B20E700BF6088002454
:10B9D0006220017066210170B71A01702DE9F04FE5
:10B9E000804685B030B9AF4B8322AF49AF4804F0F1
:10B9F000F5FEFEE74368AE4D2B604389132B40F202
:10BA0000EB80AC4E3168706903F087FB002840F092
:10BA1000E380736903F0F003E02B00F0DD8006F1B2
:10BA2000140306214046009306F11003B8F80820DD
:10BA300001F076FC0446002840F0CE802B689889FF
:10BA400003F0E3FE810A01F0FC01132940F2C480F7
:10BA5000B8F808308B42C0F0BF80A1F11403B8F8E9
:10BA60000A20954F9BB2DFF894A28A423B80CAF825
:10BA7000004065D3914A40461380FEF7C1F82C6818
:10BA8000DFF87CB2208803F0C0FE20802C68DFF84D
:10BA900074A2608803F0B9FE60802C68606803F0CF
:10BAA000B7FE60602C68CBF80000A06803F0B0FE21
:10BAB000834BA0602C681860E08903F0A6FE2B6819
:10BAC000E081988903F0A1FE7E4B00F03F0210F068
:10BAD000030FC1B2B8F808C01A7076D1AAF800C036
:10BAE000794B0027D6F80490D3F800E02B68744611
:10BAF000002C77D1754AD6F810E01068002840F085
:10BB0000C580734AD6F814E014682746002F40F029
:10BB10004081988903F079FE43075DD42B68BAF819
:10BB200000101888DBF8002002905B880A44644902
:10BB30000193684B009304330968706800F0ABBC54
:10BB4000D8F8003033B9574BC2226349574804F044
:10BB500045FEFEE714214046FEF752F8B8F80A40C9
:10BB6000564B4046B7F8009021461C80FEF748F837
:10BB7000A9EB0407D8F80000BFB24389BB422BD31E
:10BB800043683946CAF80030FEF73AF8B8F808308A
:10BB90001C44B8F80A30A4EB0904A4B2A8F8084081
:10BBA00033B1404BDF224D49404804F017FEFEE719
:10BBB000D8F800301B89A3423FF461AF394BE02233
:10BBC00047493A4804F00AFEFEE70CF101039BB234
:10BBD0009C45AAF8003083D9404605B0BDE8F04F37
:10BBE000FEF73CB8227D32B92E4BFB223D492F484F
:10BBF00004F0F4FDFEE70A2A06D12A4BFC223A495A
:10BC00002A4804F0EBFDFEE7012A06D1254BFD2270
:10BC10003649264804F0E2FDFEE7207A28B199F87B
:10BC200030200132D2B290422DD1208B1A8890421E
:10BC300029D1E08A5A88904225D1606832699042C1
:10BC400021D12068726990421DD1E268A24207D1D9
:10BC5000144B40F20D122649144804F0BFFDFEE7D4
:10BC6000002F00F01F81FA607445174AC4F80CE0F9
:10BC7000146040F017810B4B40F215121D490B4820
:10BC800004F0ACFDFEE72746E46831E7027D0A2AAE
:10BC90003AD0044B40F21F121749044804F09EFDAD
:10BCA000FEE700BF6220017018220170B71A017010
:10BCB0005C880024708800245A8800245888002456
:10BCC00048880024418800242888002424880024EF
:10BCD0002C880024808800243022017040220170CA
:10BCE0004C2201706B22017092220170BC22017003
:10BCF000E32201700E230170382301705488002460
:10BD00004C88002442880024047A2CB199F8302011
:10BD10000132D2B294423AD11A88B0F818C0944590
:10BD200035D15A88C78A974231D1426872452ED19F
:10BD30000468726994422AD14B073FF54DAF9D4B81
:10BD40008E071C8814D59C4B1A68436AD11A0029A7
:10BD500013DB018D9B1AD9420FD4984B224498498A
:10BD600000930433CDE9017C096800F087FF33E7D5
:10BD7000CD0742BF934B1B680362002C3FF42CAFEE
:10BD8000438B43F00203438300F0E6FF24E7C068DF
:10BD9000B4E697F808C0BCF1000F05D099F8302040
:10BDA0000132D2B294450BD1B7F816C05A889445E7
:10BDB00006D13A68724500F05283002A00F04F83A2
:10BDC0003846FF68A2E689077FF506AF787DFEF763
:10BDD00081FC814648B9BB69002B3FF4FDAE0146AA
:10BDE0004FF0FF3238699847F6E673692A680360B6
:10BDF00033694360FB8AC3821378527843EA022393
:10BE0000038303230375DBF8003001334362C3620D
:10BE1000FEF7B4FADBF80030C9F85800013BC9F866
:10BE20005000C9F84400C9F854303B69C9F85C00B7
:10BE3000C9F81030C9F87C707B7A03F00C0389F8DC
:10BE400009303B7A89F808305F4B1A68C3F80090D4
:10BE5000C9F80C2001F022FC01225C4B48461A7004
:10BE6000FFF7ECF82B6809F10405B9F83260DB89BB
:10BE70002846A9F86030A9F8623002F0B5FF2A46DA
:10BE800001463046FEF796FA1221A9F832004846DC
:10BE900000F07EFD20B121464846FEF73DFB9BE6C3
:10BEA000484671E700224A4FDFF83CA1494EDFF8CF
:10BEB0003C913A60CAF800203270A9F800200A07C5
:10BEC000FB6048BF98F80D30A7F808C048BF43F0A2
:10BED0000103C7F8048048BF88F80D30A36FDBB1B9
:10BEE0002046FEF769FD0D3004D0A36FA3B1314B9E
:10BEF0001B888BB1638D13B9204600F0F9FE002436
:10BF0000354B78681C60CAF8004010B1FDF7A6FEFA
:10BF10007C6005B0BDE8F08FDFF8D4802E4B98F838
:10BF200000201C6053073AD5217D022917D1244BEC
:10BF3000226D1B689A4229D03378190740F1298273
:10BF4000D4F890301BB16FF00D012069984721465D
:10BF50001D48FEF777FA2046FEF754F9CFE7164A58
:10BF6000636A1268934208D0D11A0029E4DB218D5C
:10BF70009B1AD942E0D4638B18E039B9174B40F2D1
:10BF80003B321749174804F029FCFEE7337843F0A9
:10BF900008033370638B23F001036383CCE79007BE
:10BFA000638B27D5227D023A012A23D943F002036D
:10BFB000F3E700BF428800244C88002480880024D6
:10BFC00048880024348800242888002423880024FA
:10BFD0006088002440880024388800246220017092
:10BFE00065230170B71A01703C880024448800243E
:10BFF00041880024D90620465EBF9E4B1B68236201
:10C000000023A4F89A30FFF719F898F80030217D42
:10C0100013F0020202D0881E01288DD802390729A8
:10C020008AD8DFE811F008009800030107016601D3
:10C0300003017F019F0103F01202122A6BD18E4A85
:10C040001168626C01328A4265D1DBF800306264AB
:10C05000591C2A68013BB4F832806162E162D289DE
:10C0600063650423A4F86020E5182375A4F8622012
:10C07000284602F0B9FE2A4601464046FEF79AF9E4
:10C0800041F21C134200608681009A42154638BF77
:10C090001D46B5EB800F0DD98BB2A4F84830B4F82B
:10C0A00066305BB9754B40F277327549754804F0DC
:10C0B00095FBFEE79A4288BF93B2EEE7013B206F03
:10C0C000A4F86630F8B9E06E38B96C4B40F27F32B4
:10C0D0006D496C4804F082FBFEE70368E366FEF7F7
:10C0E00011F9236F93B94FF6FF732386D4F8883084
:10C0F000002B3FF440AF00222146206998470D30C5
:10C100007FF439AFFBE603682367E8E70023238663
:10C1100084F84230EAE7DA067FF50EAF2B685B4A17
:10C1200018881188DBF80020029020465B880A44BA
:10C1300051490193564B00930433096800F09EFD6A
:10C1400094F84230052B3FF6F7AE002320462386B5
:10C1500000F0C8FFF0E652B1636A4E4A013B126834
:10C1600093427FF4E9AE204600F00EFDE4E6DB06E4
:10C170007FF5E2AE404B1968636CDB43CB4244D49D
:10C18000236D5B1A002B40DB04232375E36F1BB97F
:10C190002046FEF73BFAB2E69B693BB9374B4FF4BA
:10C1A0006E723D49374804F019FBFEE721462069CD
:10C1B000984718B10D303FF4A2AEE9E72046FFF7EB
:10C1C00005F8B9F8003013B1013BA9F80030618ED1
:10C1D00041F21C134A0088009A42154638BF1D469A
:10C1E000B5EB810F0DD983B2A4F8483033789D06A2
:10C1F0007FF5A2AE638B43F00203638307232375AD
:10C200009AE69A4288BF93B2EEE72B681F4A1D88D0
:10C210001088204A126802955B88024420460193E8
:10C220001B4B0093043300F029FD85E62046FEF702
:10C23000CDFFDBE72046FEF7C9FF3378980647D5E8
:10C2400098F80020638BD10643F002033DD50A4ADB
:10C25000216D1268914238D1E26E002A35D1638394
:10C260002046FEF7CCF80D4A13689C421FD1E368C4
:10C2700013601EE034880024488800246220017086
:10C2800085230170B71A01709B2301704288002436
:10C29000808800244C880024AE2301702888002464
:10C2A000DA68944202D1E268DA6002E01346002BB9
:10C2B000F6D17B4B01221A700A232375794B1A6839
:10C2C0001C60E26001F0EAF936E66383082396E732
:10C2D00098F80030DA067FF52FAE734B226D1B689D
:10C2E0009A427FF429AEE36E002B7FF425AE06233D
:10C2F00085E72046FEF76AFF33789B067FF51CAE84
:10C30000638B204643F002036383FEF778F8674AA5
:10C3100013689C42ABD0002BCBD0DA689442C2D0D9
:10C320001346F8E72046FEF751FF98F80030DD0687
:10C330007FF502AE5C4B226D1B689A427FF4FCAD28
:10C34000E36E002B7FF4F8AD2046FEF758F8574A0D
:10C3500013689C428BD0002BABD0DA689442A2D0F9
:10C360001346F8E72046FEF731FF98F80030D8066C
:10C370007FF5E2AD4C4A216D1268337891427FF42B
:10C38000DBADE26E002A7FF4D7AD43F010033370CB
:10C39000D2E5B9F800202AB1D4F88030ABB9002337
:10C3A000A9F800302046FEF793FE00287FF4A7ADE1
:10C3B000DAF800202AB3A36F6BB13D4B4FF4F37250
:10C3C0003C493D4804F00AFAFEE7214620699847B7
:10C3D0000D30E4D193E5638B13F0100303D01046C6
:10C3E000FDF73CFCD4E6D4F8845005B3214620691F
:10C3F000A84710F10D0F3FF482AD10B1DAF800300C
:10C40000A36733789A0605D5A36FABB15A7B42F088
:10C4100020025A730023294A20461360FEF758FE73
:10C4200000287FF46CAD204600F096FC67E52B46B3
:10C430002146FEF7ABFADCE7238D41F2D062D4F857
:10C44000845093421CBF01332385002DE2D000238A
:10C45000214620691A46A8470D30DBD14FE520B1AF
:10C46000FA68C260164AFC60176048073FF5B4AB33
:10C4700011F010043FF4A7AC1888124A1188DBF8B9
:10C480000020029048465B880A44074901930E4BFE
:10C4900000930433096800F00DFCFFF79DBB00BF5B
:10C4A0002388002424880024488800242888002425
:10C4B00062200170CC230170B71A01703888002403
:10C4C0002C8800244288002480880024024A1378A3
:10C4D00043F0100313707047408800242DE9F043A7
:10C4E00085B004460D461646DDF830801F46B8F18B
:10C4F000000F07D1144B40F2A1721449144804F004
:10C500006DF9FEE7D1F804902846009313460A8996
:10C51000062100F005FFA9F810009CB1E37AA47A87
:10C52000062231462846CDF80880CDE900423A4639
:10C5300002F0E2FD04462846FDF790FB204605B0D8
:10C54000BDE8F083FF23EBE7E62301701C240170B4
:10C55000B71A017008B538B9064B40F29E52064929
:10C56000064804F03BF9FEE74368987B013818BFA2
:10C57000012008BDE62301704D240170B71A017037
:10C580002DE9F0470E46904699469DF820A00746B3
:10C5900030B92E4BA6222E492E4804F01FF9FEE793
:10C5A00031B92A4BA7222C492A4804F017F9FEE793
:10C5B0004FEA8A05032003F055FB044605F0040505
:10C5C00030B93046FDF74AFB00242046BDE8F0872D
:10C5D00080F80AA000233289AA42C0E9003606D2B8
:10C5E0001A4BB3221D491B4804F0F8F8FEE7521B12
:10C5F000142102813046FDF7FFFA064618B12046A5
:10C60000FDF780FEE0E76368AD02F88AD3F804A086
:10C6100005F5A045C4F80CA003F0F7F8AAF800004F
:10C62000D4F80CA0388B03F0F0F8E768AAF8020001
:10C63000484603F0EDF8786048EA0500E76803F043
:10C64000E4F8E368B8819E74DE74BEE7E623017007
:10C6500072240170B71A017092240170B324017022
:10C6600014312DE9F04189B20646174622204FF4D5
:10C6700020729846FDF73EFB054650B34389132BC5
:10C6800007D8154B40F227721449154804F0A6F854
:10C69000FEE74468404603F0B8F82080BDF8180073
:10C6A00003F0B3F867606080304603F0B1F8A06033
:10C6B0009DF81C0040F4A04003F0A7F8A081BDF84D
:10C6C000200003F0A2F80023E08123746374A374B4
:10C6D000E3742846BDE8F081E6230170C8240170A8
:10C6E000B71A01701FB5044638B90C4B40F24672B8
:10C6F0000B490C4804F072F8FEE7438D02931023B7
:10C700000193038B0093C38A406AFFF7A9FF18B116
:10C71000628D636A1344E36204B010BDE6230170C6
:10C72000F6240170B71A017008B538B9044B40F20D
:10C730005A720449044804F051F8FEE708BD00BFEE
:10C74000E62301701B250170B71A01701FB50C4656
:10C750003AB9144B40F2C4721349144804F03EF83D
:10C76000FEE73BB90F4B40F2C57211490F4804F088
:10C7700035F8FEE703F04CF814234DF2160102469B
:10C780002046CDE90131BDF81C3000210093BDF8F1
:10C790001830FFF765FF044608B1FFF7C5FF2046D4
:10C7A00004B010BDE623017041250170B71A017075
:10C7B0005B250170F7B5044617461E460D4639B98C
:10C7C000104B40F28A721049104804F007F8FEE757
:10C7D00058B1007A48B100F0E5FE50B92846FDF79F
:10C7E0003DFA6FF0030003B0F0BD304602F0FCFAF2
:10C7F000F3E7009033463A4629462046FFF76EFE9F
:10C80000F1E700BFE623017076250170B71A0170C9
:10C810002DE9F74F0D46064638B9584B40F24E32D7
:10C820005749584803F0DAFFFEE7C46E002C00F0C9
:10C83000A18039B9514B40F256325349514803F067
:10C84000CDFFFEE7B4F808A08A4540F28C80438E05
:10C850008B4207D2494B40F25E324C49494803F0C3
:10C86000BDFFFEE794F80AB0AAEB01014FF4207275
:10C8700036204FEA8B071FFA81F807F0040717FAF2
:10C8800081F189B2FDF736FA8146002872D06068DE
:10C8900022890389D9F804109B1A424639442B4453
:10C8A0009BB2FDF7EBFB404561D1E368988902F04C
:10C8B000ACFF10F00808C7B216BF4FF0080807F029
:10C8C0003F0707F03707FB07E36848BF48F0010858
:10C8D000586848BF07F0FE0702F09AFF42462B183F
:10C8E00049463046CDF800B0FFF74AFE80460028A2
:10C8F00040D06068A5EB0A05FDF7D8FAB6F86630B7
:10C900001FFA85F91B1A6068A6F86630038913FAC6
:10C9100085F5A9B2FDF772FA238938469944E36890
:10C92000A4F808909D8902F070FFE36805436068F1
:10C930009D81FDF7BBFAB6F866301844A6F866008C
:10C94000D8F80400FDF7B2FAB6F866301844236848
:10C95000A6F86600C8F80030C4F80080D8F80030A7
:10C960000BB9A6F86830002003B0BDE8F08F484648
:10C97000FDF774F94FF0FF30F6E700BFE6230170D2
:10C980009F250170B71A0170C1250170E325017060
:10C99000F7B58A0704460D4607D1384B40F21342DB
:10C9A0003749384803F01AFFFEE738B9334B40F2F5
:10C9B00015423549334803F011FFFEE7C1F3400645
:10C9C0004FF420723620B7003946FDF793F901463F
:10C9D00038B9638B4FF0FF3043F08003638303B0BB
:10C9E000F0BD4389BB4207D2244B40F23D42274968
:10C9F000244803F0F3FEFEE700962A46E36D204646
:10CA0000FFF7BEFD0028E4D003893BB11B4B40F289
:10CA100047421F491B4803F0E1FEFEE7E36E23BBDC
:10CA2000E06600234068A4F86830E36D0133E365F5
:10CA3000EB0742BF638B43F020036383FDF736FAB5
:10CA4000B4F86630184480B2A4F866000028C6D056
:10CA5000206F80B9E36E002BC1D1084B40F26942D0
:10CA60000C49084803F0BAFEFEE71A461B68002B83
:10CA7000FBD11060D5E70020B1E700BFE6230170CD
:10CA8000F0250170B71A0170452601706426017007
:10CA90009D260170C7260170F8B5044638B9144BBD
:10CAA00040F2EF321349144803F098FEFEE7C56EDA
:10CAB0004DB12F462D68002DFBD1FB68988902F0FF
:10CAC000A4FE430705D020460121BDE8F840FFF74A
:10CAD0005FBFFB6801209E8902F097FEFB6806435A
:10CAE00028469E81638B43F020036383F8BD00BF1B
:10CAF000E6230170EF260170B71A01702DE9F843A3
:10CB0000044638B91D4B40F267621D491D4803F0C9
:10CB100065FEFEE7D0F87080B8F1000F2AD04646D7
:10CB20003746366838460EBBFFF714FD054608BB8E
:10CB3000E36E3B60638B43F400636383FB68C4E98B
:10CB40001B86586802F064FEFB688046B7F80890C0
:10CB5000988902F05AFE10F00303C844666318BFB8
:10CB600001234344E3642846BDE8F883FFF7F2FC61
:10CB70000028D5D06FF00505F5E700BFE62301706A
:10CB800009270170B71A01702DE9F041044638B940
:10CB90001D4B40F2C5621D491D4803F01FFEFEE714
:10CBA000056F6DB32846FFF7D5FC064640BB2B68E2
:10CBB00004F16C0723673B6893B93B682B603D60C9
:10CBC0002B680BB9A4F8683094F84230FF2B1CBFD7
:10CBD000013384F84230002363633046BDE8F081BE
:10CBE000DB68586802F014FEEB688046586802F073
:10CBF0000FFEA8EB0008B8F1000FDEDA3F68DAE7B5
:10CC00006FF00506E9E700BFE62301702D270170EC
:10CC1000B71A017038B5044638B9154B40F2FD62B9
:10CC20001449154803F0DAFDFEE7036FF3B1438BB7
:10CC30005B071BD4FFF7A8FFC0B9B4F86010B4F8C5
:10CC400048302086994228BF1946638E5D004A10FD
:10CC5000B5EB510F2B4488BF2A461344A4F84A2051
:10CC6000A4F84830638B43F00403638338BD00BFEE
:10CC7000E623017045270170B71A017073B5069E4F
:10CC80001C460546BDF81C3008461146BDF820205C
:10CC9000CDE9003233462246FFF758FD014638B150
:10CCA00033462246284602B0BDE87040FFF782BDF9
:10CCB00002B070BD73B505461C460846069E114677
:10CCC000BDF81C30BDF8202085B1CDE900323346D7
:10CCD0002246FFF73BFD014640B133462246002085
:10CCE000069502B0BDE87040FFF7F8BB02B070BD1A
:10CCF00038B5044638B9154B4FF40362144915484A
:10CD000003F06CFDFEE7006D02F082FD002102469B
:10CD10002046FFF7E7FC054630B9638B6FF0010052
:10CD200043F00303638338BDFFF7FEFC231D224657
:10CD300029462046FFF73EFD638B18B143F00303FD
:10CD40009BB2EFE723F00303FAE700BFE62301708D
:10CD500062270170B71A01702DE9F04F044685B0C3
:10CD600038B9954B40F2E5429449954803F036FDB9
:10CD7000FEE7037D012B07D18F4B40F2E74291493B
:10CD80008F4803F02BFDFEE78F4B1B68984200F0A5
:10CD90008480C56EB0F84880B0F860603DB9438BC0
:10CDA0009D0776D505B0BDE8F04FFFF7A1BF00F1B4
:10CDB0000409007A50B300F0F5FB0746002800F0A4
:10CDC000728123680BB943682360EB68B0455868EB
:10CDD00028BFB04602F01CFD2B89626C9B1A0344ED
:10CDE000984517D2B4F8603043450AD1236F43B950
:10CDF00094F899302BB94FF4807284F89A30A4F8E3
:10CE00009820638B990744D52046CBE7484601F02C
:10CE1000EBFFD2E70023266F84F8993026B1334622
:10CE20003668002EFBD11E46EB68586802F0F0FC15
:10CE3000636CC01A2B891844804525D3EB68988908
:10CE400002F0E3FC420707D55B4B40F23A525F49E0
:10CE50005B4803F0C3FCFEE7236F03B3628B12F061
:10CE6000440F1CD1E36E2BB11968C1B91989638EC7
:10CE7000994214D2B4F864308BB1B4F866300F2BF9
:10CE80000DD812F0A00F0AD1E36E13B90023A4F855
:10CE90006830638B23F080036383002089E0237D67
:10CEA000022B0AD0EB681020B3F80CA002F0ADFC06
:10CEB000EB684AEA000AA3F80CA02846FFF74AFBF1
:10CEC000002840F08980D5F80CA0606A02F0A0FC30
:10CED000CAF80800608DD5F80CA002F096FC628DAF
:10CEE000636AAAF80E001344D5F80CB0E362AB7A7B
:10CEF000DB0737D40BF1140BB4F93030002BBCBF77
:10CF000000232386636B3BB9314AEB681268626386
:10CF1000586802F07DFCA0636868D5F80CA04368EF
:10CF20004289AAEB0303C0F804A09BB2D21A428143
:10CF30000289D21A002392B202818AF810308AF84C
:10CF40001130AB7A13F0010F0CBF14231823534494
:10CF50009B4516D0184B4FF4C4621E49184803F085
:10CF60003DFCFEE74A46394640F2B4500BF1180B3F
:10CF7000FDF720FA40F0017002F04AFC4BF8040C77
:10CF8000BAE723460621CDF8009000F0C9F9062340
:10CF9000AAF810004A46029721460193A37A00930B
:10CFA000E37A686802F0A8F8B0B1638B43F08003BD
:10CFB000638305B0BDE8F08FE6230170822701701E
:10CFC000B71A01709A27017038880024C0270170B1
:10CFD00034880024D72701702B68E366237D022B59
:10CFE0001EBF638B23F003036383EB68586802F072
:10CFF0000FFCEB688246B5F808B0988902F005FC92
:10D0000010F00303DA44226D18BF01235344B5F82E
:10D0100008A0D21A002AB8BF2365EB68988902F0ED
:10D02000F4FB10F0030018BF012010EB0A0F36D0FC
:10D0300000232B60236F13B925672E4617E0EB689A
:10D04000586802F0E5FBF3688246586802F0E0FB9E
:10D05000AAEB000ABAF1000F1FDA04F1700BDBF83B
:10D0600000304BB9DBF800302B60CBF80050E56E98
:10D07000002D7FF4D9AE09E7DB68586802F0C8FBE1
:10D08000EB688246586802F0C3FBAAEB000ABAF1CB
:10D09000000FE7DADBF800B0E1E73560CDE72846BE
:10D0A000FDF730F9E3E76FF0030082E708B538B920
:10D0B000094B40F29C620949094803F08FFBFEE7E7
:10D0C00090F84230FF2B1CBF013380F84230BDE89E
:10D0D0000840FFF741BE00BFE6230170EA27017058
:10D0E000B71A017010B5044638B9084B40F2B16266
:10D0F0000749084803F072FBFEE7FFF7FFFC20B981
:10D100002046BDE81040FFF7D1BF10BDE6230170F7
:10D110000D280170B71A017070B5044638B9104B6C
:10D1200040F66A020F49104803F058FBFEE7006D15
:10D13000013802F06DFB002102462046FFF7D2FACB
:10D14000054648B1FFF7F0FA231D2246294620463E
:10D15000BDE87040FFF72EBB4FF0FF3070BD00BF41
:10D16000E623017029280170B71A01702DE9F041FA
:10D17000064638B92D4B40F695022D492D4803F04F
:10D180002DFBFEE7C56E002D49D090F89A30FF2B9D
:10D190001CBF013380F89A30EB68988902F035FBA8
:10D1A00010F00104EB68304618BF2C895A681CBF88
:10D1B000B4FA84F4640984F00101FFF793FA074696
:10D1C00080B3D0F80480FCB1B8F80C40112002F014
:10D1D0001CFB24F47C54A4B22043A8F80C00EB6898
:10D1E000586802F015FB336D01301B1A002BB8BFD5
:10D1F00030653846FFF798FA331D324639463046D7
:10D20000BDE8F041FFF7D6BA686808F114012A8931
:10D2100003899B1A01229BB2FCF730FFDFE7284607
:10D22000BDE8F0814FF0FF30FAE700BFE623017060
:10D2300044280170B71A017030B510F001044FF0A6
:10D24000000306D0994220DD10F8012B013962F36A
:10D250001F230022012913DC03D1017861F30703A6
:10D260009BB213449AB202EB134398B200EB134003
:10D2700024B10302C0F307209BB2184380B230BD33
:10D2800030F8025B02392A44E4E71A46E9E72DE95F
:10D29000F84316461A68089B0F4605464FF00008EB
:10D2A0001B68190C11FA83F313FA82F303EB124390
:10D2B0009AB202EB13439CB204EB1344D5B9B8F114
:10D2C000000F04D02302C4F307249BB21C4338464A
:10D2D00002F09BFA0546304602F097FA28442044B3
:10D2E00083B203EB104398B200EB1340C04380B20B
:10D2F000BDE8F883B5F80A9068684946FFF79CFFD7
:10D30000204419F0010F84B204EB104406D023022C
:10D31000C4F3072488F001089BB21C432D68CDE7B5
:10D32000FFF7B5BF08B5FFF787FFC04380B208BD60
:10D33000F8B500260546344645B926B12302C4F3A4
:10D3400007249BB21C43E04380B2F8BD6F89686834
:10D350003946FFF771FF0444A3B203EB1444FB0703
:10D3600006D52302C4F3072486F001069BB21C43B2
:10D370002D68E1E76FF00B0070470000014608B52B
:10D3800038B90C4B40F28A320B490C4803F026FAAC
:10D39000FEE790F82D3003F00502052A08D1426817
:10D3A00032B11B0704D50431BDE8084001F030BBA1
:10D3B00008BD00BF672801709B280170B71A017073
:10D3C00073B5436815460A6804460E469A420FD064
:10D3D0002B6001A928460192FDF73AF901A92846D8
:10D3E00002F0A4FE3368012120466360FFF7C6FF08
:10D3F00002B070BD70470000F7B5144E0446002916
:10D4000014BF0D463546002A14BF17463746002B79
:10D4100018BF1E462B68B3B901AA2946FFF7D0FFF3
:10D4200001233A68A1688A42E16818BFA2603268A5
:10D430008A4218BFE26023B901AA29462046FFF7B5
:10D44000BFFF03B0F0BD0023EBE700BF1C3301704A
:10D45000F8B5079E044610B900242046F8BD002EFA
:10D46000FAD00025324FDFF8E8C0C5608584002B74
:10D4700008BF634680F82D50002A08BF6246056247
:10D48000002908BF61464761C0E90155069DC56195
:10D49000284D2F7880F83070089F0761FFF7ACFFA8
:10D4A0002046B0470028D7D194F82C30062B07D956
:10D4B000214B40F287122149214803F08FF9FEE702
:10D4C0002048066894F830304FF48071FF2B04BF79
:10D4D000002384F8303033464BB994F8302026606E
:10D4E000FE2A04601CBF0132D3B22B70B5E7A34201
:10D4F00007D1114B4FF4CF721349114803F06EF965
:10D50000FEE7013907D10C4B4FF4D0720F490C489C
:10D5100003F064F9FEE794F8307093F83020BA42D3
:10D5200003D1013284F83020CCE71B68D4E700BF78
:10D5300075D300708888002467280170BE280170A8
:10D54000B71A017090880024E8280170FC28017047
:10D550001C330170014B1860704700BF8C88002499
:10D5600050B190F82D20D10706D442F001020321DA
:10D5700080F82D20FFF702BF704710B5044678B140
:10D5800090F82D305A070BD443F0040380F82D3067
:10D5900000F036FE20460321BDE81040FFF7EEBE46
:10D5A00010BD0000034658B1064A106800B9704724
:10D5B00090F830200132D2B29A4201D00068F5E7EB
:10D5C000704700BF9088002470B5044608200E46BE
:10D5D000154602F047FB30B9104BBE2210491148E6
:10D5E00003F0FCF8FEE700230F4A44600360136871
:10D5F000C0E902650BB9106070BD5968611A002955
:10D6000001DA0360F7E719461B681BB15A68A21AD2
:10D61000002AF8DA03600860EEE700BF2A290170EB
:10D6200061290170B71A01709C88002470B54368A5
:10D630000446984702F089F8074B054626681868A3
:10D64000224606493044431B002BB8BF7019BDE881
:10D650007040FFF7B9BF00BF988800242DD6007036
:10D6600008B5FDF769FC094B1B6813B9084B1B682B
:10D6700043B102F06AF800220649FA30BDE80840DA
:10D68000FFF7A2BF044A136008BD00BF288800242A
:10D690002488002461D600709488002408B50A4BC1
:10D6A0001A6882B9094A126812B9094A126852B155
:10D6B00001221A6002F049F800220649FA30BDE85A
:10D6C0000840FFF781BF08BD948800242888002403
:10D6D0002488002461D60070B0F1804F70B50446F4
:10D6E0000D46164607D3084B40F229120749084851
:10D6F00003F074F8FEE702F028F832462946204489
:10D70000BDE87040FFF760BF2A2901709E290170B3
:10D71000B71A017038B50C4D4FF47A700B4C2A468D
:10D720002146FFF7D9FF05F1080221464EF6602099
:10D73000FFF7D2FF05F1100221464FF4FA70BDE861
:10D740003840FFF7C9BF00BFFC3201702DD6007012
:10D750002DE9F04101F0F9FF124E0446DFF8548044
:10D760003168D9B14868221A002A09DA001B17D596
:10D770000D4B4FF4BD720D490D4803F02FF8FEE735
:10D780000A68C8F8000008203260D1E9025702F0A8
:10D7900075FA002DE4D03846A847E1E74FF0FF3096
:10D7A000BDE8F0819C8800242A290170D4290170E9
:10D7B000B71A01709888002410B5074C23683BB154
:10D7C00001F0C3FF23685B68181A48BF002010BD32
:10D7D0004FF0FF30FBE700BF9C88002443798B4269
:10D7E0001FBF0023417183710381704703461046B8
:10D7F00030B45C1CFF25A2B2CD5411FA84F100258F
:10D800001446432C0BD9442AC3F1430103F1F1031D
:10D8100088BF0021194430BC89B2FCF7EFBA01344B
:10D8200001F8015BA4B2ECE770B5164D2B7803BB91
:10D83000154C26683EB1154B4FF48A7214491548B1
:10D8400002F0CCFFFEE702F063FC2060B0B1427A48
:10D85000114942F020024272442202F00FFB43229F
:10D860000D49206802F00EFC32460C49206802F097
:10D8700031FC2B78002001332B7070BD4FF0FF304E
:10D88000FBE700BFA4880024A8880024E6290170D3
:10D890001E2A0170B71A01701C33017001DF00707D
:10D8A00013B50446002847D0006A002844D000235E
:10D8B0004382836A5A1C09D01E33B3F5701F3DD2D0
:10D8C0003B2B3ED93C22B3FBF2F38382C36A591C43
:10D8D0000BD01E33B3F5701F35D23B2B36D93C220B
:10D8E000B3FBF2F39BB24381C381036B5A1C0BD091
:10D8F0001E33B3F5701F2BD23B2B2CD93C22B3FB2C
:10D90000F2F39BB283810382838942899A4202D3D4
:10D910000BB100234381C379DB071ED5036A009353
:10D920000A21436A6A460193FFF758FF00F11C0180
:10D9300001AB2046FFF760FD02B010BD4FF6FF734C
:10D94000C3E70123C1E74FF6FF73CBE70123C9E724
:10D950004FF6FF73D5E70123D3E790F91C20037F2F
:10D96000002A06DABF2B4FF6FF7388BF6FF07F43A4
:10D97000D5E7FF23D3E7000010B5841C442C07D95A
:10D98000074B40F2B5520749074802F027FFFEE770
:10D99000130A0B54431CA0B29BB2CA5410BD00BF63
:10D9A000E6290170432A0170B71A017010B59C1C5A
:10D9B00050FA84F4442C07D9074B40F2A15207498E
:10D9C000074802F00BFFFEE70A54421C023092B2F5
:10D9D00080B28B5410BD00BFE62901707E2A017011
:10D9E000B71A0170432808B507D9064B40F2AD526B
:10D9F0000549064802F0F2FEFEE70A54013080B203
:10DA000008BD00BFE6290170C02A0170B71A017075
:10DA100038B5041D442C07D90B4B40F2BE520B49BC
:10DA20000B4802F0DBFEFEE7130E150C0B54431CF3
:10DA30009BB2CD54831C150A9BB2CD54C31CA0B21B
:10DA40009BB2CA5438BD00BFE6290170F52A0170A7
:10DA5000B71A017038B50A4B1C783CB9094B4FF422
:10DA600097720949094802F0B9FEFEE7013CE4B2A9
:10DA70001C7024B9064D286802F030FB2C6038BDBC
:10DA8000A4880024E62901702F2B0170B71A0170B9
:10DA9000A888002438B50023194D0446C0E908338E
:10DAA000EB7813B1174BDB6883622B79E3B1154B2D
:10DAB0001B69E3626B79D3B1124B5B6923630B691A
:10DAC000E361AB79C3B10F4B986901F0A1FEE37933
:10DAD000206243F00103E371EB7923B1094BD8696C
:10DAE00001F096FE606238BDA36A5B08E1E7A36AB5
:10DAF000C3EBC303DB08E1E7E37903F0FE03EAE7E6
:10DB0000AC880024B48800242DE9F8430E469046E2
:10DB10009946054618B900273846BDE8F88300291C
:10DB2000F9D04FF420724FF49A713620FCF7E2F8E6
:10DB300007460028EFD04389B3F59A7F07D22C4BD4
:10DB400040F27B722B492C4802F048FEFEE7B8F108
:10DB5000030F02D17379032B07D1B379274C13B983
:10DB600002F02EFD2060236833607C684FF49A72C7
:10DB70000021204602F092FF01232370637095F884
:10DB80002C30A370306801F043FE4FF4C87360601E
:10DB900023FA08F3DB0706D4B8F1030F05D1737934
:10DBA000043B012B01D86B68E36005F1250304F108
:10DBB0001B022B3513F8011FAB4202F8011FF9D1EC
:10DBC00063236FF07D0284F8F28084F8EC3084F8EF
:10DBD000EF30352384F8ED20532284F8F030012310
:10DBE00084F8EE2084F8F1300323A9F8003093E79D
:10DBF000E6290170532B0170B71A0170A088002428
:10DC00002DE9F0430023046A85B00746062120462B
:10DC1000E3610122FFF7E2FD0DF10E0321463846D4
:10DC2000FFF772FF0546B0B3466802233922BDF8FC
:10DC30000E00F036DFF8AC904FF003083146FFF7E6
:10DC4000B5FEBA8C3146FFF797FE032337223146E3
:10DC5000FFF7ACFEADF80E0008F1FF3819F8012B04
:10DC60003146BDF80E00FFF7BDFE18F0FF08ADF815
:10DC70000E00F1D12A463146FFF7B8FD164B174882
:10DC80002946174ACDE900734323006802F056F98C
:10DC90002846FBF7E3FFA3790020FF2B1CBF0133CD
:10DCA000A371A279052A97BF01234EF66023934002
:10DCB000C3EB431298BF03EB82034FF4FA729CBF8D
:10DCC000DB009BB203F2F3139BB2B3FBF2F32381AD
:10DCD00005B0BDE8F08300BF1C330170A8880024A4
:10DCE00018330170143301702DE9F043046A85B0D4
:10DCF000032107462046FFF771FD0A460DF10E038A
:10DD000021463846FFF700FF0646002843D0456805
:10DD100002233922BDF80E00F035DFF8BC90294609
:10DD2000FFF744FE4FF410722946FFF725FE042347
:10DD300032222946FFF73AFE8046E06901F068FD8D
:10DD40002946024640464FF00308FFF761FE0323D1
:10DD500037222946FFF72AFEADF80E0008F1FF38FA
:10DD600019F8012B2946BDF80E00FFF73BFE18F00D
:10DD7000FF08ADF80E00F1D132462946FFF736FD17
:10DD8000134800974323134A3146006802F05CF9B8
:10DD90003046FBF763FFA379FF2B1CBF0133A37150
:10DDA000A379092B96BFC3EB431242F2107303EB26
:10DDB00082034FF4FA729CBFDB009BB203F2F313B1
:10DDC0009BB2B3FBF2F3238105B0BDE8F08300BF43
:10DDD000A888002418330170143301702DE9F04332
:10DDE000074685B000287FD0046A002C7CD0012132
:10DDF0002046FFF7F3FC03220DF10E0321463846BF
:10DE0000FFF782FE0646002852D0456802233922D9
:10DE1000BDF80E00F035DFF8E4902946FFF7C6FDA7
:10DE2000BA8C2946FFF7A8FD042332222946FFF7C2
:10DE3000BDFD8046E06901F0EBFC29460246404604
:10DE4000FFF7E6FD042336222946FFF7AFFD8046A3
:10DE5000A06901F0DDFC2946024640464FF0030868
:10DE6000FFF7D6FD032337222946FFF79FFDADF8C4
:10DE70000E0008F1FF3819F8012B2946BDF80E00F5
:10DE8000FFF7B0FD18F0FF08ADF80E00F1D13246F3
:10DE90002946FFF7ABFC164B16483146164ACDE92A
:10DEA00000734323006802F049F83046FBF7D6FEC2
:10DEB000A379FF2B1CBF0133A371A279052A97BF59
:10DEC00001234EF660239340C3EB431298BF03EB4C
:10DED00082034FF4FA729CBFDB009BB203F2F31390
:10DEE0009BB2B3FBF2F3238105B0BDE8F08300BF22
:10DEF0001C330170A888002418330170143301709A
:10DF00009E4B2DE9F04F5F68914687B05268D7F875
:10DF100020A0BAF1000F61D09AF80430002B5DD038
:10DF2000B9F80A302B2B59D91378022B56D197F810
:10DF30002C4007F1250102F11B000023DDB2AC42A9
:10DF400001D9062B43D1506801F062FCDAF80030A9
:10DF5000984243D18A4A002313605360B9F80A20DB
:10DF60002B2A3BD9B9F808804FF0F00B00934E46AE
:10DF70005946002E32D07389994235D27368019385
:10DF8000414503D2019B5A5CFF2A35D17C4B1A785C
:10DF9000002A40F0BD80009A002A40F0C1805A78E3
:10DFA000E2B17849D9F804500A79052A40F0CE80C8
:10DFB0009AF8053003F0FD02012A40F0C280386A69
:10DFC0002946FFF767FD3846FFF76AFC06E011F8BF
:10DFD000016F013310F8015FAE42AFD0484607B081
:10DFE000BDE8F04FFBF73ABEC91AA8EB0303366849
:10DFF00089B21FFA83F8BCE78B1C9BB29942EDD81B
:10E00000481C7489A04212DA019C0C4464783B2AB3
:10E0100009D8322A00F2DB80012A0ED0032A11D05F
:10E02000002A00F0D2804FF0FF3500220EE0346865
:10E03000002CECD064682478E9E7042CCED1224689
:10E04000062503E0032CC9D90725042221444FF6F5
:10E05000FD708142C2DC002A43D00021072D0591CA
:10E0600025D9494B40F281624849494802F0B6FB44
:10E07000FEE7042CB2D122460325E7E7012CADD1FF
:10E08000BBF1F00FAAD122460025DFE7012CA5D174
:10E0900022462546DAE7042CA0D122460225D5E700
:10E0A000042CF4E7042C99D122460525CEE7344907
:10E0B000495DB1B905A93046CDE90223FBF7DEFF82
:10E0C000029A82428AD1042A039B1ED105980293A8
:10E0D00001F09EFB029B2A4A01215155294A42F830
:10E0E0002500E11889B273898B423FF649AFC91AFE
:10E0F000A8EB030389B21FFA83F84145BFF46EAF62
:10E100003668002E7FF43AAF68E79DF81400E2E726
:10E110001C4A002112681970012A0DD0022A06D16A
:10E1200000234FF06C084FF02C0B00931FE7032ADD
:10E130007FF431AF012300934FF0EC084FF06C0BEC
:10E1400015E7043B012B3FF649AF38E7062A23D1F8
:10E150009AF80530DA1E022A02D9012B7FF43EAF6D
:10E16000386A0C21FFF73AFB0A4B38461A46194623
:10E17000FFF742F93846FFF743FD2FE77088002488
:10E18000AC880024B4880024E6290170932B017028
:10E19000B71A01701C330170022A7FF41FAF9AF87E
:10E1A0000520062A7FF41AAF9B783C6A002B3FF4C7
:10E1B00015AF009B8868238101F02AFBA0612B69C1
:10E1C0003846E361FFF70AFE08E781B28BE7333A8E
:10E1D000082A3FF628AF01A050F822F073E0007043
:10E1E0007DE000708DE0007097E0007027E0007027
:10E1F00027E0007027E00070A1E00070A5E000704B
:10E20000026A08B5EAB15379052B08D8022B08D861
:10E21000BBB100239371BDE80840FFF7F1BC0A2BA6
:10E2200005D100239371BDE80840FFF75DBD0C2BBD
:10E23000EFD9044B40F2BE320349044802F0CEFA53
:10E24000FEE708BDE6290170A42B0170B71A017022
:10E250002DE9F043046A85B00746052120460322D4
:10E26000FFF7BCFA0DF10E0321463846FFF74CFCD0
:10E270000546002853D0466802233922BDF80E0017
:10E28000F036DFF8A4904FF003083146FFF78EFB1D
:10E29000BA8C3146FFF770FB032337223146FFF774
:10E2A00085FBADF80E0008F1FF3819F8012B314657
:10E2B000BDF80E00FFF796FB18F0FF08ADF80E0052
:10E2C000F1D131462A46FFF791FA164800974323C9
:10E2D00004F118022946006801F0B6FE06462846F9
:10E2E000FBF7BCFCA3793046FF2B1CBF0133A371A5
:10E2F000A379092B96BFC3EB431244F6206303EBCB
:10E3000082034FF4FA729CBF1B019BB203F2F3131A
:10E310009BB2B3FBF2F3238105B0BDE8F0834FF06D
:10E32000FF36DFE7A88800241433017050B1006A7B
:10E3300040B140790A2806D0043801288CBF00205B
:10E340000120C0B270470120FBE700002DE9FF412A
:10E35000046A0646002C4ED06379002B4BD0A3698B
:10E3600003930023C4E90633C4E90833C4E90B333B
:10E37000A362E3812361A382FFF7D8FF014600284F
:10E380003CD019462046FFF729FA07220DF10A036F
:10E3900021463046FFF7B8FB054600B34768042323
:10E3A0003622BDF80A00F0373946FFF7FFFA8046FB
:10E3B000039801F02DFA394602464046FFF728FB44
:10E3C0002A463946FFF712FA0E480096432303AA5D
:10E3D0002946006801F038FE2846FBF73FFC0A4B4F
:10E3E00030461A461946FFF707F823791BB1FFF7A5
:10E3F00031FB0023237104B0BDE8F0812046FFF714
:10E40000EDF9F2E7A88800241C33017070B50546C9
:10E4100000283ED090F82D30DA073AD5838C046A74
:10E42000B3F5107F03D24FF0FF36304670BD0CBB02
:10E43000342001F067FB04460028F4D00023C371A8
:10E440002862E67934220021204606F0020602F016
:10E4500025FBE671FFF7E8F906460028E3D1012322
:10E46000237195F82D305B070AD402212046FFF76F
:10E47000B5F9DAE72379002BE3D0FFF7EBFAE0E711
:10E480002846FFF7BDFB0028CFD02846FFF75EFFE8
:10E49000C9E76FF00F06C8E7584B2DE9F0431D6838
:10E4A00085B015B905B0BDE8F0832C6A7CB16379FD
:10E4B0006BB1A18A69B1628A013292B291426282E1
:10E4C00007D12846FFF742FF2846FFF79FFF2D6838
:10E4D000E7E7228A002A72D0511E012A21826ED1DA
:10E4E000013BDBB2092BF2D840F2192222FA03F3E6
:10E4F000DA07ECD504212046FFF770F903220DF16D
:10E500000E0321462846FFF7FFFA0646B0B34768D8
:10E5100002233922BDF80E00F037DFF8EC904FF0FF
:10E5200000083946FFF742FAAA8C3946FFF724FA69
:10E53000032337223946FFF739FAADF80E0008F108
:10E54000010819F8012B3946BDF80E005FFA88F86A
:10E55000FFF748FAADF80E00B8F1030FEFD13246DD
:10E560003946FFF743F9264800954323254A3146AB
:10E57000006801F069FD3046FBF770FBA379FF2BC3
:10E580001CBF0133A371A379092B96BFC3EB4312C0
:10E5900042F2107303EB82034FF4FA729CBFDB006C
:10E5A0009BB203F2F3139BB2B3FBF2F3628A2381B3
:10E5B000A38A9B1A012B8ADD5B10238287E7E289FD
:10E5C000002A84D0511E012AE18180D1013BDBB2B7
:10E5D000092B3FF67CAF40F2112222FA03F3DB074E
:10E5E0007FF575AF2846FFF733FEA389628A9B1A31
:10E5F000012BC4BF5B10E38169E700BF9088002452
:10E60000A88800241833017014330170234B10B50F
:10E610001C6804B910BD236A23B11A89012A03D9E1
:10E62000013A1A812468F4E7FCD100221A815A7950
:10E63000013A0B2AF6D801A151F822F075E60070D4
:10E6400025E600708FE6007025E6007025E6007074
:10E650006DE6007025E6007025E6007025E6007086
:10E6600025E6007025E600706DE600702046FFF795
:10E67000C7FAD7E79B792046052B02D8FFF7AEFBF8
:10E68000D0E7FFF763FE2046FFF7C0FECAE79B799D
:10E690002046012BEBD8FFF727FBC3E79088002427
:10E6A00070B51826074C05464643A05918B1FBF72C
:10E6B000D5FA0023A351182303FB05440023237537
:10E6C00070BD00BFD88800242DE9F74F4FF00A0C29
:10E6D00001910021064690463B4D89468B46634694
:10E6E0006446E64600910A2B08B295F814A019D1A9
:10E6F000BAF1000F3BD04EB16F683268BA4205D113
:10E70000B8F1000F5AD0AF68474557D0BAF1010FA2
:10E710006F8A27D12A6802B3009A974205D38446AC
:10E72000009702E0BAF1000FE5D1013118350A294E
:10E73000D9D1019A012A44D1092B25DD092C18DCF5
:10E740001823214A6343D358D3B1204B4FF4B772F7
:10E750001F49204802F042F8FEE75F45E5D3BB467B
:10E760008646E2E74F45E0D3B9460446DDE7034677
:10E77000DBE7BEF1090F15DDBCF1090F21DC6446B2
:10E780002046FFF78DFF23460F4A182101FB032087
:10E79000047D4CB10D4B40F285120F490D4802F03B
:10E7A0001DF8FEE77446EBE70EB13468446001FBE8
:10E7B000032218460021C2F80880518203B0BDE848
:10E7C000F08F4FF0FF30F9E7D8880024B82B0170A4
:10E7D000F22B0170B71A0170092C01702DE9F34773
:10E7E000DDF82CA0884691461E46074638B92E4BC8
:10E7F0004FF48C622D492E4801F0F0FFFEE74FF4F4
:10E8000020721C210E20FBF775FA0546002848D01F
:10E8100043891B2B07D8244B40F26B4225492448DF
:10E8200001F0DCFFFEE74468BDF8340000F0EDFFC6
:10E83000E08097F82C30062B07D01B4B40F2724239
:10E840001D491B4801F0CAFFFEE7326829463846D9
:10E85000A260B2880026A281DAF80020C4F8122053
:10E86000BAF80420E2820A9A1268C4F80E200C9AC0
:10E87000126823710423A2610122637140F606032A
:10E88000627008222670A2704246E67000934B46E2
:10E8900000F0C0FD2846FBF7E1F9304602B0BDE8C4
:10E8A000F0874FF0FF30F9E7B82B0170322C017080
:10E8B000B71A0170402C0170712C01702DE9F04FD6
:10E8C000064689B00C46002900F0968045682B88E2
:10E8D000B3F5807F08D12B79062B05D16B79042BFA
:10E8E00002D16B88082B05D0304609B0BDE8F04F47
:10E8F000FBF7B4B9D5F80EB005F108074B68AA6963
:10E90000CDF81CB023B999464FF0000802230AE065
:10E91000A3EB0B01D1F1000949EB01099342F3D1BB
:10E920004FF00108434694F82C20062A07D0344BB8
:10E930004FF4D5723349344801F050FFFEE7059398
:10E94000BBF1000F3FD02146584600F0E6FB82465F
:10E95000C8BB0BF0F00BBBF1E00F34D0059B224697
:10E9600007A81946FFF7B0FE031E2CDB1820274A24
:10E970004FF0020E00FB03F102EB010C8CF814E0E7
:10E980004FF00C0ECCF8084013FB00E3386803EBA3
:10E99000020ED050BB88AEF8043052F801B0ACF88B
:10E9A00012A0BBF1000F0ED04FF4006342F801A09B
:10E9B000204604F12602009359463B4600F02AFD0A
:10E9C0005846FBF74BF9EB88B3F5807F8CD1B8F153
:10E9D000000F89D0B9F1000F86D1022204F126037D
:10E9E0002046039207AA1946CDE90172221D009222
:10E9F0003A46FFF7F3FE77E709B0BDE8F08F00BFB6
:10EA0000B82B0170D12C0170B71A0170D88800247E
:10EA10001FB50246012400F126030432CDE9021499
:10EA20000449009201911946034AFFF7D7FE04B04A
:10EA300010BD00BF203301702633017038B5124C71
:10EA40000025227D6AB1638A01339BB2B3F5967FBC
:10EA5000638203D2012A09D1042B0CD92846FFF77F
:10EA60001FFE013518340A2DEBD138BD032A07D11A
:10EA700004232375F5E7211DA068FFF7C9FFF0E720
:10EA8000042AEED10223F4E7D88800242DE9F043CC
:10EA90000F461825214985B0064605FB02152B7D3A
:10EAA000012B07D81E4B40F2EF221E491E4801F0F1
:10EAB00095FEFEE702EB4202022B00F126094FEA27
:10EAC000C20404F10C0888440AD16B8AB3F58E7F26
:10EAD00012D904342144FFF79BFF08B903232B7597
:10EAE0004FF400634A46394630460093434600F0EF
:10EAF00091FC05B0BDE8F083B3F5877FF0D3012327
:10EB00000434424603930C44084B49460294019353
:10EB1000031D00934B46FFF761FEDEE7D888002413
:10EB2000B82B0170F52C0170B71A017020330170F9
:10EB30002DE9F743064614460F4621B96FF00F0042
:10EB400003B0BDE8F08308680028F7D0314600F034
:10EB5000E4FA0028F2D13B6803F0F003E02BEDD09B
:10EB6000324601213846FFF7AFFD051E01DA28467F
:10EB7000E6E7ABB27E2B07D9394B40F2C2323949B6
:10EB8000394801F02BFEFEE7DFF8E880182303FB8D
:10EB900005831A7D002A52D14FF001099E6083F847
:10EBA000149039463046FFF733FF48B9182303FB6A
:10EBB00005831A7D012A03D1B9F1000F00D15882D3
:10EBC000002CBDD0182303FB0582127D012A10D929
:10EBD000264A05FB03832146304615704FF4006238
:10EBE0000C33009206F1260200F014FCA8E7A146BF
:10EBF000D7E7A5D1224651891389994209D11368D3
:10EC00003BB1174B40F2FA321949174801F0E6FDC3
:10EC1000FEE7137B5B0617D41268002AEBD120466F
:10EC2000FBF74CF9182606FB05F358F8030008B16A
:10EC3000FBF714F86E43002048F8064080E7002CEC
:10EC4000D5D04FF0FF30BDE722464FF420710E20A3
:10EC5000FBF782FA04460028E4D14FF0FF306FE75B
:10EC6000B82B0170252D0170B71A0170D4880024CB
:10EC7000332D0170D8880024F0B50E4685B01546B6
:10EC8000044638B9434B40F21F324349434801F030
:10EC9000A5FDFEE739B93F4B4FF4487240493F4864
:10ECA00001F09CFDFEE73AB93A4B40F221323D4972
:10ECB0003A4801F093FDFEE70146106800F02DFA96
:10ECC000002862D12B6803F0F002E02A1CD1012356
:10ECD000ADF808305E238DF80A306B7803F07F03BF
:10ECE0008DF80B30AB788DF80C30EB788DF80D305B
:10ECF00002AB4FF4006231462046009204F1260236
:10ED000000F088FB05B0F0BD6268A1685A400A4275
:10ED100009D09BB24FF6A962934204D0E368002B5E
:10ED200035D004F10C0520491820204B0A7800FB4F
:10ED30000233187D01280DD99868A0420AD12868AD
:10ED40005B68984206D13146204605B0BDE8F040E8
:10ED5000FFF79CBE154B0022187D012809D9986841
:10ED6000A04206D12F685868874202D1D2B20A70F9
:10ED7000E9E7013218330A2AEED132462946204605
:10ED800005B0BDE8F040FFF7D3BE094BB1E76FF027
:10ED90000300B7E7B82B0170322C0170B71A01706D
:10EDA0005A1B0170B22C0170D4880024D88800242A
:10EDB0002633017008B590F82D30014613F001009C
:10EDC0000AD04B684BB1074A5069834207D000F024
:10EDD000A4F9003818BF012008BD1846FCE701203F
:10EDE000FAE700BF70880024144B0246186830B55B
:10EDF00078B9134B1B685BB193F82D1001F0050136
:10EE0000052905D1596819B112787F2A18BF18460B
:10EE100030BD90F82D10CD070DD54C070BD54368AC
:10EE20004BB11468856863402B42F1D08B0702D444
:10EE3000C3689C42ECD00068DAE700BF90880024E9
:10EE40008C8800242DE9F843D0F8049005460E463E
:10EE500099F800804FEA1813042B05D02846FAF7DA
:10EE6000FDFE0020BDE8F883B9F8020008F00F08A5
:10EE700000F0CBFC2B894FEA88080446834203D973
:10EE800001462846FAF7BAFF6B894345E6D32B893A
:10EE9000A342E3D3B8F1130FE0D941464846FEF749
:10EEA00041FA0028DAD1D9F81030474C636103F0F9
:10EEB000F003D9F80C20E02B22610ED196F82D300A
:10EEC000DB0705D499F80930112B5ED0002719E033
:10EED0007368002BF6D0374614E03046FFF76AFF20
:10EEE00000284FD1237D7F2BECD0384B1F68002F9B
:10EEF000E8D0B74201D13F68F9E73846FFF75AFF3B
:10EF00000028F8D0206948B1314600F006F9002801
:10EF1000A4D1236903F0F003E02B9FD0002F9DD0F4
:10EF2000B9F8063023F0C003002B97D1C4F808903D
:10EF300041462846C4E9007699F8003003F00F03F3
:10EF40009B00A381FAF75CFE99F80930062B30D0BC
:10EF5000112B22D0012B31D03946606900F0DDF849
:10EF600060B9636903F0F003E02B07D041462846FF
:10EF7000FAF76CFE0221284600F0A2F92846FAF7BB
:10EF80006DFE0EE0002EA6D19CE709EB08035B881E
:10EF9000B3F5884F9AD13746C0E73146284600F08E
:10EFA0008FFE0023C4E90033A360A381C4E90433C6
:10EFB00057E731462846FCF711FDF2E7314628466F
:10EFC00000F0C6F8EDE700BF7088002490880024A8
:10EFD0002DE9F04F1646827B85B00546012A9946F9
:10EFE0009DF838B09DF83C80019107D03C4B40F231
:10EFF00076323C493C4801F0F1FBFEE7002E66D03A
:10F000001421FAF7F9FD074620B16FF0010005B0B1
:10F01000BDE8F08F69896C68132907D8304B40F23E
:10F02000AA323249304801F0D9FBFEE784F8089053
:10F03000452084F8098048EA0929316884F801B03C
:10F040004FEA0B2B20704FEA292A4BEA000B080CE1
:10F0500021614AEA092A10FA81F128891FFA8AFAFD
:10F060008B4400F0D2FBB8F1060F81466080A77197
:10F07000E77121D12B89442B1ED8384600F0C5FBFF
:10F08000A080A388019A5B4453444B44EAB9184AD0
:10F09000126813FA82F3E26003EB12439AB202EBB6
:10F0A000134303EB1343DB436381109B3246294632
:10F0B00010985B699847AAE70E4F388800F0A5FBC7
:10F0C0003A88A08001323A80DBE7019AE0E7438981
:10F0D000132B9AD9436803AE1B690393E5E700BF7E
:10F0E0004D2D0170842D0170B71A0170902D0170A3
:10F0F0001C330170C8890024F0B4069C9DF81050A0
:10F100009DF814601AB109B10F6807B9211D049563
:10F11000CDE90564F0BCFFF75BBF431E0246033335
:10F1200012D891F82D3013F0020010D04B689342A2
:10F130000CD0896853400B4208D1CB4322EA01022C
:10F14000D31A584258417047012070470020704739
:10F150002DE9F043DFF8649185B004460F46D9F8F5
:10F16000088098F8005005F00F05AD00132D18D950
:10F170004389032B15D943681B78082B11D1D9F883
:10F18000140000F0F003E02B0BD0D9F80010FFF7CB
:10F19000C4FF30B92389072B03D92046FEF7C8F8EE
:10F1A00028B1204605B0BDE8F043FAF757BD05F198
:10F1B0000E0620463146FAF71FFD002867D0238946
:10F1C000591989B28B42ECD84FF420720E20FAF70D
:10F1D00091FD06460028E4D0428905F108039A42D1
:10F1E00003D23046FAF73AFDDBE741462A4640684B
:10F1F00001F0D9FC29463046FAF702FD30B12A4B1E
:10F20000B6222A492A4801F0E9FAFEE721463046AB
:10F21000FAF72CFF0028E4D120463446FAF71EFD09
:10F2200029462046D4F80480FAF7E6FC0028B8D135
:10F2300066684FF6F772D9F814302946F360D9F8AA
:10F2400010304FF0FF09336188F80000E07330465A
:10F25000B8F8023093428CBF093308339BB2A8F848
:10F2600002304FF0000886F8089086F80A8086F889
:10F270000B80FEF757F80123708142460D49204666
:10F280000297CDE900834B46FFF736FF89E7314609
:10F290002046FAF7B5FC0028C2D0034BC722064926
:10F2A000034801F09BFAFEE7BD2D0170F52D0170BA
:10F2B000B71A017084880024292E017070880024F8
:10F2C0002DE9F043B0F8088087B007460E46B8F144
:10F2D0001C0F4FF420724FF0220028BF4FF01C0883
:10F2E00008F10804A4B22146FAF704FD05460028F7
:10F2F00036D04389A34207D21B4B4FF4B7721B4948
:10F300001B4801F06BFAFEE744680323D7F804902A
:10F3100039466670002642462370267108236671BE
:10F32000A671E671FAF71EFED9F80C3005A8059310
:10F33000FFF75AFD074680B169892046A670E6703E
:10F34000FDF7F0FF0123608005AA314628460297A9
:10F35000CDE90063FF23FFF7CFFE2846FAF77EFCD6
:10F3600007B0BDE8F08300BFBD2D01705A2E0170BB
:10F37000B71A017043890E2B70B504460D461AD991
:10F380004068E37B86891BB991F830300133E37321
:10F390000378D9070AD5012B11D1437833B9837883
:10F3A0005E2B03D1637B43F010036373082E10D0F0
:10F3B000B6F5C16F1DD02046FAF750FC17E00622C3
:10F3C000134901F05BFB0028F0D1637B43F0080395
:10F3D000EBE795F82D301A07EDD50E212046FAF708
:10F3E0000FFC0028E7D129462046FFF72BFD00201F
:10F3F00070BD95F82D301B07DDD50E212046FAF79C
:10F40000FFFB0028D7D129462046FFF757FAEEE741
:10F41000263301702DE9F0410D460446BDF8180071
:10F4200016461F4600F0F1F90E2180462846FAF7ED
:10F43000E3FBE8B96968A1F80C803B680B60BB8806
:10F440008B803368C1F80630B3884B8194F82C3038
:10F45000062B07D0084B4FF49D720849084801F06D
:10F46000BDF9FEE7A36929462046BDE8F0411847EB
:10F470006FF00100BDE8F081862E0170BE2E017094
:10F48000B71A017007B52D4800F016F92C4B1B6810
:10F4900013B12C4A10689847284D2B4EFEF78CF973
:10F4A000431C044613D1284600F007F9002201A9A5
:10F4B000304600F033F9284600F0FEF8019CCCB944
:10F4C000224B9A222249234801F088F9FEE710B91D
:10F4D000FEF73EF9E2E7284600F0EFF8224601A9E0
:10F4E000304600F01BF90446284600F0E5F80134E8
:10F4F000EED0E3E72378012B0FD0022B13D0B3B962
:10F500006068D4E90213984710B16068FAF7A6FB67
:10F510002146072000F0B2FBC0E7D4E9013098474C
:10F5200021460620F6E7D4E901309847B6E7074BB5
:10F53000DD220749074801F051F9FEE7CC89002494
:10F54000D8890024D4890024D0890024EF2E0170AA
:10F55000222F0170B71A01702DE9F041DFF85880B1
:10F5600007460E461546D8F800303BB90F4B4FF40E
:10F5700085720F490F4801F031F9FEE7072000F0CE
:10F5800071FB044668B100230146C5600370C0E901
:10F590000176404600F0B3F828B12146072000F07C
:10F5A0006DFB4FF0FF30BDE8F08100BFEF2E017022
:10F5B000402F0170B71A0170D089002491F82D30C6
:10F5C00013F0180F14BF024A024AFFF7C5BF00BF6D
:10F5D00075F3007045EE0070F8B5114F06460D4604
:10F5E0003B683BB90F4B40F26B120F490F4801F0DB
:10F5F000F5F8FEE7062000F035FB044660B1012374
:10F6000001460370C0E90165384600F078F828B17A
:10F610002146062000F032FB4FF0FF30F8BD00BF5E
:10F62000D0890024EF2E0170402F0170B71A0170AD
:10F6300037B505460C4600F0D7F8144B1021144896
:10F640001D60144B1C6000F04DF838B1124B40F2B5
:10F650009A221249124801F0C1F8FEE7114800F061
:10F6600029F8024638B10C4B40F29E220E490C4854
:10F6700001F0B4F8FEE705230C490D4800934FF460
:10F68000006300F01BF803B030BD00BFD889002430
:10F69000D0890024D4890024EF2E01704D2F0170F1
:10F6A000B71A0170CC890024702F017085F40070A6
:10F6B000912F017000207047704770471FB50446B6
:10F6C000084619460023039303AB0193069B00935E
:10F6D0001346C1F38F022146F7F73BFF039804B0AE
:10F6E00010BD704710B50446002208460421F9F702
:10F6F000B1F82060B0FA80F04009404210BD00230C
:10F7000007B51A460191006801A9F9F701F9013816
:10F7100018BF4FF0FF3003B05DF804FB13B514467B
:10F7200001B901A9002C006814BF22464FF0FF3236
:10F73000F9F798F9012805D1012C204638BF01209E
:10F7400002B010BD4FF0FF30FAE7002070470020F4
:10F750007047704708B5064B186818B103689B6975
:10F76000984710B96FF00B0008BD0020FCE700BF00
:10F77000DC89002410B5044630B9104B1A22104918
:10F78000104801F02BF8FEE747F27343C3850E4B98
:10F7900043610E4B8361062380F82C300C4B1868B4
:10F7A00020B1036804F126015B69984740F2DC53FD
:10F7B0000020A3840E2384F82D3010BD9E2F0170ED
:10F7C000322C0170B71A017079EC007055F7007097
:10F7D000DC890024034B186810B103681B691847C3
:10F7E000704700BFDC89002408B5FFF77AFF00F0FE
:10F7F00011F800F029FAFDF7FDFD00F055FAFAF7CF
:10F80000F5FCBDE80840FDF785BF40BA80B27047FF
:10F8100000BA7047114B0021114A402010B5136007
:10F8200003F580420F4C507022600124D07011709B
:10F83000917014710C4A58700C4819709970D970F5
:10F8400019711360FFF736FF38B1094B40F21222ED
:10F850000849094800F0C2FFFEE710BDF089002406
:10F86000EC890024E8890024E0890024E48900244C
:10F87000DE2F017010300170B71A0170F8B5044620
:10F88000002800F08980454E851F3368AB4205D8BB
:10F89000434F00F10C033A689A4207D2414B40F2C1
:10F8A00072224149414800F099FFFEE74048FFF7C6
:10F8B00003FF14F8023C3BB93A4B40F27F223D492A
:10F8C0003A4800F08BFFFEE7336834F8066C34F8F2
:10F8D000042CB6F5804F11D8B2F5804F0ED8E91A36
:10F8E00089B2914202D09A5A8A4207D19819D7F820
:10F8F00000C060450AD042888A4207D0294B4FF4A5
:10F9000022722D49294800F069FFFEE7002204F821
:10F91000022C2A4A1768AF4288BF15609D4207D261
:10F92000204B4FF4E9722649204800F057FFFEE7CC
:10F93000654507D31B4B40F2D31222491B4800F008
:10F940004DFFFEE785420FD007796FB960450BD0B8
:10F950001768B842985B08BF1560B0F5804F24F86F
:10F96000060C1CBFC018418034F8041C581885428E
:10F970000DD006795EB91668B54208BF106034F83C
:10F98000062CB2F5804F5A521CBF9B18598008486C
:10F99000BDE8F840FFF791BEF8BD00BFEC89002438
:10F9A000E8890024DE2F01702B300170B71A017036
:10F9B000E4890024443001706A300170E089002439
:10F9C0009C300170B33001700B292DE9F0410546E0
:10F9D0000C4604D9B1F5804F02D9002556E00C241D
:10F9E000DFF81C81D8F80030AB4203D83C4A1268DB
:10F9F000AA4207D83B4B4FF431723B493B4800F0D9
:10FA0000EDFEFEE7AE1F35F8067CF61A063FB6B2ED
:10FA1000BF1BBFB2A74207D2324B40F2D7223449B4
:10FA2000324800F0DBFEFEE730D03248FFF744FEFC
:10FA300035F8062CD8F8003003EB020C9CF80410C3
:10FA400039BBB2F5804F07D1264B4FF43A722A49A1
:10FA5000264800F0C3FEFEE79F5AB21D2748224405
:10FA6000046891B213FA82F2644508BF0260002074
:10FA700010715F52568025F8061C5A5AB2F5804F15
:10FA800001D01A4451801B48FFF717FE2846BDE8F5
:10FA9000F08104F1120189B28F42F4D3B11DB2F5A5
:10FAA000804F0C44A4B207D10E4B40F209321249E8
:10FAB0000E4800F093FEFEE71048191907688F42C0
:10FAC00088BF0160002008711A534E8025F8064C4B
:10FAD0001A5BB2F5804F1CBF9B185C80D3E700BF58
:10FAE000E8890024DE2F0170CD300170B71A017053
:10FAF000E4300170E489002404310170E0890024BD
:10FB0000EC8900242DE9F041044620B10B2804D9EA
:10FB1000B0F5804F02D9002063E00C2433486FF029
:10FB20000508FFF7C9FD324E324BC4F5804C3168F1
:10FB300018680A1A92B2624503D32C48FFF7BDFD3C
:10FB4000E9E78518875A95F804E0BEF1000F4AD11D
:10FB5000A8EB02033B44A34245D304F1120C6345D6
:10FB600036D3A31D13449BB2B3F5804F07D1224B6C
:10FB700040F27A322149224800F030FEFEE700EBE5
:10FB8000030C8CF804E0C752ACF8022001222B8051
:10FB90002A71C25AB2F5804F01D002445380A94263
:10FBA000184F05D13B680A79C2B18B4213D133603B
:10FBB00006340E48FFF781FD3B682C44A3420FD268
:10FBC0000D4B4FF46B7210490D4800F007FEFEE735
:10FBD00001232B71E3E709880144E4E73160E7E79B
:10FBE000A81DBDE8F0813A46A5E700BFE4890024DE
:10FBF000E0890024EC890024DE2F017004310170BB
:10FC0000B71A0170E88900241531017010B5044657
:10FC1000FFF79DFDA3681C680CB122681A60FFF70E
:10FC200098FD204610BD30B58168002342684488A5
:10FC30000B609C4200DC30BD0D6801331560058807
:10FC40000A602A44F5E7000038B5054D0B24013C55
:10FC500055F8040BFFF7E7FFA4B2002CF7D138BD2D
:10FC60002C3301700A2804D8034B53F82000FFF707
:10FC7000CDBF0020704700BF2C3301700A2838B573
:10FC80000C460DD861B1074B53F82050FFF75FFDCC
:10FC9000AB681A6822601C60BDE83840FFF759BDA8
:10FCA00038BD00BF2C33017008B500F089FC6FEA45
:10FCB0008040024B6FEA9040188008BD1A00002473
:10FCC0002DE9F04F0F4685B0044630B9624BCF2284
:10FCD0006249634800F082FDFEE731B95E4BD022F5
:10FCE00060495F4800F07AFDFEE74389072B05D89D
:10FCF000204605B0BDE8F04FF9F7B0BF5A4E0025D9
:10FD0000D0F8049031687069FFF707FA8046B9F8B7
:10FD10000000FFF77AFD8246B9F80200FFF775FD93
:10FD2000524B2A460390D3F800E0734633B9002DB6
:10FD300041D17A6873699A423DD0D9E7598A0398CC
:10FD4000814258D193F808C0BCF1000F06D0716809
:10FD500091F830100131C9B28C454CD1D3F800C0B4
:10FD6000B8F1000F41D0BCF1000F08D07169481CF8
:10FD700005D08CEA010BB9681BEA010F3BD1197C55
:10FD800049070ED4002D39D0B8F1000F09D07169A0
:10FD9000013106D179682868884202D0614508BFE0
:10FDA0001D46998A514526D1596811B13069814261
:10FDB00021D12ABB1D46B9F806304BB12C4B11217D
:10FDC00020460093043B2289FDF7AAFA00288FD130
:10FDD00008212046F9F714FFC8B11F4B4FF4B87241
:10FDE00024491F4800F0FAFCFEE7BCF1000FC6D022
:10FDF00071698C45C3D01A46DB6897E71D46D0E78A
:10FE0000D968D160194AC3F80CE01360D2E76DB12C
:10FE1000AE69002E3FF46CAFCDF800A02246164B21
:10FE20002946E869B04705B0BDE8F08FB8F1000F8A
:10FE30007FF45EAF736903F0F003E02B3FF458AF3B
:10FE4000B1892046083109B2F9F700FF03212046A5
:10FE5000FFF736FA4CE700BF45310170773101708A
:10FE6000B71A01708F310170708800249433012417
:10FE700084880024A8310170808800242C4B2DE94F
:10FE8000F041002914BF0F461F4600284DD0294ECF
:10FE90003468214659B982B13D682346002B30D1E0
:10FEA0003B684282036000293CD0002025E081426B
:10FEB00001D0C968EEE70121EDE7DFF87CC04FF41F
:10FEC00080424FF6FF7EBCF800307345254616BFD2
:10FED00001334FF440439BB20DB91A4607E0B5F821
:10FEE000128098450BD1013A92B2002AEDD1ACF8BC
:10FEF0000030002AD4D16FF00700BDE8F081ED6832
:10FF0000EAE783420CD0B3F812C0944508D1D3F885
:10FF100000C0AC45EFD0002DEDD0BCF1000FEAD011
:10FF2000DB68BBE7C4603060BFE76FF00F00E4E759
:10FF30001C330170943301241A0000242DE9F04F82
:10FF400085B00E4690469A460746DDE90EB9002870
:10FF500071D000296FD0002A6DD0B9F1000F6AD09E
:10FF6000BBF1000F67D0428A3AB132894FF6F7737E
:10FF70009A420CD94FF0FF3405E00146FFF77EFFAF
:10FF800004460028F1D0204605B0BDE8F08F0821D6
:10FF90003046F9F731FEC0B14FF42072082122201B
:10FFA000F9F7A8FE05460028E4D0338913B131469D
:10FFB000F9F7CEFF6B89072B09D8204B40F20D32A1
:10FFC0001F49204800F00AFCFEE73546F2E76C685E
:10FFD000788AFFF71AFC20805046FFF716FC0023B2
:10FFE0006080A371E3712889FFF70FFCA0803B7C40
:10FFF000DB070DD42A894B4611212846CDF8008015
:02000004700189
:10000000FDF78EF94FF6FF73002818BF0346E38013
:100010001123CDF808B04246494601932846BB7AE1
:100020000093FB7AFEF7D4FFB5420446ABD02846D6
:10003000F9F714FEA7E76FF00F04A4E7453101704C
:10004000C2310170B71A017073B5069CA0B199B1A5
:1000500092B18CB105681DB105F0F006E02E06D115
:10006000251DCDE90045FFF769FF02B070BD666848
:10007000B54204D10546F4E76FF00F00F5E76FF0E5
:100080000300F2E770B50D4616460446E0B1D9B15B
:10009000428A6AB12B680E4A6360237C116843F080
:1000A0000403A68223740B4643B9E160146007E0A1
:1000B0000146FFF7E3FE0028ECD070BDA34201D15A
:1000C0000020FAE7DB68EFE76FF00F00F5E700BF0D
:1000D0009433012408B1C0E906127047014698B173
:1000E0000A4A1368834204D1C36813600020FFF7F3
:1000F000C5BD002BFAD01A46DB68002BF6D08B4228
:10010000F9D1CB68D360F1E7704700BF9433012485
:1001100010B50020FFF7A6FD044628B120220021DB
:1001200000F0BCFCFF23E372204610BD10B538B1CF
:1001300003682BB121B10B6813B1064B1B6803B9DF
:1001400010BD1C680268944204BF0A681A60DB682C
:10015000F5E700BF943301240B460146184600F032
:100160006DBA00F00FB80268D207034605D4427892
:1001700002B1FFDE01205870704700207047012354
:100180000360704700F066B92DE9F047089D0E4600
:1001900004460F46002B4AD194468C45B2FA82F2AF
:1001A00060D942B1C2F12003974020FA03F30CFA60
:1001B00002FC1F4394404FEA1C4E1FFA8CF6B7FB1B
:1001C000FEF1230C0EFB117743EA074301FB06F017
:1001D00098420AD91CEB030301F1FF3780F0158127
:1001E000984240F21281023963441B1AA4B2B3FB55
:1001F000FEF00EFB103344EA034400FB06F6A64271
:100200000AD91CEB040400F1FF3380F00081A64200
:1002100040F2FD806444023840EA0140A41B002102
:100220001DB1D4400023C5E90043BDE8F0878B42EF
:1002300005D90DB1C5E9000100210846F5E7B3FA7B
:1002400083F1002946D1B34202D3824200F2F58005
:10025000841A66EB030201201746002DE5D0C5E99C
:100260000047E2E7002A40F09380A1EB0C034FEA3D
:100270001C471FFA8CFE0121B3FBF7F607FB163073
:10028000230C43EA00430EFB06F0984208D91CEB0E
:10029000030306F1FF3802D2984200F2D0804646AE
:1002A0001B1AA4B2B3FBF7F007FB103344EA034474
:1002B0000EFB00FEA64508D91CEB040400F1FF3339
:1002C00002D2A64500F2B6801846A4EB0E0440EA1E
:1002D0000640A5E7C1F120078B4022FA07FC4CEA53
:1002E000030C06FA01FE20FA07F426FA07F344EAA3
:1002F0000E0400FA01F84FEA1C404FEA1449B3FB20
:10030000F0FE1FFA8CF600FB1E3349EA03430EFB96
:1003100006F9994502FA01F20BD91CEB03030EF121
:10032000FF3A80F08580994540F28280AEF1020E5E
:100330006344A3EB0909A4B2B9FBF0F300FB1399E2
:1003400044EA094403FB06F6A64208D91CEB040460
:1003500003F1FF3068D2A64266D9023B644443EA07
:100360000E40A41BA0FB02E6B4427346B14652D332
:100370004FD05DB1B8EB030264EB090404FA07F750
:1003800022FA01F31F43CC40C5E9007400214CE779
:10039000C2F1200120FA01F30CFA02FC26FA01F165
:1003A000964033434FEA1C471FFA8CFEB1FBF7F02F
:1003B00007FB1016190C41EA064100FB0EF68E42AF
:1003C00004FA02F408D91CEB010100F1FF382DD228
:1003D0008E422BD902386144891B9BB2B1FBF7F6E0
:1003E00007FB161143EA014306FB0EF1994208D9B7
:1003F0001CEB030306F1FF3814D2994212D9023ED6
:1004000063445B1A46EA004136E73946EDE6184692
:1004100002E7F045ADD2BEEB020366EB0C060138F5
:10042000B146A6E74646ECE7034698E74046D3E7E1
:10043000D6467EE76444023847E708460DE7023EA9
:1004400063442DE7024B0146186800F02DB800BF49
:1004500028000024024B0146186800F0D1BB00BF01
:100460002800002470B50F4E0C463168054611B9BE
:1004700000F050FB30602146284600F04BFB431C47
:1004800003D14FF0FF34204670BDC41C24F0030498
:10049000A042F8D0211A284600F03CFB0130F2D1EE
:1004A000EFE700BF983301242DE9F843CD1C25F078
:1004B000030508350C2D38BF0C25002D064601DB41
:1004C000A94204D90C2333600020BDE8F883DFF88B
:1004D000D48000F069F8D8F800301C4644BB2946A7
:1004E0003046FFF7BFFF431C044658D1D8F8004000
:1004F0002746002F43D1002C4BD023683946304685
:1005000004EB030900F006FB814542D121686D1A16
:1005100029463046FFF7A6FF01303AD023682B4426
:100520002360D8F800305A6862BBC8F800700FE04A
:100530002268521B20D40B2A17D96119A3422560C7
:1005400018BF5960636808BFC8F8001062514B605B
:10055000304600F02FF804F10B00231D20F00700B7
:10056000C21A1CBF1B1AA350AFE76268A3420CBF9C
:10057000C8F800205A60EBE723466468AEE73C46C3
:100580007F68B6E71A465B68A342FBD1002353603D
:10059000DEE70C233360304600F00CF894E705608A
:1005A000D6E700BF9C330124014800F0FABA00BF2F
:1005B000E0340124014800F0F5BA00BFE034012422
:1005C000164B10B51C68236BB3B91820FFF73AFF20
:1005D0000246206320B9124B1248522100F0F2FA71
:1005E0001149124BC0E90013114B83600B23838127
:1005F00000210120C2E90401216B0E480B694C69FE
:100600000D4A584302FB0400A3FB0232013340EBC6
:100610000200C1E9043020F0004010BD2800002491
:10062000F0310170073201700E33CDAB34126DE63C
:10063000ECDE05002DF451582D7F954C10B5044685
:100640000448134620B10A4602202146AFF3008039
:1006500010BD00BF00000000002310B50446C0E933
:100660000033C0E90433836081814366C2818361C2
:10067000194608225C3000F011FA0D4B63620D4BF5
:10068000A3620D4BE3620D4B23630D4B24629C422E
:1006900006D003F16802944202D0D0339C4205D1C7
:1006A00004F15800BDE8104000F07ABA10BD00BF58
:1006B000CD080170EF080170270901704B09017026
:1006C000A0330124024A0349034800F069B800BF7F
:1006D0001C000024391301702C00002441680C4BCD
:1006E000994210B5044601D000F026FEA168094BDE
:1006F000994202D0204600F01FFEE168064B994265
:1007000004D02046BDE8104000F016BE10BD00BF6A
:10071000A0330124083401247034012410B50B4B9C
:100720000B4C0C4A1A60204600220421FFF794FF6C
:1007300004F1680001220921FFF78EFF04F1D000C7
:100740000222BDE810401221FFF786BFD8340124F1
:10075000A0330124C5060170014800F022BA00BF91
:10076000E1340124014800F01DBA00BFE134012446
:1007700010B50446FFF7F0FF236A1BB1BDE8104037
:10078000FFF7F0BF044B2362044B1B68002BF5D12D
:10079000FFF7C4FFF2E700BFDD060170D834012483
:1007A0002DE9F8430746884614460026D4E901950A
:1007B000B9F1010905D52468002CF7D13046BDE810
:1007C000F883AB89012B07D9B5F90E30013303D07B
:1007D00029463846C04706436835E9E70FB407B5F0
:1007E000064904AB086853F8042B8168019300F0B4
:1007F0007BFA03B05DF804EB04B0704728000024D6
:10080000024B01461868826800F032BE28000024BE
:10081000036A70B5846805460E460BB9FFF7A8FF5A
:10082000636EDB0705D4A389980502D4A06D00F0A0
:10083000B8F9A389190702D52369002B35D12146C0
:10084000284600F0C5F880B34FF0FF35636EDA0735
:1008500005D4A3899B0502D4A06D00F0A3F9284616
:1008600070BD002B04DAA2699A4217DC0A2915D060
:1008700023685A1C22601970A36816F8011F013BF7
:10088000A3600029EDD1002B11DA22460A21284667
:1008900000F05FF80130D7D00A25D7E72246284676
:1008A00000F057F80130E7D1CEE7013EE4E72368D6
:1008B0005A1C22600A221A70EEE70000024B014621
:1008C0001868FFF7A5BF00BF2800002410B50C462C
:1008D000B1F90E1000F00CF90028ABBF636DA389CD
:1008E0001B1823F48053ACBF6365A38110BD2DE9B1
:1008F000F0411F468B89DB0505460C46164605D59B
:10090000B1F90E100223002200F0E0F8A389B4F937
:100910000E1023F48053A38132463B462846BDE89F
:10092000F04100F007B910B50C46B1F90E1000F017
:10093000CDF8431CA38915BF606523F4805343F4AD
:100940008053A38118BFA38110BDB1F90E1000F030
:10095000ADB8F8B50E461446054618B1036A0BB992
:10096000FFF706FFA369A360A3891A0701D52369CE
:1009700043B92146284600F02BF818B14FF0FF3755
:100980003846F8BD23682269981A6369F6B2834233
:10099000374605DC2146284600F0CEFC0028EDD184
:1009A000A368013BA36023685A1C22601E70626921
:1009B000431C9A4204D0A389DB07E1D50A2EDFD17C
:1009C0002146284600F0B8FC0028D9D0D6E7000020
:1009D00038B5294B054618680C4618B1036A0BB99F
:1009E000FFF7C6FEB4F90C30190722D4DA0607D493
:1009F00009222A6043F04003A3814FF0FF3033E027
:100A0000580712D5616B41B104F14403994202D0F9
:100A1000284600F0F5F800236363A38923F024033C
:100A2000A3810023636023692360A38943F0080343
:100A3000A38123694BB9A38903F42073B3F5007F25
:100A400003D02146284600F0D7FCB4F90C3013F04F
:100A500001020AD00022A26062695242A2612269A8
:100A600042B913F08000C5D138BD990758BF6269FB
:100A7000A260F4E70020F7E72800002410B5013950
:100A80000244904201D1002005E0037811F8014FA3
:100A9000A34201D0181B10BD0130F2E70244034607
:100AA000934200D1704703F8011BF9E738B5064DB2
:100AB0000023044608462B6000F07CFD431C02D155
:100AC0002B6803B1236038BDDC34012438B5074DF1
:100AD00004460846114600222A601A4600F092FD9C
:100AE000431C02D12B6803B1236038BDDC340124E0
:100AF00038B5074D04460846114600222A601A46BA
:100B000000F088FD431C02D12B6803B1236038BD7F
:100B1000DC34012438B5064D0023044608462B601A
:100B200000F080FD431C02D12B6803B1236038BD67
:100B3000DC34012438B5074D04460846114600222E
:100B40002A601A46EFF7D2FC431C02D12B6803B18E
:100B5000236038BDDC34012470B50D4D0D4C641B91
:100B6000A4100026A64209D10B4D0C4C00F06AFDE2
:100B7000641BA4100026A64205D170BD55F8043BA5
:100B800098470136EEE755F8043B98470136F2E7FF
:100B9000E4330170E4330170E4330170E833017031
:100BA0007047704770470A44914200F1FF3300D10B
:100BB000704710B511F8014B03F8014F9142F9D17C
:100BC00010BD00001FB514461A46094B1B680546A8
:100BD000D8684CB1074B0091CDE9013406492B464A
:100BE00000F0D2FB00F09AFC044B1C46F3E700BF78
:100BF00028000024603201706D320170DE1A01702D
:100C000038B50546002941D051F8043C0C1F002B93
:100C1000B8BFE418FFF7C8FC1D4A136833B9636016
:100C200014602846BDE83840FFF7C4BCA34208D989
:100C3000206821188B4201BF19685B680918216080
:100C4000EDE71A465B680BB1A342FAD91168501858
:100C5000A0420BD120680144501883421160E0D1BA
:100C600018685B68536008441060DAE702D90C2307
:100C70002B60D6E7206821188B4204BF19685B6897
:100C8000636004BF091821605460CAE738BD00BF23
:100C90009C3301249368013B002B10B4936008DA65
:100CA0009469A34201DB0A2903D15DF8044BFFF7E5
:100CB00050BE1368581C1060197008465DF8044B4C
:100CC0007047F8B506460F461446D518AC4201D118
:100CD000002007E014F8011B3A463046FFF7DAFF20
:100CE000431CF3D1F8BD00002DE9F04F0D469DB037
:100CF00014469846064618B1036A0BB9FFF738FD4B
:100D00006B6ED90705D4AB899A0502D4A86DFFF79D
:100D100048FFAB891B0701D52B699BB92946304693
:100D2000FFF756FE70B16B6EDC0704D54FF0FF3055
:100D30001DB0BDE8F08FAB899805F7D4A86DFFF71B
:100D400031FFF3E70023099320238DF82930CDF8F4
:100D50000C803023DFF8AC818DF82A304FF0010988
:100D600023469A4613F8012B0AB1252AF9D1BAEB8A
:100D7000040B0BD05B46224629463046FFF7A1FF05
:100D8000013000F0A780099A5A4409929AF800307D
:100D9000002B00F09F8000234FF0FF32CDE90523A8
:100DA0000AF1010A049307938DF853301A935446BD
:100DB000052214F8011B5348EFF79AFA049AD8B9A0
:100DC000D10644BF20238DF85330130744BF2B2393
:100DD0008DF853309AF800302A2B15D0079A5446D4
:100DE00000204FF00A0C214611F8013B303B092B43
:100DF0004BD9B0B1079214E0A0EB080309FA03F352
:100E000013430493A246D2E7039B191D1B68039169
:100E1000002BBBBF5B4242F0020207930793B8BFAF
:100E2000049223782E2B0AD163782A2B32D1039B8C
:100E30001A1D1B68039243EAE37302340593DFF83B
:100E4000D4A0217803225046EFF752FA38B1049B20
:100E5000A0EB0A004022824013430134049314F8AB
:100E6000011B29488DF828100622EFF741FA0028C7
:100E70003FD0264B1BBB039B073323F007030833EC
:100E80000393099B3B4409936AE70CFB02320C462F
:100E90000120A8E700230134059319464FF00A0CFE
:100EA000204610F8012B303A092A03D9002BC6D06E
:100EB0000591C4E70CFB012104460123F0E703ABD5
:100EC00000932A46124B04A93046AFF30080074630
:100ED000781CD6D16B6ED90705D4AB899A0502D49C
:100EE000A86DFFF75FFEAB895B063FF51FAF099862
:100EF0001EE703AB00932A46054B04A9304600F0D9
:100F000079F8E4E79C320170A6320170000000001D
:100F1000C30C0170A23201702DE9F04716469846C5
:100F20008A680B69DDF820909342B8BF134633609E
:100F300091F8432007460C460AB101333360236819
:100F4000990642BF336802333360256815F0060501
:100F500006D104F1190AE36832689B1AAB4226DC19
:100F600094F843302268003B18BF012392062BD42B
:100F700004F1430241463846C84701301ED0236879
:100F8000226903F00603042B02BFE5683368ED1AFB
:100F9000A3680CBF25EAE57500259342C4BF9B1AE0
:100FA000ED1800261A34B5421AD1002008E00123BA
:100FB000524641463846C847013003D14FF0FF3012
:100FC000BDE8F0870135C6E7E1185A1C302081F8EA
:100FD0004300224494F8451082F843100233C7E7D7
:100FE0000123224641463846C8470130E6D0013643
:100FF000D9E700002DE9FF470F7E0C9E782F914620
:1010000080460C469A4601F1430207D8622F0AD85F
:10101000002F00F0D180582F00F0B88004F1420674
:1010200084F842703AE0A7F16303152BF6D801A1CA
:1010300051F823F08D100170A11001701D10017086
:101040001D1001701D1001701D100170A1100170A4
:101050001D1001701D1001701D1001701D10017018
:101060009F110170CB100170591101701D1001709A
:101070001D100170C11101701D100170CB100170A5
:101080001D1001701D1001706111017033681A1D6F
:101090001B68326004F1420684F8423001239CE070
:1010A00033682068191D3160060601D51D6803E00C
:1010B0004506FBD5B3F90050002D03DA2D236D4210
:1010C00084F8433058480A2311E021683368080641
:1010D00053F8045B02D4490648BFADB26F2F5248A3
:1010E000336014BF0A230823002184F84310666884
:1010F000A660002E05DB21682E4321F0040121604B
:101100004BD01646B5FBF3F103FB1157C75D06F84C
:10111000017D2F46BB420D46F4D9082B0BD1236825
:10112000DF0708D5236961689942DEBF302306F8DE
:10113000013C06F1FF36921B2261CDF800A04B4620
:1011400003AA21464046FFF7E7FE01304AD14FF09F
:10115000FF3004B0BDE8F087236843F0200323602C
:101160003248782784F84570236831681F0651F8A3
:10117000045B02D45F0648BFADB23160D90744BFFB
:1011800043F0200323601DB11023ADE72648E9E7B3
:10119000236823F020032360F6E71646BDE7336893
:1011A00025686169181D30602E061B6801D519601D
:1011B00002E06806FBD51980002323611646BCE7D0
:1011C00033681A1D32601E68626800213046EFF7EE
:1011D0008FF808B1801B606063682361002384F886
:1011E0004330AAE72369324649464046D04701309A
:1011F000ADD023689B0713D4E068039B9842B8BF27
:101200001846A6E70123324649464046D0470130FA
:101210009DD00135E36803995B1AAB42F2DCEBE742
:10122000002504F11906F5E7AD320170BE320170F8
:10123000B1F90C202DE9F041160705460C4654D4AF
:101240004B68002B02DC0B6C002B48DDE66A002E9D
:1012500045D0002312F480522F68216A2B6030D0D1
:10126000626DA389590705D56368D21A636B0BB108
:10127000236CD21A0023E66A216A2846B047431C31
:10128000A38906D129681D292BD82A4ACA40D60726
:1012900027D500226260D9042269226004D5421C4D
:1012A00001D12B6803B96065616B2F60B9B104F19E
:1012B0004403994202D02846FFF7A2FC002363634F
:1012C0000DE001232846B0470246501CC9D12B68C7
:1012D000002BC6D01D2B01D0162B1ED12F60002055
:1012E00022E043F040031BB21BE00F69002FF6D051
:1012F00093070E6808BF4B690F6018BF0023A6EB69
:1013000007088B60B8F1000FE9DD216AA66A434641
:101310003A462846B047002808DCB4F90C3043F0C0
:101320004003A3814FF0FF30BDE8F0810744A8EBF4
:101330000008E7E70100402038B50B6905460C4678
:1013400013B90025284638BD18B1036A0BB9FFF759
:101350000FFAB4F90C30002BF3D0626ED00704D42E
:10136000990502D4A06DFFF71CFC28462146FFF723
:101370005FFF636EDA070546E4D4A3899B05E1D4D9
:10138000A06DFFF70FFCDDE70EB403B5014603AB1C
:10139000054853F8042B00680193FFF7A5FC02B041
:1013A0005DF804EB03B070472800002470B50C46CC
:1013B000B1F90E10002996B015461E460DDAA38924
:1013C00013F0800F4FF0000114BF40234FF48063EF
:1013D000002031602B6016B070BD6A4600F07CF8CA
:1013E0000028ECDB019901F47041A1F5005359424A
:1013F00059414FF48063EBE78B89F7B59D070646AB
:101400000C4607D504F14703236023610123636180
:1014100003B0F0BD01AB6A46FFF7C8FF009F054669
:1014200039463046FFF740F848B9B4F90C309A0510
:10143000EED423F0030343F00203A381E2E7A38980
:10144000206043F08003A381019BC4E904075BB1E2
:10145000B4F90E10304600F051F828B1A38923F0FA
:10146000030343F00103A381A3891D43A581CFE7B3
:1014700070B50D461446064618B1036A0BB9FFF75E
:1014800077F9636ED80705D4A389990502D4A06DB6
:10149000FFF787FBA368013B002BA36005DAA26975
:1014A000934212DBEBB20A2B0FD023685A1C226046
:1014B0001D70EDB2636EDA0705D4A3899B0502D4D3
:1014C000A06DFFF76FFB284670BD294622463046C7
:1014D000FFF73FFA0546EDE738B5074D0023044610
:1014E000084611462B6000F06DF8431C02D12B68B2
:1014F00003B1236038BD00BFDC34012438B5064D8C
:101500000023044608462B6000F06CF8431C02D10F
:101510002B6803B1236038BDDC34012408B50620F4
:1015200000F02CF8012000F08BF81F2938B5054693
:101530000C4604D9162303604FF0FF3038BDC26B50
:1015400012B152F821304BB9284600F031F822464A
:1015500001462846BDE8384000F018B8012B0AD0F3
:10156000591C03D1162303600120E7E7002142F84C
:101570002410204698470020E0E70000024B014677
:101580001868FFF7D2BF00BF2800002438B5074D08
:1015900000230446084611462B6000F02BF8431C3C
:1015A00002D12B6803B1236038BD00BFDC340124B5
:1015B00000F010B8024B58221A604FF0FF3070470D
:1015C000DC340124024B58221A604FF0FF30704780
:1015D000DC340124024B58221A604FF0FF30704770
:1015E000DC340124024B58221A600020704700BFEF
:1015F000DC340124024B58221A604FF0FF30704750
:10160000DC340124024B58221A604FF0FF3070473F
:10161000DC340124024B58221A604FF0FF3070472F
:10162000DC340124044A05491368002B08BF0B462B
:101630001844106018467047E4340124000000206C
:10164000FEE700BFF8B500BFF8BC08BC9E46704777
:0C165000F8B500BFF8BC08BC9E4670470F
:10165C000D0A3D3D3D2045746865726E65744465A8
:10166C0076204170706C69636174696F6E2053747D
:10167C00617274656421203D3D3D0D00426C696EC4
:10168C006B5461736B0000004E65744D616E616745
:10169C00657200006C7749503A2074637069705F12
:1016AC0074687265616420737461727465640D0092
:1016BC004E65744D616E616765723A205374617248
:1016CC0074696E672E2E2E0D000000004E65744D51
:1016DC00616E616765723A2045544820496E6974A1
:1016EC00206661696C6564210D0000004E65744DC7
:1016FC00616E616765723A20504859204944203D1B
:10170C00203078253038580D0A0000004E65744D95
:10171C00616E616765723A2057616974696E672002
:10172C00666F72206C696E6B2E2E2E0D0000000001
:10173C000D0A4E65744D616E616765723A204C6995
:10174C006E6B205550210D000080E11122330000FA
:10175C004554483A20547820256420627974657386
:10176C000D0A00004554483A205478206661696C93
:10177C00656421204572723D3078256C582C2044CC
:10178C004D414572723D3078256C582C2053746154
:10179C0074653D3078256C580D0A00004554483A64
:1017AC0020547820646F6E650D0000004554483A53
:1017BC002052782025642062797465730D0A00002C
:1017CC000D0A2D2D2D205048592052454749535470
:1017DC004552532044554D50202D2D2D0D00000009
:1017EC0052656720253032643A2030782530346CCD
:1017FC00580D0A002D2D2D2D2D2D2D2D2D2D2D2D52
:10180C002D2D2D2D2D2D2D2D2D2D2D2D2D2D0D0049
:10181C002D2D2D204D4143204D4D4320436F756E92
:10182C0074657273202D2D2D0D00000044657363BB
:10183C00302E44455343333A2030782530386C5899
:10184C000D0A00004465736320416464723A2025DC
:10185C00702C204275666620416464723A202570B3
:10186C000D0A00004D414343523A20307825303860
:10187C006C580D0A00000000444D414353523A206D
:10188C0030782530386C580D0A0000004D4D43431C
:10189C00523A2030782530386C580D0A0000000080
:1018AC00527820435243204572726F723A20256C55
:1018BC00750D0A00527820416C69676E6D656E7407
:1018CC00204572726F723A20256C750D0A0000006B
:1018DC00527820476F6F6420556E69636173743A58
:1018EC0020256C750D0A00005278205061636B65E1
:1018FC00747320746F74616C2028476F6F642F426F
:10190C006164293A20256C750D0A00002D2D2D2DB2
:10191C002D2D2D2D2D2D2D2D2D2D2D2D2D2D2D2DEB
:10192C002D2D2D2D0D0000000102030406070809C2
:10193C0049444C4500000000546D722053766300FE
:10194C00546D725100000000000000000000000007
:10195C00000000000000000000000000000000007B
:10196C00000000000000000000000000000000006B
:10197C00000000000000000000000000000000005B
:10198C00000000002106007045060070C1090070BF
:10199C000000000000000000DD0500700106007072
:1019AC00B10A007000000000000000005905007032
:1019BC007D0500706110007081100070A110007026
:1019CC00C11000700000000000000000CD14007079
:1019DC00FD1400701D150070B11B0070991A007079
:1019EC00411D007045180070F91B0070651C0070DB
:1019FC00851D0070000000000000000000000000C9
:101A0C0000000000000000000000000000000000CA
:101A1C0000000000000000000000000000000000BA
:101A2C00000000000000000000000000051F007016
:101A3C003D1F00705D1F0070A91F0070CB1F007050
:101A4C00000000000000000000000000000000008A
:101A5C000000000000000000000000000100020077
:101A6C000400060008000A000C00100020004000D2
:101A7C008000000137000000443A5C7265706F739F
:101A8C005C456D626564646564506978656C5C7610
:101A9C00656E646F725C6C7769705C7372635C63A7
:101AAC006F72655C706275662E630041737365724C
:101ABC0074696F6E2022257322206661696C6564DF
:101ACC00206174206C696E6520256420696E202568
:101ADC00730A00696E76616C696420706275665F6A
:101AEC007479706500706275665F667265653A2020
:101AFC00702D3E726566203E203000696E76616CFA
:101B0C006964207062756620747970650070627506
:101B1C00665F616C6C6F633A206572726F6E656F95
:101B2C007573207479706500706275665F7265619B
:101B3C006C6C6F633A207020213D204E554C4C004C
:101B4C00706275665F7265616C6C6F633A207120B0
:101B5C00213D204E554C4C006D656D5F7472696D66
:101B6C002072657475726E65642072203D3D204E46
:101B7C00554C4C006D656D5F7472696D20726574A7
:101B8C0075726E6564207220213D20710070627543
:101B9C006620726566206F766572666C6F7700439F
:101BAC0072656174696E6720616E20696E66696E1C
:101BBC00697465206C6F6F7000702D3E746F745F6C
:101BCC006C656E203D3D20702D3E6C656E20286F3F
:101BDC0066206C617374207062756620696E206378
:101BEC006861696E29006F66667365745F746F2037
:101BFC003C3D20705F746F2D3E6C656E006F6666A9
:101C0C007365745F66726F6D203C3D20705F667209
:101C1C006F6D2D3E6C656E00706275665F74616BE6
:101C2C00653A20696E76616C696420706275660035
:101C3C00646964206E6F7420636F707920616C6CC2
:101C4C00206461746100706275665F636F707920E7
:101C5C006661696C656400443A5C7265706F735CB4
:101C6C00456D626564646564506978656C5C766525
:101C7C006E646F725C6C7769705C7372635C636FBB
:101C8C0072655C7463702E630070636220213D206A
:101C9C004E554C4C007463705F667265653A204C0F
:101CAC00495354454E007463705F7570646174657C
:101CBC005F7263765F616E6E5F776E643A20696EF9
:101CCC0076616C696420706362006E65775F726325
:101CDC00765F616E6E5F776E64203C3D2030786677
:101CEC0066666600646F6E27742063616C6C20748A
:101CFC0063705F72656376656420666F72206C69D1
:101D0C007374656E2D70636273007463705F7365BA
:101D1C00675F636F70793A20696E76616C696420D5
:101D2C00736567007463705F6E6578745F69737355
:101D3C003A20696E76616C6964207063620074632A
:101D4C00705F6566665F73656E645F6D73735F6EFF
:101D5C00657469663A20696E76616C696420647397
:101D6C00745F6970007463705F7063625F72656D3D
:101D7C006F76653A20696E76616C69642070636277
:101D8C00007463705F7063625F72656D6F76653A45
:101D9C0020696E76616C6964207063626C6973741F
:101DAC0000756E73656E74207365676D656E747304
:101DBC00206C65616B696E6700756E61636B656441
:101DCC00207365676D656E7473206C65616B696EED
:101DDC0067006F6F736571207365676D656E7473E3
:101DEC00206C65616B696E6700646F6E277420638D
:101DFC00616C6C207463705F61626F72742F7463BA
:101E0C00705F6162616E646F6E20666F72206C69C8
:101E1C007374656E2D70636273007463705F6E65AE
:101E2C007469665F69705F616464725F6368616E38
:101E3C006765645F7063626C6973743A20696E766F
:101E4C00616C6964206F6C645F61646472007463BC
:101E5C00705F636C6F73655F73687574646F776EB6
:101E6C003A20696E76616C696420706362007063FD
:101E7C00622D3E666C61677320262054465F525873
:101E8C00434C4F534544007463705F667265655FE5
:101E9C006C697374656E3A20214C495354454E005D
:101EAC007463705F736C6F77746D723A20616374D6
:101EBC00697665207063622D3E73746174652021B0
:101ECC003D20434C4F534544007463705F736C6FFB
:101EDC0077746D723A206163746976652070636201
:101EEC002D3E737461746520213D204C495354453B
:101EFC004E007463705F736C6F77746D723A20610F
:101F0C006374697665207063622D3E7374617465C9
:101F1C0020213D2054494D452D57414954007463AF
:101F2C00705F736C6F7774696D723A207065727341
:101F3C00697374207469636B696E67207769746860
:101F4C0020696E2D666C6967687420646174610029
:101F5C007463705F736C6F7774696D723A2070651F
:101F6C007273697374207469636B696E6720776927
:101F7C00746820656D7074792073656E6420627569
:101F8C0066666572007463705F736C6F77746D72E4
:101F9C003A206D6964646C652074637020213D2067
:101FAC007463705F6163746976655F7063627300FC
:101FBC007463705F736C6F77746D723A20666972BC
:101FCC00737420706362203D3D207463705F6163A5
:101FDC00746976655F70636273007463705F736CB1
:101FEC006F77746D723A2054494D452D57414954C1
:101FFC00207063622D3E7374617465203D3D2054E6
:10200C00494D452D57414954007463705F736C6F93
:10201C0077746D723A206D6964646C6520746370BA
:10202C0020213D207463705F74775F70636273006E
:10203C007463705F736C6F77746D723A206669723B
:10204C00737420706362203D3D207463705F7477FD
:10205C005F7063627300443A5C7265706F735C45C9
:10206C006D626564646564506978656C5C76656EF8
:10207C00646F725C6C7769705C7372635C636F72B3
:10208C00655C7463705F696E2E63007463705F6F60
:10209C006F735F696E736572745F7365676D656E80
:1020AC00743A20696E76616C6964206373656700AD
:1020BC007463705F70617273656F70743A20696ECF
:1020CC0076616C696420706362007063622D3E738C
:1020DC006E645F71756575656C656E203E3D207034
:1020EC006275665F636C656E286E6578742D3E70E4
:1020FC0029007463705F726563656976653A207652
:10210C00616C6964207175657565206C656E6774AA
:10211C0068007463705F726563656976653A2077F1
:10212C00726F6E6720737461746500696E73656796
:10213C002E7020213D204E554C4C00696E73616E03
:10214C0065206F6666736574210070627566207415
:10215C006F6F2073686F727421007463705F7265A7
:10216C0063656976653A207365676D656E74206E7C
:10217C006F74207472696D6D656420636F72726523
:10218C0063746C7920746F207263765F776E640071
:10219C007463705F726563656976653A2073656711
:1021AC006D656E74206E6F74207472696D6D6564EC
:1021BC0020636F72726563746C7920746F206F6F1B
:1021CC00736571207175657565007463705F7265F8
:1021DC0063656976653A207463706C656E203E2089
:1021EC007263765F776E64007463705F72656365AB
:1021FC006976653A206F6F736571207463706C65D6
:10220C006E203E207263765F776E64007463705F3D
:10221C00696E7075743A20696E76616C69642070B1
:10222C0062756600702D3E6E65787420213D204EDF
:10223C00554C4C00702D3E6C656E203D3D203000A1
:10224C00702D3E746F745F6C656E203D3D20702D5B
:10225C003E6E6578742D3E746F745F6C656E0074A1
:10226C0063705F696E7075743A206163746976652A
:10227C00207063622D3E737461746520213D204390
:10228C004C4F534544007463705F696E7075743ABB
:10229C0020616374697665207063622D3E7374618E
:1022AC00746520213D2054494D452D57414954001A
:1022BC007463705F696E7075743A206163746976CB
:1022CC0065207063622D3E737461746520213D201E
:1022DC004C495354454E007463705F696E7075744D
:1022EC003A207063622D3E6E65787420213D20701B
:1022FC00636220286265666F72652063616368653E
:10230C0029007463705F696E7075743A2070636233
:10231C002D3E6E65787420213D207063622028610B
:10232C006674657220636163686529007463705F0D
:10233C00696E7075743A2054494D452D5741495476
:10234C00207063622D3E7374617465203D3D205492
:10235C00494D452D57414954007463705F696E7047
:10236C0075743A207063622D3E737461746520211C
:10237C003D20434C4F534544007063622D3E736EB9
:10238C00645F71756575656C656E203E2030006EFE
:10239C006F207365676D656E7420746F206672654F
:1023AC0065007063622D3E6C697374656E65722D89
:1023BC003E61636365707420213D204E554C4C008A
:1023CC007063622D3E726566757365645F646174DB
:1023DC0061203D3D204E554C4C00443A5C7265707A
:1023EC006F735C456D626564646564506978656C97
:1023FC005C76656E646F725C6C7769705C7372632B
:10240C005C636F72655C7463705F6F75742E6300D0
:10241C007463705F6F75747075745F636F6E7472D4
:10242C006F6C5F7365676D656E745F6E65746966FE
:10243C003A206E6F206E6574696620676976656EEA
:10244C00007463705F6F75747075745F7365676D1E
:10245C00656E745F627573793A20696E76616C692A
:10246C006420736567007463705F63726561746583
:10247C005F7365676D656E743A20696E76616C6921
:10248C006420706362007463705F6372656174656D
:10249C005F7365676D656E743A20696E76616C6901
:1024AC0064207062756600702D3E746F745F6C658D
:1024BC006E203E3D206F70746C656E0063686563C2
:1024CC006B20746861742066697273742070627515
:1024DC00662063616E20686F6C6420737472756320
:1024EC0074207463705F686472007463705F6F75DE
:1024FC00747075745F616C6C6F635F686561646543
:10250C00723A20696E76616C696420706362007443
:10251C0063705F6F75747075745F66696C6C5F6FF8
:10252C007074696F6E733A20696E76616C696420A1
:10253C0070627566007463705F7273743A20696EB2
:10254C0076616C6964206C6F63616C5F6970007498
:10255C0063705F7273743A20696E76616C69642083
:10256C0072656D6F74655F6970007463705F6F7511
:10257C00747075745F636F6E74726F6C5F73656784
:10258C006D656E743A20696E76616C696420706258
:10259C007566007463705F73706C69745F756E73CD
:1025AC00656E745F7365673A20696E76616C6964F9
:1025BC00207063620043616E27742073706C6974C1
:1025CC00207365676D656E7420696E746F206C6521
:1025DC006E67746820300073706C6974203C3D2009
:1025EC006D7373007463705F656E71756575655F8F
:1025FC00666C6167733A206E656564206569746802
:10260C006572205443505F53594E206F72205443CF
:10261C00505F46494E20696E20666C6167732028B6
:10262C0070726F6772616D6D65722076696F6C6127
:10263C007465732041504929007463705F656E7135
:10264C00756575655F666C6167733A20696E766156
:10265C006C696420706362007463705F656E717581
:10266C006575655F666C6167733A20636865636B5B
:10267C002074686174206669727374207062756668
:10268C002063616E20686F6C64206F70746C656E73
:10269C00007463705F656E71756575655F666C61FE
:1026AC0067733A20696E76616C6964207365676D37
:1026BC00656E74206C656E677468007463705F651A
:1026CC006E71756575655F666C6167733A20696ECE
:1026DC0076616C6964207175657565206C656E67D3
:1026EC007468007463705F73656E645F66696E3ADC
:1026FC0020696E76616C696420706362007463702B
:10270C005F7265786D69745F72746F5F70726570FB
:10271C006172653A20696E76616C696420706362DF
:10272C00007463705F7265786D69743A20696E76B7
:10273C00616C696420706362007463705F726578A9
:10274C006D69745F666173743A20696E76616C6949
:10275C006420706362007463705F73656E645F65A0
:10276C006D7074795F61636B3A20696E76616C6928
:10277C006420706362007463705F6F75747075743D
:10278C003A20696E76616C69642070636200646FD4
:10279C006E27742063616C6C207463705F6F75744A
:1027AC0070757420666F72206C697374656E2D7011
:1027BC0063627300525354206E6F74206578706599
:1027CC0063746564206865726521006F7074696F4D
:1027DC006E73206E6F742066696C6C656400746334
:1027EC00705F7265786D69745F72746F5F636F6D23
:1027FC006D69743A20696E76616C696420706362ED
:10280C00007463705F7265786D69745F72746F3A8F
:10281C0020696E76616C6964207063620074637009
:10282C005F6B656570616C6976653A20696E76617F
:10283C006C696420706362007463705F7A65726F98
:10284C005F77696E646F775F70726F62653A20694B
:10285C006E76616C69642070636200443A5C7265E8
:10286C00706F735C456D626564646564506978650E
:10287C006C5C76656E646F725C6C7769705C73729D
:10288C00635C636F72655C6E657469662E63006E63
:10289C00657469665F69737375655F7265706F7275
:1028AC0074733A20696E76616C6964206E65746924
:1028BC0066006E657469662D3E6877616464725F4C
:1028CC006C656E203C3D204E455449465F4D415849
:1028DC005F4857414444525F4C454E006E657469E5
:1028EC006620616C72656164792061646465640062
:1028FC00746F6F206D616E79206E65746966732CD0
:10290C00206D61782E20737570706F727465642001
:10291C006E756D6265722069732032353500443AEC
:10292C005C7265706F735C456D6265646465645060
:10293C006978656C5C76656E646F725C6C776970D7
:10294C005C7372635C636F72655C74696D656F75E3
:10295C0074732E63007379735F74696D656F75742E
:10296C003A2074696D656F757420213D204E554C6D
:10297C004C2C20706F6F6C204D454D505F5359534C
:10298C005F54494D454F555420697320656D7074E3
:10299C00790054696D656F75742074696D65207468
:1029AC006F6F206C6F6E672C206D617820697320BF
:1029BC004C5749505F55494E5433325F4D41582F57
:1029CC0034206D7365637300696E76616C69642085
:1029DC00736C65657074696D6500443A5C72657002
:1029EC006F735C456D626564646564506978656C91
:1029FC005C76656E646F725C6C7769705C73726325
:102A0C005C636F72655C697076345C646863702EAD
:102A1C006300646863705F696E635F7063625F72AA
:102A2C006566636F756E7428293A206D656D6F72DB
:102A3C0079206C65616B00646863705F6F7074699A
:102A4C006F6E5F73686F72743A206F7074696F6E1B
:102A5C00735F6F75745F6C656E202B2032203C3D6C
:102A6C0020444843505F4F5054494F4E535F4C45A0
:102A7C004E00646863705F6F7074696F6E3A206F9C
:102A8C007074696F6E735F6F75745F6C656E202BFD
:102A9C002032202B206F7074696F6E5F6C656E2016
:102AAC003C3D20444843505F4F5054494F4E535F78
:102ABC004C454E00646863705F6F7074696F6E5F35
:102ACC00627974653A206F7074696F6E735F6F759D
:102ADC00745F6C656E203C20444843505F4F5054EB
:102AEC00494F4E535F4C454E00646863705F6F7086
:102AFC0074696F6E5F6C6F6E673A206F7074696F7C
:102B0C006E735F6F75745F6C656E202B2034203C88
:102B1C003D20444843505F4F5054494F4E535F4CF7
:102B2C00454E00646863705F7063625F72656663D4
:102B3C006F756E7428293A20726566636F756E74B2
:102B4C00206572726F7200646863705F6372656196
:102B5C0074655F6D73673A20636865636B20746896
:102B6C00617420666972737420706275662063618B
:102B7C006E20686F6C642073747275637420646863
:102B8C0063705F6D736700636865636B2064656376
:102B9C006F64655F69647800696E76616C69642046
:102BAC00646863702D3E737461746500443A5C72A2
:102BBC0065706F735C456D626564646564506978BB
:102BCC00656C5C76656E646F725C6C7769705C7357
:102BDC0072635C636F72655C697076345C65746893
:102BEC006172702E63006172705F7461626C655B00
:102BFC00695D2E71203D3D204E554C4C006172702C
:102C0C005F7461626C655B695D2E737461746520C1
:102C1C003D3D204554484152505F53544154455F0B
:102C2C00454D505459006E6574696620213D204E07
:102C3C00554C4C00636865636B2074686174206646
:102C4C006972737420706275662063616E20686FA0
:102C5C006C6420737472756374206574686172702F
:102C6C005F686472006E657469662D3E6877616496
:102C7C0064725F6C656E206D757374206265207470
:102C8C0068652073616D65206173204554485F4809
:102C9C0057414444525F4C454E20666F7220657418
:102CAC0068617270210069706164647220213D203A
:102CBC004E554C4C006574685F72657420213D2044
:102CCC004E554C4C006E657469662D3E6877616498
:102CDC0064725F6C656E203D3D204554485F4857DB
:102CEC00414444525F4C454E006172705F746162A6
:102CFC006C655B6172705F6964785D2E737461746E
:102D0C0065203E3D204554484152505F5354415438
:102D1C00455F535441424C450074797065206F7681
:102D2C006572666C6F77006E6F207061636B657493
:102D3C002071756575657320616C6C6F77656421A6
:102D4C0000443A5C7265706F735C456D62656464D7
:102D5C006564506978656C5C76656E646F725C6CEA
:102D6C007769705C7372635C636F72655C697076B3
:102D7C00345C6970342E6300702D3E726566203DA4
:102D8C003D203100636865636B2074686174206654
:102D9C006972737420706275662063616E20686F4F
:102DAC006C64207374727563742069705F686472EC
:102DBC0000443A5C7265706F735C456D6265646467
:102DCC006564506978656C5C76656E646F725C6C7A
:102DDC007769705C7372635C636F72655C69707643
:102DEC00345C69636D702E630069636D705F696E2E
:102DFC007075743A206D6F76696E6720722D3E7017
:102E0C0061796C6F616420746F2069636D702068E8
:102E1C006561646572206661696C65640069636DE7
:102E2C00705F696E7075743A20726573746F726935
:102E3C006E67206F726967696E616C20702D3E70D1
:102E4C0061796C6F6164206661696C6564006368AC
:102E5C0065636B207468617420666972737420708A
:102E6C006275662063616E20686F6C642069636DA7
:102E7C0070206D65737361676500443A5C726570B0
:102E8C006F735C456D626564646564506978656CEC
:102E9C005C76656E646F725C6C7769705C73726380
:102EAC005C6E657469665C65746865726E65742EBB
:102EBC0063006E657469662D3E6877616464725F49
:102ECC006C656E206D757374206265203620666F9C
:102EDC00722065746865726E65745F6F7574707559
:102EEC00742100443A5C7265706F735C456D626569
:102EFC0064646564506978656C5C76656E646F7249
:102F0C005C6C7769705C7372635C6170695C746330
:102F1C007069702E630074637069705F7468726599
:102F2C0061643A20696E76616C6964206D657373B7
:102F3C0061676500496E76616C6964206D626F78BB
:102F4C00006661696C656420746F206372656174DE
:102F5C00652074637069705F746872656164206D5C
:102F6C00626F78006661696C656420746F206372AF
:102F7C0065617465206C6F636B5F74637069705FFF
:102F8C00636F72650074637069705F7468726561F9
:102F9C006400443A5C7265706F735C456D62656485
:102FAC00646564506978656C5C7461726765747390
:102FBC005C73746D333268375C6C7769705F706FFB
:102FCC0072745C65746865726E657469662E637084
:102FDC007000443A5C7265706F735C456D62656439
:102FEC00646564506978656C5C76656E646F725C60
:102FFC006C7769705C7372635C636F72655C6D6532
:10300C006D2E63006661696C656420746F20637259
:10301C0065617465206D656D5F6D75746578006DA7
:10302C00656D5F667265653A20696C6C6567616C8D
:10303C00206D656D6F7279006D656D5F667265658B
:10304C003A20696C6C6567616C206D656D6F727987
:10305C003A20646F75626C652066726565006D65FB
:10306C006D5F667265653A20696C6C6567616C2092
:10307C006D656D6F72793A206E6F6E2D6C696E6B2B
:10308C0065643A20646F75626C65206672656500D4
:10309C00706C75675F686F6C65733A206D656D2039
:1030AC003E3D2072616D00706C75675F686F6C657A
:1030BC00733A206D656D203C2072616D5F656E64A6
:1030CC00006D656D5F7472696D3A206C6567616C3B
:1030DC00206D656D6F7279006D656D5F7472696DD1
:1030EC002063616E206F6E6C7920736872696E6BF1
:1030FC00206D656D6F727900696E76616C69642004
:10310C006E65787420707472006D656D5F6D616CA6
:10311C006C6F633A20616C6C6F6361746564206DD5
:10312C00656D6F7279206E6F742061626F766520A9
:10313C0072616D5F656E642E00443A5C7265706FEF
:10314C00735C456D626564646564506978656C5C3C
:10315C0076656E646F725C6C7769705C7372635CBD
:10316C00636F72655C7564702E63007564705F6963
:10317C006E7075743A20696E76616C696420706249
:10318C007566007564705F696E7075743A20696E4F
:10319C0076616C6964206E65746966007062756630
:1031AC005F72656D6F76655F6865616465722066D8
:1031BC0061696C656400636865636B207468617435
:1031CC0020666972737420706275662063616E206C
:1031DC00686F6C6420737472756374207564705FAF
:1031EC00686472005245454E54206D616C6C6F637F
:1031FC0020737563636565646564002F6461746135
:10320C002F6A656E6B696E732F776F726B7370615B
:10321C0063652F474E552D746F6F6C636861696ED3
:10322C002F61726D2D31332F7372632F6E65776C36
:10323C0069622D63796777696E2F6E65776C696249
:10324C002F6C6962632F7374646C69622F72616E88
:10325C00642E63002C2066756E6374696F6E3A2061
:10326C0000617373657274696F6E2022257322205E
:10327C006661696C65643A2066696C652022257309
:10328C00222C206C696E65202564257325730A0039
:10329C00232D302B2000686C4C0065666745464733
:1032AC0000303132333435363738394142434445B6
:1032BC004600303132333435363738396162636425
:1032CC00656600002C88002430880024288800249F
:1032DC002488002403060C183060780102030405CE
:1032EC000607070707070707FA00000039AF007049
:1032FC00E80300003DEA007060EA000099E4007009
:10330C00F40100000DE6007001031C00FFFFFFFF3D
:10331C0000000000000000000000FFFFFFFFFFFFA7
:10332C00D0330170C4330170B8330170AC33017009
:10333C00A033017094330170883301707C330170B9
:10334C007033017064330170583301701006100033
:10335C0000CA0024FCC9002410001000042B012416
:10336C00002B012410000400082C0124042C01243F
:10337C00100008004C2C0124482C012410000800DB
:10338C00D02C0124CC2C012428000400542D012421
:10339C00502D012410000200F82D0124F42D0124DD
:1033AC00100010001C2E0124182E01241C000800F3
:1033BC00202F01241C2F01249C0005000430012423
:1033CC0000300124200004001433012410330124A4
:0833DC0014CFFE7F0100000088
:0433E400F903007079
:0433E800D10300709D
:1033EC00000000000090D00310000000010000005D
:1033FC00AAAAAAAA6E19000000C000C00000000012
:10340C0003000000A03301242C0000240000000065
:10341C00A03301240834012470340124000000007E
:10342C000000000000000000000000000000000090
:10343C000000000000000000000000000000000080
:10344C000000000000000000000000000000000070
:08345C00000000000000000068
:0400000570000CF586
:00000001FF
